time,V(OUT)
0.000000000000000000e+00,8.295707561963163723e-01
9.999999999999999547e-08,-1.559976159360743249e-02
1.999999999999999909e-07,1.125676793709685757e-02
2.999999999999999864e-07,1.410847074586820717e-02
3.999999999999999819e-07,1.769844721701924473e-01
4.999999999999999774e-07,1.867173073970652131e-01
5.999999999999999728e-07,2.081676060475092793e-01
6.999999999999999683e-07,2.015063611148462663e-01
7.999999999999999638e-07,2.059979826374356560e-01
8.999999999999999593e-07,1.934543410863962809e-01
9.999999999999999547e-07,2.194409696229424056e-01
1.100000000000000056e-06,2.179168790314342241e-01
1.199999999999999946e-06,4.134904604634181968e-01
1.299999999999999835e-06,4.294086181045204675e-01
1.399999999999999937e-06,4.195126401337806454e-01
1.500000000000000038e-06,3.996106130567513848e-01
1.599999999999999928e-06,4.180312617612374493e-01
1.699999999999999817e-06,3.981167609875649882e-01
1.799999999999999919e-06,4.256767545196090685e-01
1.900000000000000020e-06,4.117511113352061991e-01
1.999999999999999909e-06,6.159770645468209960e-01
2.099999999999999799e-06,6.085360568339407417e-01
2.200000000000000112e-06,6.370881200801103983e-01
2.300000000000000002e-06,6.164320577689679226e-01
2.399999999999999891e-06,6.123250826675532554e-01
2.499999999999999781e-06,6.134679967426764913e-01
2.599999999999999671e-06,6.267346377833001858e-01
2.699999999999999984e-06,6.242316609654611215e-01
2.799999999999999873e-06,8.311909891739397427e-01
2.899999999999999763e-06,8.314623150451182498e-01
3.000000000000000076e-06,8.571247140130568987e-01
3.099999999999999966e-06,8.189037747542307066e-01
3.199999999999999855e-06,8.173163590639268561e-01
3.299999999999999745e-06,8.127934090762818364e-01
3.399999999999999634e-06,8.342396913386324053e-01
3.499999999999999947e-06,8.419345843908133675e-01
3.599999999999999837e-06,8.232907881351768653e-01
3.699999999999999727e-06,1.018647652845562135e+00
3.800000000000000040e-06,1.018882781764631318e+00
3.899999999999999929e-06,1.041008891817370552e+00
3.999999999999999819e-06,1.042398812568051669e+00
4.099999999999999709e-06,1.039397314024578023e+00
4.199999999999999598e-06,1.021267354390669624e+00
4.299999999999999488e-06,1.034732419846000839e+00
4.400000000000000224e-06,1.033000287137110895e+00
4.500000000000000114e-06,1.034530328950935107e+00
4.600000000000000004e-06,1.044321431669222866e+00
4.699999999999999893e-06,1.034603933231620143e+00
4.799999999999999783e-06,1.247683703446078152e+00
4.899999999999999672e-06,1.238513686042333140e+00
4.999999999999999562e-06,1.241836790980349603e+00
5.099999999999999452e-06,1.246969323387577822e+00
5.199999999999999341e-06,1.215642662702164811e+00
5.300000000000000078e-06,1.232704931754640354e+00
5.399999999999999967e-06,1.230444410185607795e+00
5.499999999999999857e-06,1.227916832276349623e+00
5.599999999999999747e-06,1.233372866231599474e+00
5.699999999999999636e-06,1.259924119668515807e+00
5.799999999999999526e-06,1.224512533264601188e+00
5.899999999999999415e-06,1.458274175318872157e+00
6.000000000000000152e-06,1.418506953425762829e+00
6.100000000000000042e-06,1.438726724550213332e+00
6.199999999999999931e-06,1.446191295976575031e+00
6.299999999999999821e-06,1.452543334970389122e+00
6.399999999999999710e-06,1.454418398696892600e+00
6.499999999999999600e-06,1.455650208527998757e+00
6.599999999999999490e-06,1.438519123916273346e+00
6.699999999999999379e-06,1.436814723110031444e+00
6.799999999999999269e-06,1.456619638218857204e+00
6.900000000000000005e-06,1.440880435126775660e+00
6.999999999999999895e-06,1.424614705149930938e+00
7.099999999999999785e-06,1.633000691789947778e+00
7.199999999999999674e-06,1.636208215709975766e+00
7.299999999999999564e-06,1.657457411160806471e+00
7.399999999999999453e-06,1.652136386041058280e+00
7.499999999999999343e-06,1.660357280311016481e+00
7.600000000000000080e-06,1.643591210304951922e+00
7.699999999999999122e-06,1.652378095366150657e+00
7.799999999999999859e-06,1.659383855909509986e+00
7.899999999999998901e-06,1.645359801904196395e+00
7.999999999999999638e-06,1.656851628563360990e+00
8.100000000000000375e-06,1.640071110884000039e+00
8.199999999999999417e-06,1.644554192301523887e+00
8.300000000000000154e-06,1.644273931590024995e+00
8.399999999999999196e-06,1.632062405316164311e+00
8.499999999999999933e-06,1.863554587211783575e+00
8.599999999999998976e-06,1.849208964896959184e+00
8.699999999999999712e-06,1.856437411780915259e+00
8.800000000000000449e-06,1.863461199883588604e+00
8.899999999999999491e-06,1.862947967640449010e+00
9.000000000000000228e-06,1.866230776634591804e+00
9.099999999999999271e-06,1.854772717732358522e+00
9.200000000000000007e-06,1.849900525319337685e+00
9.299999999999999050e-06,1.855054226836403863e+00
9.399999999999999786e-06,1.830939983490629475e+00
9.499999999999998829e-06,1.834543312913653690e+00
9.599999999999999566e-06,1.836409505814683873e+00
9.700000000000000302e-06,1.841291297585977649e+00
9.799999999999999345e-06,1.862246613400851514e+00
9.900000000000000081e-06,1.842667814169599128e+00
9.999999999999999124e-06,1.850577561689409123e+00
1.009999999999999986e-05,2.081988424466790999e+00
1.019999999999999890e-05,2.057156040434078736e+00
1.029999999999999964e-05,2.073562733527006152e+00
1.039999999999999868e-05,2.048495734799852031e+00
1.049999999999999942e-05,2.059418436631985649e+00
1.060000000000000016e-05,2.048249669176341214e+00
1.069999999999999920e-05,2.057414503861491717e+00
1.079999999999999993e-05,2.075104622061860749e+00
1.089999999999999898e-05,2.036590193652114689e+00
1.099999999999999971e-05,2.069016354653187673e+00
1.109999999999999876e-05,2.066066034034984344e+00
1.119999999999999949e-05,2.053587750664548128e+00
1.130000000000000023e-05,2.040809132184173258e+00
1.139999999999999927e-05,2.063581942615708265e+00
1.150000000000000001e-05,2.054557609364042747e+00
1.159999999999999905e-05,2.065990143170320703e+00
1.169999999999999979e-05,2.062827782182851788e+00
1.179999999999999883e-05,2.086526683369813728e+00
1.189999999999999957e-05,2.058909665587904669e+00
1.200000000000000030e-05,2.253397537610671630e+00
1.209999999999999935e-05,2.271439134524344539e+00
1.220000000000000008e-05,2.272049950259576345e+00
1.229999999999999913e-05,2.289137813628606466e+00
1.239999999999999986e-05,2.281276668688718701e+00
1.249999999999999890e-05,2.274103065887242536e+00
1.259999999999999964e-05,2.290699543368293067e+00
1.269999999999999868e-05,2.250918554185156850e+00
1.279999999999999942e-05,2.259153727008753609e+00
1.290000000000000016e-05,2.254851360878916910e+00
1.299999999999999920e-05,2.262902852952663135e+00
1.309999999999999994e-05,2.248099707786655355e+00
1.319999999999999898e-05,2.278277264202215768e+00
1.329999999999999972e-05,2.265416659543518119e+00
1.339999999999999876e-05,2.246687905582459788e+00
1.349999999999999949e-05,2.253516313781886549e+00
1.359999999999999854e-05,2.273452707711752563e+00
1.369999999999999927e-05,2.281321898518415381e+00
1.380000000000000001e-05,2.298700963375376549e+00
1.389999999999999905e-05,2.312457936990109708e+00
1.399999999999999979e-05,2.274966141499139560e+00
1.409999999999999883e-05,2.253906928199521875e+00
1.419999999999999957e-05,2.236769305789030327e+00
1.429999999999999861e-05,2.479015671935157261e+00
1.439999999999999935e-05,2.462805883570344800e+00
1.450000000000000009e-05,2.468769641097304568e+00
1.459999999999999913e-05,2.465818548014102607e+00
1.469999999999999986e-05,2.472888136703753847e+00
1.479999999999999891e-05,2.490989703461814475e+00
1.489999999999999964e-05,2.477355728511679622e+00
1.499999999999999869e-05,2.472620477444419151e+00
1.509999999999999942e-05,2.459465193707612407e+00
1.520000000000000016e-05,2.449879755829434291e+00
1.529999999999999920e-05,2.467705381363899608e+00
1.539999999999999824e-05,2.474193261737724914e+00
1.550000000000000068e-05,2.501518948703697731e+00
1.559999999999999972e-05,2.476954117822093071e+00
1.569999999999999876e-05,2.489741092665345601e+00
1.579999999999999780e-05,2.467510566021912322e+00
1.590000000000000023e-05,2.457225843503744400e+00
1.599999999999999928e-05,2.460523248566514276e+00
1.609999999999999832e-05,2.464121609031963533e+00
1.620000000000000075e-05,2.506927045986527158e+00
1.629999999999999979e-05,2.462679199811633968e+00
1.639999999999999883e-05,2.487577338056044862e+00
1.649999999999999788e-05,2.461456092328694112e+00
1.660000000000000031e-05,2.488973595193113120e+00
1.669999999999999935e-05,2.480774264491587555e+00
1.679999999999999839e-05,2.472650431535128313e+00
1.690000000000000082e-05,2.474388562107967982e+00
1.699999999999999987e-05,2.465178184568558972e+00
1.709999999999999891e-05,2.687941083022231226e+00
1.719999999999999795e-05,2.674425247794887994e+00
1.730000000000000038e-05,2.662865913543491114e+00
1.739999999999999942e-05,2.662080936385205820e+00
1.749999999999999847e-05,2.683838818765831746e+00
1.760000000000000090e-05,2.704936368846156292e+00
1.769999999999999994e-05,2.683649874203601460e+00
1.779999999999999898e-05,2.679470425108351872e+00
1.789999999999999803e-05,2.685537392094038189e+00
1.800000000000000046e-05,2.700840026125602478e+00
1.809999999999999950e-05,2.684540737520457743e+00
1.819999999999999854e-05,2.675086091537493882e+00
1.829999999999999758e-05,2.697844330650898126e+00
1.840000000000000001e-05,2.687681346576924035e+00
1.849999999999999906e-05,2.704286339879939938e+00
1.859999999999999810e-05,2.683998516558328440e+00
1.870000000000000053e-05,2.662882964524192264e+00
1.879999999999999957e-05,2.660727612011315024e+00
1.889999999999999862e-05,2.706013918983468436e+00
1.899999999999999766e-05,2.707104985811749298e+00
1.910000000000000009e-05,2.678557211800761007e+00
1.919999999999999913e-05,2.675502190182960316e+00
1.929999999999999817e-05,2.703171664383632766e+00
1.940000000000000060e-05,2.664644314769347488e+00
1.949999999999999965e-05,2.667829094715662652e+00
1.959999999999999869e-05,2.690899901920335680e+00
1.969999999999999773e-05,2.675330923157106078e+00
1.980000000000000016e-05,2.681173171999198690e+00
1.989999999999999921e-05,2.678798356522132273e+00
1.999999999999999825e-05,2.686313618231984002e+00
2.010000000000000068e-05,2.702362227919705706e+00
2.019999999999999972e-05,2.682608773603526231e+00
2.029999999999999876e-05,2.690909081899152788e+00
2.039999999999999781e-05,2.650497418484534684e+00
2.050000000000000024e-05,2.680519223971048248e+00
2.059999999999999928e-05,2.668601545945606723e+00
2.069999999999999832e-05,2.662967804093645530e+00
2.079999999999999736e-05,2.874327714496068609e+00
2.089999999999999980e-05,2.882488148389487748e+00
2.099999999999999884e-05,2.901238538135340050e+00
2.109999999999999788e-05,2.867604109233906406e+00
2.120000000000000031e-05,2.887959472388915927e+00
2.129999999999999935e-05,2.880237458499995906e+00
2.139999999999999840e-05,2.882584903584570313e+00
2.149999999999999744e-05,2.902541367379568804e+00
2.159999999999999987e-05,2.895571731555058648e+00
2.169999999999999891e-05,2.907560971611641065e+00
2.179999999999999795e-05,2.885182414811251039e+00
2.190000000000000039e-05,2.877060860824939059e+00
2.199999999999999943e-05,2.884142117746792078e+00
2.209999999999999847e-05,2.891137451869068009e+00
2.219999999999999751e-05,2.890148600376805543e+00
2.229999999999999994e-05,2.871234178916499236e+00
2.239999999999999899e-05,2.888857346724417852e+00
2.249999999999999803e-05,2.890923424952083209e+00
2.260000000000000046e-05,2.925262110563008555e+00
2.269999999999999950e-05,2.915652669169224609e+00
2.279999999999999854e-05,2.874701349741617395e+00
2.289999999999999759e-05,2.883189249576762148e+00
2.300000000000000002e-05,2.865548369972444664e+00
2.309999999999999906e-05,2.878639394790547534e+00
2.319999999999999810e-05,2.892234075053854880e+00
2.330000000000000053e-05,2.905587804313323197e+00
2.339999999999999958e-05,2.876563742433845494e+00
2.349999999999999862e-05,2.877687803398982780e+00
2.359999999999999766e-05,2.855290664553919999e+00
2.370000000000000009e-05,2.885060011191826312e+00
2.379999999999999913e-05,2.871563783822106419e+00
2.389999999999999818e-05,2.879558408589508733e+00
2.400000000000000061e-05,2.874347088327485977e+00
2.409999999999999965e-05,2.886086061686211401e+00
2.419999999999999869e-05,2.861134074129650262e+00
2.429999999999999774e-05,2.865494321319134841e+00
2.440000000000000017e-05,2.919438706680424378e+00
2.449999999999999921e-05,2.868188661280889118e+00
2.459999999999999825e-05,2.871048216323180302e+00
2.469999999999999729e-05,2.915053702924819579e+00
2.479999999999999972e-05,2.931076007538605754e+00
2.489999999999999877e-05,2.869926500567619776e+00
2.499999999999999781e-05,2.881976265648179325e+00
2.510000000000000024e-05,2.892623333264107366e+00
2.519999999999999928e-05,2.913430464666083797e+00
2.529999999999999833e-05,2.872697143823576216e+00
2.539999999999999737e-05,2.883820832310868276e+00
2.549999999999999980e-05,2.899160063640926044e+00
2.559999999999999884e-05,2.894021491116999023e+00
2.569999999999999788e-05,2.881857658931548105e+00
2.580000000000000031e-05,2.885492655532259310e+00
2.589999999999999936e-05,2.866876562874450141e+00
2.599999999999999840e-05,2.883927393840379771e+00
2.609999999999999744e-05,2.883504187649865269e+00
2.619999999999999987e-05,2.890982548344393610e+00
2.629999999999999892e-05,2.879170091717714541e+00
2.639999999999999796e-05,2.894573077838176633e+00
2.650000000000000039e-05,2.902690737267297205e+00
2.659999999999999943e-05,3.096081439915026934e+00
2.669999999999999847e-05,3.099026346125988152e+00
2.679999999999999752e-05,3.094547330213667902e+00
2.689999999999999995e-05,3.093751265896371283e+00
2.699999999999999899e-05,3.082926629496857363e+00
2.709999999999999803e-05,3.098497413925099586e+00
2.719999999999999708e-05,3.092290701023797439e+00
2.729999999999999951e-05,3.125147524633959062e+00
2.739999999999999855e-05,3.117350323537128709e+00
2.749999999999999759e-05,3.099537698288347354e+00
2.760000000000000002e-05,3.082304141854578461e+00
2.769999999999999906e-05,3.077063827920248684e+00
2.779999999999999811e-05,3.111617144296332960e+00
2.789999999999999715e-05,3.097691238377207057e+00
2.799999999999999958e-05,3.100952151050873962e+00
2.809999999999999862e-05,3.067581210195386987e+00
2.819999999999999767e-05,3.107661577223372884e+00
2.830000000000000010e-05,3.100566305073215290e+00
2.839999999999999914e-05,3.077093539733782634e+00
2.849999999999999818e-05,3.086677127888250549e+00
2.859999999999999722e-05,3.097705758065347759e+00
2.869999999999999965e-05,3.094537001975343760e+00
2.879999999999999870e-05,3.089367432212946518e+00
2.889999999999999774e-05,3.092197675979010629e+00
2.900000000000000017e-05,3.089970339326896909e+00
2.909999999999999921e-05,3.096038437681536859e+00
2.919999999999999826e-05,3.115822379594897384e+00
2.929999999999999730e-05,3.055250123386030747e+00
2.939999999999999973e-05,3.090197246032354794e+00
2.949999999999999877e-05,3.096397686320586651e+00
2.959999999999999781e-05,3.098189909845306289e+00
2.970000000000000024e-05,3.088171281280180480e+00
2.979999999999999929e-05,3.067399173262821410e+00
2.989999999999999833e-05,3.098669932255711856e+00
2.999999999999999737e-05,3.119660253212462653e+00
3.009999999999999980e-05,3.070742078926258056e+00
3.019999999999999885e-05,3.106707420205472747e+00
3.029999999999999789e-05,3.088822121653156394e+00
3.040000000000000032e-05,3.092830134812567078e+00
3.049999999999999936e-05,3.077956522339440948e+00
3.059999999999999840e-05,3.088733157414661701e+00
3.070000000000000083e-05,3.113250668920484188e+00
3.079999999999999649e-05,3.102489828629815705e+00
3.089999999999999892e-05,3.119734674081149350e+00
3.100000000000000135e-05,3.111411178334665184e+00
3.109999999999999700e-05,3.100336300183943461e+00
3.119999999999999944e-05,3.119909017892517067e+00
3.130000000000000187e-05,3.100334897381074484e+00
3.139999999999999752e-05,3.106169822651955847e+00
3.149999999999999995e-05,3.089301435696979237e+00
3.159999999999999561e-05,3.094748187237887915e+00
3.169999999999999804e-05,3.083288642650495959e+00
3.180000000000000047e-05,3.108593759018922764e+00
3.189999999999999612e-05,3.076075445653276841e+00
3.199999999999999855e-05,3.105485255136264833e+00
3.210000000000000098e-05,3.090890234137422699e+00
3.219999999999999664e-05,3.111318706402009582e+00
3.229999999999999907e-05,3.105013034830968799e+00
3.240000000000000150e-05,3.121059692364701821e+00
3.249999999999999715e-05,3.104711620367079483e+00
3.259999999999999958e-05,3.070169396165201459e+00
3.269999999999999524e-05,3.092745702406527020e+00
3.279999999999999767e-05,3.076169892111077608e+00
3.290000000000000010e-05,3.085975802364505860e+00
3.299999999999999575e-05,3.116418426499151018e+00
3.309999999999999818e-05,3.103313007163465365e+00
3.320000000000000062e-05,3.083266043571318615e+00
3.329999999999999627e-05,3.078544239503393953e+00
3.339999999999999870e-05,3.094241731393144068e+00
3.350000000000000113e-05,3.075501597759283001e+00
3.359999999999999679e-05,3.083682895839051419e+00
3.369999999999999922e-05,3.098430142073268723e+00
3.380000000000000165e-05,3.111079680541600556e+00
3.389999999999999730e-05,3.102881422083366481e+00
3.399999999999999973e-05,3.059380657371028711e+00
3.409999999999999539e-05,3.098315500935453937e+00
3.419999999999999782e-05,3.094830503598488658e+00
3.430000000000000025e-05,3.099958354280590189e+00
3.439999999999999590e-05,3.117993145224768003e+00
3.449999999999999833e-05,3.062801425847928805e+00
3.460000000000000076e-05,3.084883448622133262e+00
3.469999999999999642e-05,3.102613594841900468e+00
3.479999999999999885e-05,3.070026084008190992e+00
3.490000000000000128e-05,3.115889235720802564e+00
3.499999999999999693e-05,3.099275349190509843e+00
3.509999999999999936e-05,3.106448759787650893e+00
3.520000000000000180e-05,3.085185845077173195e+00
3.529999999999999745e-05,3.105956455349493162e+00
3.539999999999999988e-05,3.109777073339835773e+00
3.549999999999999553e-05,3.097243170302057536e+00
3.559999999999999797e-05,3.097266013390480577e+00
3.570000000000000040e-05,3.097805148589225954e+00
3.579999999999999605e-05,3.080799821028909147e+00
3.589999999999999848e-05,3.091537069796394643e+00
3.600000000000000091e-05,3.091462162013214776e+00
3.609999999999999657e-05,3.099500907965302421e+00
3.619999999999999900e-05,3.108747363703654454e+00
3.630000000000000143e-05,3.077871958770324046e+00
3.639999999999999708e-05,3.091874864545206325e+00
3.649999999999999951e-05,3.115971833214884690e+00
3.659999999999999517e-05,3.082596176567811597e+00
3.669999999999999760e-05,3.081416249740644986e+00
3.680000000000000003e-05,3.096784592877467990e+00
3.689999999999999568e-05,3.106415777857279625e+00
3.699999999999999811e-05,3.093921390833410001e+00
3.710000000000000054e-05,3.113684408856554953e+00
3.719999999999999620e-05,3.106601909738497813e+00
3.729999999999999863e-05,3.106377301003350855e+00
3.740000000000000106e-05,3.102061747519861523e+00
3.749999999999999671e-05,3.128664796505191248e+00
3.759999999999999915e-05,3.090672574667009176e+00
3.770000000000000158e-05,3.063697165619002405e+00
3.779999999999999723e-05,3.117813815422757262e+00
3.789999999999999966e-05,3.086884508535647775e+00
3.799999999999999532e-05,3.095368206665145561e+00
3.809999999999999775e-05,3.113393260272907970e+00
3.820000000000000018e-05,3.069716106884116336e+00
3.829999999999999583e-05,3.074975291788407894e+00
3.839999999999999826e-05,3.069730830943217192e+00
3.850000000000000069e-05,3.081837955649618710e+00
3.859999999999999635e-05,3.100344549090254809e+00
3.869999999999999878e-05,3.101612817642191544e+00
3.880000000000000121e-05,3.097894112689928203e+00
3.889999999999999686e-05,3.278808511741614140e+00
3.899999999999999929e-05,3.265348448450509977e+00
3.909999999999999495e-05,3.300815303780855636e+00
3.919999999999999738e-05,3.292923359495424585e+00
3.929999999999999981e-05,3.306890786575749086e+00
3.939999999999999546e-05,3.310529304393318828e+00
3.949999999999999789e-05,3.302073621480880128e+00
3.960000000000000033e-05,3.311401996280637583e+00
3.969999999999999598e-05,3.303438170611725955e+00
3.979999999999999841e-05,3.307950970584021988e+00
3.990000000000000084e-05,3.289429901056951433e+00
3.999999999999999650e-05,3.297305828792528093e+00
4.009999999999999893e-05,3.302951641449854314e+00
4.020000000000000136e-05,3.312307927131261209e+00
4.029999999999999701e-05,3.294093882416631036e+00
4.039999999999999944e-05,3.307817508835981357e+00
4.049999999999999510e-05,3.296012418121269327e+00
4.059999999999999753e-05,3.298236867490077717e+00
4.069999999999999996e-05,3.312442785630361097e+00
4.079999999999999561e-05,3.270104094434187481e+00
4.089999999999999804e-05,3.280552915078878584e+00
4.100000000000000047e-05,3.277767219038357549e+00
4.109999999999999613e-05,3.264995758202275056e+00
4.119999999999999856e-05,3.289826033397672322e+00
4.130000000000000099e-05,3.311241508495915919e+00
4.139999999999999664e-05,3.295726739004261052e+00
4.149999999999999907e-05,3.302966851229127698e+00
4.159999999999999473e-05,3.316338262450661656e+00
4.169999999999999716e-05,3.319915291984015138e+00
4.179999999999999959e-05,3.298962930979107533e+00
4.189999999999999525e-05,3.320303788343540674e+00
4.199999999999999768e-05,3.301381899876511650e+00
4.210000000000000011e-05,3.287439026642587692e+00
4.219999999999999576e-05,3.291083994717018957e+00
4.229999999999999819e-05,3.277791952311524426e+00
4.240000000000000062e-05,3.286677992193995035e+00
4.249999999999999628e-05,3.294629749678883446e+00
4.259999999999999871e-05,3.312053775290678903e+00
4.270000000000000114e-05,3.325811547467489415e+00
4.279999999999999679e-05,3.279267277269344305e+00
4.289999999999999922e-05,3.305892412023898608e+00
4.299999999999999488e-05,3.284391840912636695e+00
4.309999999999999731e-05,3.307120456326948066e+00
4.319999999999999974e-05,3.298033700239683785e+00
4.329999999999999539e-05,3.272536412612286671e+00
4.339999999999999782e-05,3.313924454873526937e+00
4.350000000000000026e-05,3.290924989307868920e+00
4.359999999999999591e-05,3.291991496424396590e+00
4.369999999999999834e-05,3.283953713830654486e+00
4.380000000000000077e-05,3.290185750849686563e+00
4.389999999999999643e-05,3.306418356610423714e+00
4.399999999999999886e-05,3.297161334885953643e+00
4.410000000000000129e-05,3.304929930034237184e+00
4.419999999999999694e-05,3.305428827808932546e+00
4.429999999999999937e-05,3.319809924832922476e+00
4.439999999999999503e-05,3.294858207737034306e+00
4.449999999999999746e-05,3.277847132747313985e+00
4.459999999999999989e-05,3.316008336248579713e+00
4.469999999999999554e-05,3.295027677418540968e+00
4.479999999999999797e-05,3.316718886668660549e+00
4.490000000000000040e-05,3.305750656697736822e+00
4.499999999999999606e-05,3.298032937046949442e+00
4.509999999999999849e-05,3.305231638410694117e+00
4.520000000000000092e-05,3.329265188401894449e+00
4.529999999999999657e-05,3.331154707935806147e+00
4.539999999999999900e-05,3.301040717026991533e+00
4.549999999999999466e-05,3.302402858899756044e+00
4.559999999999999709e-05,3.316143602361995679e+00
4.569999999999999952e-05,3.287315084508489527e+00
4.579999999999999517e-05,3.304996055589273674e+00
4.589999999999999761e-05,3.299612057280691957e+00
4.600000000000000004e-05,3.304708623171863202e+00
4.609999999999999569e-05,3.287499467910758533e+00
4.619999999999999812e-05,3.276156487600365264e+00
4.630000000000000055e-05,3.268905248460130419e+00
4.639999999999999621e-05,3.283239238305155627e+00
4.649999999999999864e-05,3.293119870725909948e+00
4.660000000000000107e-05,3.295602126200268600e+00
4.669999999999999672e-05,3.329058467436442736e+00
4.679999999999999915e-05,3.316589900548609471e+00
4.689999999999999481e-05,3.285568633254875248e+00
4.699999999999999724e-05,3.305215626786764282e+00
4.709999999999999967e-05,3.293893826454744822e+00
4.719999999999999532e-05,3.295734542429398228e+00
4.729999999999999775e-05,3.302779884741230632e+00
4.740000000000000018e-05,3.309287566754630650e+00
4.749999999999999584e-05,3.294911122741739806e+00
4.759999999999999827e-05,3.315957772991015240e+00
4.770000000000000070e-05,3.282870926607863726e+00
4.779999999999999635e-05,3.300095085935433659e+00
4.789999999999999879e-05,3.338965105898937136e+00
4.800000000000000122e-05,3.303346196139378854e+00
4.809999999999999687e-05,3.321498217599092584e+00
4.819999999999999930e-05,3.301372802672597917e+00
4.829999999999999496e-05,3.308711656429946579e+00
4.839999999999999739e-05,3.299148252084109334e+00
4.849999999999999982e-05,3.297443886282536596e+00
4.859999999999999547e-05,3.288307764049118731e+00
4.869999999999999790e-05,3.306454520384363160e+00
4.880000000000000033e-05,3.287226942162213117e+00
4.889999999999999599e-05,3.309983778544701050e+00
4.899999999999999842e-05,3.316279305066688554e+00
4.910000000000000085e-05,3.305497971108558364e+00
4.919999999999999650e-05,3.295706268996664523e+00
4.929999999999999893e-05,3.306809483689630458e+00
4.939999999999999459e-05,3.295369904166803643e+00
4.949999999999999702e-05,3.314033206881977112e+00
4.959999999999999945e-05,3.272528908736772824e+00
4.969999999999999510e-05,3.294965889478220333e+00
4.979999999999999753e-05,3.270137820073139689e+00
4.989999999999999997e-05,3.277574087546591741e+00
4.999999999999999562e-05,3.320457933447208632e+00
5.009999999999999805e-05,3.313427774729575059e+00
5.020000000000000048e-05,3.289207796500727810e+00
5.029999999999999614e-05,3.277462448159386366e+00
5.039999999999999857e-05,3.255532067432374888e+00
5.050000000000000100e-05,3.291847567381010364e+00
5.059999999999999665e-05,3.336306225183710783e+00
5.069999999999999908e-05,3.306523264071954404e+00
5.079999999999999474e-05,3.291606415709257494e+00
5.089999999999999717e-05,3.306976203142504289e+00
5.099999999999999960e-05,3.276585624705083077e+00
5.109999999999999525e-05,3.295540149559535337e+00
5.119999999999999768e-05,3.301492162095235994e+00
5.130000000000000011e-05,3.298708490222684198e+00
5.139999999999999577e-05,3.311862091825350962e+00
5.149999999999999820e-05,3.305169678393540700e+00
5.160000000000000063e-05,3.310024890271619835e+00
5.169999999999999628e-05,3.289674415766538296e+00
5.179999999999999871e-05,3.313467231126157930e+00
5.189999999999999437e-05,3.324434054214359779e+00
5.199999999999999680e-05,3.285447757205228747e+00
5.209999999999999923e-05,3.286684565164281313e+00
5.219999999999999488e-05,3.320036765044803495e+00
5.229999999999999732e-05,3.297129840199573891e+00
5.239999999999999975e-05,3.321057320880998365e+00
5.249999999999999540e-05,3.293361964321617208e+00
5.259999999999999783e-05,3.321825683644060501e+00
5.270000000000000026e-05,3.301972287252081806e+00
5.279999999999999592e-05,3.303873432349840211e+00
5.289999999999999835e-05,3.323470770325048562e+00
5.300000000000000078e-05,3.294573442838337307e+00
5.309999999999999643e-05,3.285883168561125611e+00
5.319999999999999886e-05,3.293271536879574413e+00
5.329999999999999452e-05,3.306785009259646912e+00
5.339999999999999695e-05,3.276513613917292123e+00
5.349999999999999938e-05,3.309562063539766452e+00
5.359999999999999503e-05,3.291918430235733606e+00
5.369999999999999746e-05,3.317217189911003228e+00
5.379999999999999989e-05,3.264086095426492751e+00
5.389999999999999555e-05,3.288201513373437468e+00
5.399999999999999798e-05,3.274702977731488218e+00
5.410000000000000041e-05,3.287606558004540602e+00
5.419999999999999607e-05,3.303714988516634143e+00
5.429999999999999850e-05,3.297311600618253458e+00
5.439999999999999415e-05,3.296199336465779783e+00
5.449999999999999658e-05,3.297612226929298895e+00
5.459999999999999901e-05,3.303050823609298803e+00
5.469999999999999467e-05,3.284871959370853300e+00
5.479999999999999710e-05,3.310602744613485804e+00
5.489999999999999953e-05,3.309939989555782169e+00
5.499999999999999518e-05,3.305775569064841157e+00
5.509999999999999761e-05,3.308348001641268965e+00
5.520000000000000004e-05,3.304446270012129538e+00
5.529999999999999570e-05,3.330526099540966012e+00
5.539999999999999813e-05,3.298693587434212038e+00
5.550000000000000056e-05,3.295393751724981168e+00
5.559999999999999621e-05,3.288697086294638972e+00
5.569999999999999864e-05,3.284516059941332333e+00
5.579999999999999430e-05,3.281332923185983574e+00
5.589999999999999673e-05,3.286668040301536031e+00
5.599999999999999916e-05,3.298939794275218773e+00
5.609999999999999481e-05,3.305014426927465720e+00
5.619999999999999725e-05,3.300767130878282440e+00
5.629999999999999968e-05,3.288516970838553988e+00
5.639999999999999533e-05,3.313502768460299119e+00
5.649999999999999776e-05,3.311091190084514135e+00
5.660000000000000019e-05,3.297605275388669543e+00
5.669999999999999585e-05,3.290206257830029291e+00
5.679999999999999828e-05,3.308226418812446834e+00
5.690000000000000071e-05,3.302819603812291227e+00
5.699999999999999636e-05,3.278278091108774106e+00
5.709999999999999879e-05,3.298980296160233916e+00
5.719999999999999445e-05,3.303930537181115401e+00
5.729999999999999688e-05,3.286504578202683380e+00
5.739999999999999931e-05,3.302847650892561493e+00
5.749999999999999496e-05,3.278177662721132979e+00
5.759999999999999739e-05,3.320042791500182222e+00
5.769999999999999982e-05,3.318719249775891278e+00
5.779999999999999548e-05,3.296212239985455206e+00
5.789999999999999791e-05,3.305451815067586008e+00
5.800000000000000034e-05,3.263851170513001776e+00
5.809999999999999599e-05,3.282654785096019712e+00
5.819999999999999843e-05,3.295593316197718003e+00
5.829999999999999408e-05,3.283918004678596958e+00
5.839999999999999651e-05,3.310715947239459833e+00
5.849999999999999894e-05,3.329959447961219787e+00
5.859999999999999460e-05,3.282350779208560443e+00
5.869999999999999703e-05,3.287438048938721824e+00
5.879999999999999946e-05,3.303531725524648799e+00
5.889999999999999511e-05,3.324166742227494087e+00
5.899999999999999754e-05,3.281664385311901189e+00
5.909999999999999997e-05,3.303735541834603939e+00
5.919999999999999563e-05,3.327319482762196579e+00
5.929999999999999806e-05,3.275223612777310667e+00
5.940000000000000049e-05,3.280783961897312473e+00
5.949999999999999614e-05,3.293645900903087398e+00
5.959999999999999857e-05,3.292191173807168525e+00
5.969999999999999423e-05,3.312189019316304606e+00
5.979999999999999666e-05,3.303624895797312444e+00
5.989999999999999909e-05,3.273375569105367866e+00
5.999999999999999474e-05,3.307731156043511866e+00
6.009999999999999717e-05,3.291336916689664882e+00
6.019999999999999961e-05,3.319116708254118198e+00
6.029999999999999526e-05,3.290586186953445846e+00
6.039999999999999769e-05,3.290450770753466259e+00
6.050000000000000012e-05,3.308116974162067958e+00
6.059999999999999578e-05,3.311443897235053946e+00
6.069999999999999821e-05,3.306721490459042734e+00
6.080000000000000064e-05,3.274716040239227688e+00
6.089999999999999629e-05,3.308070516598923483e+00
6.099999999999999872e-05,3.284485379224884039e+00
6.109999999999999438e-05,3.303529141673823943e+00
6.119999999999999681e-05,3.278643983469013978e+00
6.129999999999999924e-05,3.306694832213145752e+00
6.140000000000000167e-05,3.287901016435389234e+00
6.149999999999999055e-05,3.280760480246092126e+00
6.159999999999999298e-05,3.310707302047235956e+00
6.169999999999999541e-05,3.303624667825151295e+00
6.179999999999999784e-05,3.290790347979106301e+00
6.190000000000000027e-05,3.321767682735315752e+00
6.200000000000000270e-05,3.293390213676453904e+00
6.209999999999999158e-05,3.300481615109563727e+00
6.219999999999999401e-05,3.304033701715178850e+00
6.229999999999999644e-05,3.290705010988070445e+00
6.239999999999999887e-05,3.307067044400998856e+00
6.250000000000000130e-05,3.291998214792529076e+00
6.260000000000000373e-05,3.293825425166756471e+00
6.269999999999999261e-05,3.320439639597049908e+00
6.279999999999999504e-05,3.284391209212313534e+00
6.289999999999999747e-05,3.263808295036057405e+00
6.299999999999999990e-05,3.324164054925178302e+00
6.310000000000000233e-05,3.338239919289105018e+00
6.319999999999999121e-05,3.293920961018260041e+00
6.329999999999999364e-05,3.270947429390696826e+00
6.339999999999999607e-05,3.295342740357060762e+00
6.349999999999999850e-05,3.295706655752389747e+00
6.360000000000000093e-05,3.297151142384665778e+00
6.370000000000000336e-05,3.283299179371172105e+00
6.379999999999999224e-05,3.308693417137146930e+00
6.389999999999999467e-05,3.307867610629291022e+00
6.399999999999999710e-05,3.277583915702710016e+00
6.409999999999999953e-05,3.310487950975423033e+00
6.420000000000000197e-05,3.330790274729188205e+00
6.429999999999999084e-05,3.302579404986555556e+00
6.439999999999999327e-05,3.294940122568972285e+00
6.449999999999999570e-05,3.297869951783887199e+00
6.459999999999999814e-05,3.309228851504528279e+00
6.470000000000000057e-05,3.274039925917391347e+00
6.480000000000000300e-05,3.302465860544659293e+00
6.489999999999999188e-05,3.294143040758057861e+00
6.499999999999999431e-05,3.327717375194340299e+00
6.509999999999999674e-05,3.297387408992925373e+00
6.519999999999999917e-05,3.325018314166792610e+00
6.530000000000000160e-05,3.283443889533269822e+00
6.539999999999999048e-05,3.308808887502041607e+00
6.549999999999999291e-05,3.304791003956868423e+00
6.559999999999999534e-05,3.286964291282028050e+00
6.569999999999999777e-05,3.302660941719553822e+00
6.580000000000000020e-05,3.318187782552473930e+00
6.590000000000000263e-05,3.295143124435700788e+00
6.599999999999999151e-05,3.274620560262453406e+00
6.609999999999999394e-05,3.299736557602838349e+00
6.619999999999999637e-05,3.286463653578111987e+00
6.629999999999999880e-05,3.294864885920041786e+00
6.640000000000000123e-05,3.298776183454723121e+00
6.650000000000000366e-05,3.274415216759766878e+00
6.659999999999999254e-05,3.275765124910189563e+00
6.669999999999999497e-05,3.307231002532882602e+00
6.679999999999999740e-05,3.292159219557454719e+00
6.689999999999999983e-05,3.261528834872691185e+00
6.700000000000000226e-05,3.311772660549122005e+00
6.709999999999999114e-05,3.304085546329113221e+00
6.719999999999999357e-05,3.289291877639452633e+00
6.729999999999999600e-05,3.280247546834126116e+00
6.739999999999999843e-05,3.312537118444714768e+00
6.750000000000000086e-05,3.305240259338406261e+00
6.760000000000000329e-05,3.335739034240261081e+00
6.769999999999999217e-05,3.306302828980873798e+00
6.779999999999999460e-05,3.305815547118930109e+00
6.789999999999999703e-05,3.297496081048371330e+00
6.799999999999999946e-05,3.312251638008011589e+00
6.810000000000000189e-05,3.309376278018722140e+00
6.819999999999999077e-05,3.318775875128477715e+00
6.829999999999999320e-05,3.292180156220440690e+00
6.839999999999999563e-05,3.293468887905840248e+00
6.849999999999999806e-05,3.292813452436320176e+00
6.860000000000000050e-05,3.311862025817684518e+00
6.870000000000000293e-05,3.322475616604450899e+00
6.879999999999999180e-05,3.293117392602760152e+00
6.889999999999999424e-05,3.293628394083103483e+00
6.899999999999999667e-05,3.304711158358046852e+00
6.909999999999999910e-05,3.296313577499806247e+00
6.920000000000000153e-05,3.314280804797097968e+00
6.929999999999999041e-05,3.266223340640713957e+00
6.939999999999999284e-05,3.287599424296246298e+00
6.949999999999999527e-05,3.288263754990578214e+00
6.959999999999999770e-05,3.265194659814207867e+00
6.970000000000000013e-05,3.285545423334467863e+00
6.980000000000000256e-05,3.286272658262310742e+00
6.989999999999999144e-05,3.296983430182217401e+00
6.999999999999999387e-05,3.316694488374903660e+00
7.009999999999999630e-05,3.296324090232139348e+00
7.019999999999999873e-05,3.284537794195932392e+00
7.030000000000000116e-05,3.299145681881797021e+00
7.040000000000000359e-05,3.315737604321620235e+00
7.049999999999999247e-05,3.285360617758276369e+00
7.059999999999999490e-05,3.286341376741177989e+00
7.069999999999999733e-05,3.308378234389113270e+00
7.079999999999999976e-05,3.296676958264037616e+00
7.090000000000000219e-05,3.309712270360642083e+00
7.099999999999999107e-05,3.299795298123070264e+00
7.109999999999999350e-05,3.310524954721343338e+00
7.119999999999999593e-05,3.284473828289390163e+00
7.129999999999999836e-05,3.299818730238175846e+00
7.140000000000000079e-05,3.296839649784552684e+00
7.150000000000000322e-05,3.281761636138437854e+00
7.159999999999999210e-05,3.276547830781969317e+00
7.169999999999999453e-05,3.310286235529119825e+00
7.179999999999999696e-05,3.294735714266729953e+00
7.189999999999999939e-05,3.284665795775290054e+00
7.200000000000000182e-05,3.298557315946149870e+00
7.209999999999999070e-05,3.316920282860239322e+00
7.219999999999999313e-05,3.265788932319420912e+00
7.229999999999999556e-05,3.277550419651449776e+00
7.239999999999999799e-05,3.286156703371570842e+00
7.250000000000000043e-05,3.321917683000804811e+00
7.260000000000000286e-05,3.304238804743789171e+00
7.269999999999999173e-05,3.311509758606918208e+00
7.279999999999999416e-05,3.282897586213106234e+00
7.289999999999999660e-05,3.283206961870941853e+00
7.299999999999999903e-05,3.306717205750840272e+00
7.310000000000000146e-05,3.300874114964031492e+00
7.319999999999999033e-05,3.308231082282961921e+00
7.329999999999999277e-05,3.297184935136073136e+00
7.339999999999999520e-05,3.304172155896819341e+00
7.349999999999999763e-05,3.302371786273576415e+00
7.360000000000000006e-05,3.311666510836273503e+00
7.370000000000000249e-05,3.312105124229166808e+00
7.379999999999999137e-05,3.275701920084123309e+00
7.389999999999999380e-05,3.266290971669886911e+00
7.399999999999999623e-05,3.315026180964772529e+00
7.409999999999999866e-05,3.317815876398928943e+00
7.420000000000000109e-05,3.284690654707299817e+00
7.429999999999998997e-05,3.272102468901815442e+00
7.439999999999999240e-05,3.301485522315108057e+00
7.449999999999999483e-05,3.313962573395257571e+00
7.459999999999999726e-05,3.326963917836514462e+00
7.469999999999999969e-05,3.307744463581521632e+00
7.480000000000000212e-05,3.294424249551214601e+00
7.489999999999999100e-05,3.286603040676226772e+00
7.499999999999999343e-05,3.300171769375059849e+00
7.509999999999999586e-05,3.295511029441720918e+00
7.519999999999999829e-05,3.284773981414067734e+00
7.530000000000000072e-05,3.330731334762949025e+00
7.540000000000000315e-05,3.326777526031081678e+00
7.549999999999999203e-05,3.317040730253331127e+00
7.559999999999999446e-05,3.286187244032862775e+00
7.569999999999999689e-05,3.312825289864458789e+00
7.579999999999999932e-05,3.309594396142468309e+00
7.590000000000000175e-05,3.306638184363060784e+00
7.599999999999999063e-05,3.318744979005656681e+00
7.609999999999999306e-05,3.309530567142918933e+00
7.619999999999999549e-05,3.311100213544564852e+00
7.629999999999999792e-05,3.309553594250583153e+00
7.640000000000000035e-05,3.305111871120031353e+00
7.650000000000000279e-05,3.273245833054287068e+00
7.659999999999999166e-05,3.301254316161158275e+00
7.669999999999999409e-05,3.291657120617263121e+00
7.679999999999999652e-05,3.280802385635399609e+00
7.689999999999999896e-05,3.325227249289512077e+00
7.700000000000000139e-05,3.325934930113285226e+00
7.709999999999999026e-05,3.320388309004433935e+00
7.719999999999999269e-05,3.303828201252838159e+00
7.729999999999999513e-05,3.320259376814289620e+00
7.739999999999999756e-05,3.300180797709027392e+00
7.749999999999999999e-05,3.303041959153466323e+00
7.760000000000000242e-05,3.283597929443069940e+00
7.769999999999999130e-05,3.305954869567482302e+00
7.779999999999999373e-05,3.300905788926366213e+00
7.789999999999999616e-05,3.280460218247482906e+00
7.799999999999999859e-05,3.299232043322750663e+00
7.810000000000000102e-05,3.298804056542147478e+00
7.819999999999998990e-05,3.326963417499669617e+00
7.829999999999999233e-05,3.313413199927700781e+00
7.839999999999999476e-05,3.300171681586371975e+00
7.849999999999999719e-05,3.303731809647016071e+00
7.859999999999999962e-05,3.300663185671562694e+00
7.870000000000000205e-05,3.296956290228066688e+00
7.879999999999999093e-05,3.283763592039175450e+00
7.889999999999999336e-05,3.297734221835896040e+00
7.899999999999999579e-05,3.288808526150212241e+00
7.909999999999999822e-05,3.281245266916152481e+00
7.920000000000000065e-05,3.307668327218213022e+00
7.930000000000000308e-05,3.305868969898998255e+00
7.939999999999999196e-05,3.273199387329478682e+00
7.949999999999999439e-05,3.298159730437572712e+00
7.959999999999999682e-05,3.314935520788498735e+00
7.969999999999999925e-05,3.315888356083444677e+00
7.980000000000000168e-05,3.315387552643278557e+00
7.989999999999999056e-05,3.300583698103521701e+00
7.999999999999999299e-05,3.287324320080462492e+00
8.009999999999999542e-05,3.283744517589628931e+00
8.019999999999999785e-05,3.305169073571255112e+00
8.030000000000000028e-05,3.305689200515477211e+00
8.040000000000000271e-05,3.319309966674075962e+00
8.049999999999999159e-05,3.316499694755131067e+00
8.059999999999999402e-05,3.298016570152032312e+00
8.069999999999999645e-05,3.281336911817086754e+00
8.079999999999999888e-05,3.295213401044836399e+00
8.090000000000000132e-05,3.303258467922157493e+00
8.099999999999999019e-05,3.296968751319158564e+00
8.109999999999999262e-05,3.291331588378834994e+00
8.119999999999999505e-05,3.303793272224548438e+00
8.129999999999999749e-05,3.292440633878840561e+00
8.139999999999999992e-05,3.290579008744119349e+00
8.150000000000000235e-05,3.304671792514551232e+00
8.159999999999999123e-05,3.293970111298061720e+00
8.169999999999999366e-05,3.303661565834675073e+00
8.179999999999999609e-05,3.304098060342781640e+00
8.189999999999999852e-05,3.282908564983626043e+00
8.200000000000000095e-05,3.292781383142018736e+00
8.209999999999998983e-05,3.321566654098746962e+00
8.219999999999999226e-05,3.282568807308985370e+00
8.229999999999999469e-05,3.268250183265442033e+00
8.239999999999999712e-05,3.272072322701362168e+00
8.249999999999999955e-05,3.300436649198649874e+00
8.260000000000000198e-05,3.300463759170490174e+00
8.269999999999999086e-05,3.298235837168622897e+00
8.279999999999999329e-05,3.318212847433927415e+00
8.289999999999999572e-05,3.259907483503455605e+00
8.299999999999999815e-05,3.305939008116462130e+00
8.310000000000000058e-05,3.323421573027053544e+00
8.319999999999998946e-05,3.283083288526623900e+00
8.329999999999999189e-05,3.294302902323151372e+00
8.339999999999999432e-05,3.288706621241570538e+00
8.349999999999999675e-05,3.286584809308836785e+00
8.359999999999999918e-05,3.295106069924654157e+00
8.370000000000000161e-05,3.321412279255267386e+00
8.379999999999999049e-05,3.327560800132312480e+00
8.389999999999999292e-05,3.294960911624397415e+00
8.399999999999999535e-05,3.328575903210966747e+00
8.409999999999999778e-05,3.300533647154769046e+00
8.420000000000000021e-05,3.326305365400516134e+00
8.430000000000000264e-05,3.298600520255197566e+00
8.439999999999999152e-05,3.301965867390692200e+00
8.449999999999999395e-05,3.305482117089642458e+00
8.459999999999999638e-05,3.347682805190512756e+00
8.469999999999999881e-05,3.312769283622671868e+00
8.480000000000000124e-05,3.289391032050728025e+00
8.489999999999999012e-05,3.314534968054137831e+00
8.499999999999999255e-05,3.294572511943734572e+00
8.509999999999999498e-05,3.292653747256481633e+00
8.519999999999999742e-05,3.313629020398381364e+00
8.529999999999999985e-05,3.300466283816567259e+00
8.540000000000000228e-05,3.304178638717676808e+00
8.549999999999999115e-05,3.300209778327979127e+00
8.559999999999999359e-05,3.305048746899081458e+00
8.569999999999999602e-05,3.306374488461542249e+00
8.579999999999999845e-05,3.270945496009418640e+00
8.590000000000000088e-05,3.309998590029142651e+00
8.599999999999998976e-05,3.285269708702545532e+00
8.609999999999999219e-05,3.278365512966608719e+00
8.619999999999999462e-05,3.299123831342119395e+00
8.629999999999999705e-05,3.301259715049716714e+00
8.639999999999999948e-05,3.289597407531415829e+00
8.650000000000000191e-05,3.312465477865019547e+00
8.659999999999999079e-05,3.279867372504436052e+00
8.669999999999999322e-05,3.293895843768411602e+00
8.679999999999999565e-05,3.291226887976004711e+00
8.689999999999999808e-05,3.299301190944909923e+00
8.700000000000000051e-05,3.304182964269708478e+00
8.709999999999998939e-05,3.284881605755646472e+00
8.719999999999999182e-05,3.310864240161843330e+00
8.729999999999999425e-05,3.300945035525020277e+00
8.739999999999999668e-05,3.271620806200321141e+00
8.749999999999999911e-05,3.270621128394044508e+00
8.760000000000000154e-05,3.299815210606060312e+00
8.769999999999999042e-05,3.296685490233204341e+00
8.779999999999999285e-05,3.298448698296380321e+00
8.789999999999999528e-05,3.299580263152046555e+00
8.799999999999999771e-05,3.303383397592652315e+00
8.810000000000000014e-05,3.314214744147724101e+00
8.820000000000000257e-05,3.283333426486236384e+00
8.829999999999999145e-05,3.282420426106487987e+00
8.839999999999999388e-05,3.283600142131688937e+00
8.849999999999999631e-05,3.304333750007530490e+00
8.859999999999999874e-05,3.318674210679696479e+00
8.870000000000000117e-05,3.293529908426407360e+00
8.879999999999999005e-05,3.262474502337604942e+00
8.889999999999999248e-05,3.274440107060843985e+00
8.899999999999999491e-05,3.287504449158059838e+00
8.909999999999999734e-05,3.291634066687571636e+00
8.919999999999999978e-05,3.293874170591178707e+00
8.930000000000000221e-05,3.300578716844713600e+00
8.939999999999999108e-05,3.295323805037662979e+00
8.949999999999999351e-05,3.315740094158150963e+00
8.959999999999999595e-05,3.289859740414779132e+00
8.969999999999999838e-05,3.287065230607866706e+00
8.980000000000000081e-05,3.307183133077806758e+00
8.989999999999998968e-05,3.276965368951108015e+00
8.999999999999999212e-05,3.305845375579799850e+00
9.009999999999999455e-05,3.301538297755894025e+00
9.019999999999999698e-05,3.297788362651227434e+00
9.029999999999999941e-05,3.323824141607238936e+00
9.040000000000000184e-05,3.290666888320579186e+00
9.049999999999999072e-05,3.330904472557861151e+00
9.059999999999999315e-05,3.296618528261578529e+00
9.069999999999999558e-05,3.280844753325446561e+00
9.079999999999999801e-05,3.301048793714921992e+00
9.090000000000000044e-05,3.283856321995218153e+00
9.099999999999998932e-05,3.288723662282797111e+00
9.109999999999999175e-05,3.305955499500232264e+00
9.119999999999999418e-05,3.308333731329751615e+00
9.129999999999999661e-05,3.290667484496185846e+00
9.139999999999999904e-05,3.314811077175695786e+00
9.150000000000000147e-05,3.317362616370316708e+00
9.159999999999999035e-05,3.321544526348449100e+00
9.169999999999999278e-05,3.307941201106885831e+00
9.179999999999999521e-05,3.320451430681285121e+00
9.189999999999999764e-05,3.271788023580389115e+00
9.200000000000000007e-05,3.295231401770573054e+00
9.210000000000000250e-05,3.286994921155148575e+00
9.219999999999999138e-05,3.301788387916910761e+00
9.229999999999999381e-05,3.291428261712048720e+00
9.239999999999999624e-05,3.297507632370753949e+00
9.249999999999999867e-05,3.328232623203060569e+00
9.260000000000000110e-05,3.297454203053693966e+00
9.269999999999998998e-05,3.306206884757853182e+00
9.279999999999999241e-05,3.296515960051136229e+00
9.289999999999999484e-05,3.301135699319352135e+00
9.299999999999999727e-05,3.300090250206540787e+00
9.309999999999999970e-05,3.306724860989597392e+00
9.320000000000000214e-05,3.317479613033207375e+00
9.329999999999999101e-05,3.324710909964049943e+00
9.339999999999999344e-05,3.304644301228637282e+00
9.349999999999999587e-05,3.308843203290533719e+00
9.359999999999999831e-05,3.282737032362216478e+00
9.370000000000000074e-05,3.298681848863765698e+00
9.379999999999998961e-05,3.314104341973253653e+00
9.389999999999999205e-05,3.312989529576257031e+00
9.399999999999999448e-05,3.303174145991925492e+00
9.409999999999999691e-05,3.313295909393519256e+00
9.419999999999999934e-05,3.307361500634907081e+00
9.430000000000000177e-05,3.318004593873889796e+00
9.439999999999999065e-05,3.304340387354356423e+00
9.449999999999999308e-05,3.294664525266434385e+00
9.459999999999999551e-05,3.305037618853995163e+00
9.469999999999999794e-05,3.256041084362208071e+00
9.480000000000000037e-05,3.305743286045775609e+00
9.489999999999998925e-05,3.245273807621777973e+00
9.499999999999999168e-05,3.274148048888918527e+00
9.509999999999999411e-05,3.306776529014114452e+00
9.519999999999999654e-05,3.307162940059001688e+00
9.529999999999999897e-05,3.282563568297900858e+00
9.540000000000000140e-05,3.289318469371815823e+00
9.549999999999999028e-05,3.320558114829211593e+00
9.559999999999999271e-05,3.292739548026409668e+00
9.569999999999999514e-05,3.333643804686044376e+00
9.579999999999999757e-05,3.299971202202354625e+00
9.590000000000000000e-05,3.306120542653218752e+00
9.600000000000000243e-05,3.324253115977478856e+00
9.609999999999999131e-05,3.301965406742901177e+00
9.619999999999999374e-05,3.284964840289637866e+00
9.629999999999999617e-05,3.298354088224585645e+00
9.639999999999999860e-05,3.299465838957148289e+00
9.650000000000000103e-05,3.279528875216976225e+00
9.659999999999998991e-05,3.296162518929887320e+00
9.669999999999999234e-05,3.288867118590038441e+00
9.679999999999999477e-05,3.313865366357811482e+00
9.689999999999999720e-05,3.300519178112778729e+00
9.699999999999999963e-05,3.295758063762786350e+00
9.710000000000000206e-05,3.298407271040661115e+00
9.719999999999999094e-05,3.303346830276092216e+00
9.729999999999999337e-05,3.309252212995346554e+00
9.739999999999999580e-05,3.285004316569958949e+00
9.749999999999999823e-05,3.284376185510680557e+00
9.760000000000000067e-05,3.316570188231037886e+00
9.769999999999998954e-05,3.293814946916928665e+00
9.779999999999999197e-05,3.278747368611046653e+00
9.789999999999999441e-05,3.306657190640746258e+00
9.799999999999999684e-05,3.306950547090490300e+00
9.809999999999999927e-05,3.277039271141149346e+00
9.820000000000000170e-05,3.303442225731954007e+00
9.829999999999999058e-05,3.311033746386425225e+00
9.839999999999999301e-05,3.305615796775593918e+00
9.849999999999999544e-05,3.309479722256420953e+00
9.859999999999999787e-05,3.278935963528638808e+00
9.870000000000000030e-05,3.304965602324942964e+00
9.879999999999998918e-05,3.295460703607943298e+00
9.889999999999999161e-05,3.292758147619130327e+00
9.899999999999999404e-05,3.313058334141295802e+00
9.909999999999999647e-05,3.322189117660113489e+00
9.919999999999999890e-05,3.326915550819005141e+00
9.930000000000000133e-05,3.319722118072588213e+00
9.939999999999999021e-05,3.298353987275547183e+00
9.949999999999999264e-05,3.305290802445394860e+00
9.959999999999999507e-05,3.311502343076763388e+00
9.969999999999999750e-05,3.301817669239491604e+00
9.979999999999999993e-05,3.301961462818673088e+00
9.989999999999998881e-05,3.312356296978142378e+00
9.999999999999999124e-05,3.299110760309611035e+00
1.000999999999999937e-04,3.289060695954395097e+00
1.001999999999999961e-04,3.293782904012461987e+00
1.002999999999999985e-04,3.309508655666006050e+00
1.004000000000000010e-04,3.300044899367998941e+00
1.004999999999999898e-04,3.305103149653024985e+00
1.005999999999999923e-04,3.310051188633032826e+00
1.006999999999999947e-04,3.294377378056535743e+00
1.007999999999999971e-04,3.311343722454446858e+00
1.008999999999999996e-04,3.305682639051875871e+00
1.010000000000000020e-04,3.281477803696327467e+00
1.010999999999999909e-04,3.321634571867793539e+00
1.011999999999999933e-04,3.292488828843646242e+00
1.012999999999999957e-04,3.275173569852221966e+00
1.013999999999999982e-04,3.284324344356205128e+00
1.015000000000000006e-04,3.284684322589825012e+00
1.015999999999999895e-04,3.300782599779862991e+00
1.016999999999999919e-04,3.295892242416806450e+00
1.017999999999999943e-04,3.294947520485390857e+00
1.018999999999999968e-04,3.309295529482236820e+00
1.019999999999999992e-04,3.305098130417890356e+00
1.021000000000000016e-04,3.304740718059663962e+00
1.021999999999999905e-04,3.306147426859930238e+00
1.022999999999999929e-04,3.309242020020033426e+00
1.023999999999999954e-04,3.268380699873338013e+00
1.024999999999999978e-04,3.294533426216033067e+00
1.026000000000000002e-04,3.267296849032657491e+00
1.026999999999999891e-04,3.300540898901966891e+00
1.027999999999999915e-04,3.299930505416634574e+00
1.028999999999999940e-04,3.315682984121845145e+00
1.029999999999999964e-04,3.317814515890816551e+00
1.030999999999999988e-04,3.303041625723785124e+00
1.032000000000000013e-04,3.292494583839046474e+00
1.032999999999999901e-04,3.307277416688185756e+00
1.033999999999999926e-04,3.292081235440134979e+00
1.034999999999999950e-04,3.299979110228349555e+00
1.035999999999999974e-04,3.314792044754411471e+00
1.036999999999999999e-04,3.291633429810158606e+00
1.037999999999999887e-04,3.312085179588637462e+00
1.038999999999999912e-04,3.310161020530384413e+00
1.039999999999999936e-04,3.285678122743037388e+00
1.040999999999999960e-04,3.314608411923261055e+00
1.041999999999999985e-04,3.310478495180572356e+00
1.043000000000000009e-04,3.301528888310589771e+00
1.043999999999999898e-04,3.288565148129585225e+00
1.044999999999999922e-04,3.287111909721366132e+00
1.045999999999999946e-04,3.291935061346454638e+00
1.046999999999999971e-04,3.308138916949379116e+00
1.047999999999999995e-04,3.285665622488978865e+00
1.049000000000000019e-04,3.306562683729298069e+00
1.049999999999999908e-04,3.281373667066823874e+00
1.050999999999999932e-04,3.296938971233417170e+00
1.051999999999999957e-04,3.301644716318609785e+00
1.052999999999999981e-04,3.336676952175883670e+00
1.054000000000000005e-04,3.279340265167194346e+00
1.054999999999999894e-04,3.322080218497351911e+00
1.055999999999999918e-04,3.302247636209809212e+00
1.056999999999999943e-04,3.306167578770239146e+00
1.057999999999999967e-04,3.301775218700822911e+00
1.058999999999999991e-04,3.306670902272928370e+00
1.060000000000000016e-04,3.297694723434569486e+00
1.060999999999999904e-04,3.321810752721861881e+00
1.061999999999999929e-04,3.293152932836628910e+00
1.062999999999999953e-04,3.316983518582688362e+00
1.063999999999999977e-04,3.290334493196804377e+00
1.065000000000000002e-04,3.299096222303980586e+00
1.065999999999999890e-04,3.283920561715646613e+00
1.066999999999999915e-04,3.306825355805212752e+00
1.067999999999999939e-04,3.321676889353897710e+00
1.068999999999999963e-04,3.298839657302687023e+00
1.069999999999999988e-04,3.297046714519441313e+00
1.071000000000000012e-04,3.283280745553980751e+00
1.071999999999999901e-04,3.296560610196715313e+00
1.072999999999999925e-04,3.276108086104176920e+00
1.073999999999999949e-04,3.286306830199217544e+00
1.074999999999999974e-04,3.303401790691636641e+00
1.075999999999999998e-04,3.319785197966120815e+00
1.076999999999999887e-04,3.342138162918442568e+00
1.077999999999999911e-04,3.291201223723936309e+00
1.078999999999999935e-04,3.321529502349681362e+00
1.079999999999999960e-04,3.303656287206024444e+00
1.080999999999999984e-04,3.297731285298804327e+00
1.082000000000000008e-04,3.306488916775891962e+00
1.082999999999999897e-04,3.300928747255199358e+00
1.083999999999999921e-04,3.301655935884183268e+00
1.084999999999999946e-04,3.293875002557599796e+00
1.085999999999999970e-04,3.279028355103017045e+00
1.086999999999999994e-04,3.276845621962168664e+00
1.087999999999999883e-04,3.309798673249218393e+00
1.088999999999999907e-04,3.295849498648713904e+00
1.089999999999999932e-04,3.291058666505157326e+00
1.090999999999999956e-04,3.300127584400847081e+00
1.091999999999999980e-04,3.311923983793734205e+00
1.093000000000000005e-04,3.302705459145395928e+00
1.093999999999999893e-04,3.290159175950385428e+00
1.094999999999999918e-04,3.318394394334734265e+00
1.095999999999999942e-04,3.323687782544724190e+00
1.096999999999999966e-04,3.307418349829842619e+00
1.097999999999999991e-04,3.314604952670161087e+00
1.099000000000000015e-04,3.318629399952206960e+00
1.099999999999999904e-04,3.316951489746067683e+00
1.100999999999999928e-04,3.309211487656689155e+00
1.101999999999999952e-04,3.308975205706123024e+00
1.102999999999999977e-04,3.307794908600197203e+00
1.104000000000000001e-04,3.283539934881793965e+00
1.104999999999999890e-04,3.310510847352893471e+00
1.105999999999999914e-04,3.279662790433101716e+00
1.106999999999999938e-04,3.288081008173123987e+00
1.107999999999999963e-04,3.319553476017121252e+00
1.108999999999999987e-04,3.312603302440412900e+00
1.110000000000000011e-04,3.322310974345287882e+00
1.110999999999999900e-04,3.295924884244690656e+00
1.111999999999999924e-04,3.282716267380848318e+00
1.112999999999999949e-04,3.296393442043944688e+00
1.113999999999999973e-04,3.301530469458608508e+00
1.114999999999999997e-04,3.301184830745099941e+00
1.115999999999999886e-04,3.317005207181350279e+00
1.116999999999999910e-04,3.294580943624948244e+00
1.117999999999999935e-04,3.305280517077043623e+00
1.118999999999999959e-04,3.285170592758480890e+00
1.119999999999999983e-04,3.306754759170657199e+00
1.121000000000000008e-04,3.300046628252784497e+00
1.121999999999999896e-04,3.288752799925731996e+00
1.122999999999999921e-04,3.296462559567376882e+00
1.123999999999999945e-04,3.297237363802271393e+00
1.124999999999999969e-04,3.295947673059943295e+00
1.125999999999999994e-04,3.326570118634014861e+00
1.126999999999999882e-04,3.298523309965381678e+00
1.127999999999999907e-04,3.296341558347339884e+00
1.128999999999999931e-04,3.268538235635847666e+00
1.129999999999999955e-04,3.286586889720307880e+00
1.130999999999999980e-04,3.296053898633154677e+00
1.132000000000000004e-04,3.289712209857350356e+00
1.132999999999999893e-04,3.320725613900666673e+00
1.133999999999999917e-04,3.297525933369056528e+00
1.134999999999999941e-04,3.319326663739773586e+00
1.135999999999999966e-04,3.300925569510755331e+00
1.136999999999999990e-04,3.300558417546323398e+00
1.138000000000000014e-04,3.298668053284312229e+00
1.138999999999999903e-04,3.300056943774321905e+00
1.139999999999999927e-04,3.325781925045747656e+00
1.140999999999999952e-04,3.265205839098731744e+00
1.141999999999999976e-04,3.269976813833419538e+00
1.143000000000000000e-04,3.291852437534158238e+00
1.143999999999999889e-04,3.300217918229063407e+00
1.144999999999999913e-04,3.310351566371460219e+00
1.145999999999999938e-04,3.307096307970411875e+00
1.146999999999999962e-04,3.294236311306791176e+00
1.147999999999999986e-04,3.315285655398626297e+00
1.149000000000000010e-04,3.315452931047290885e+00
1.149999999999999899e-04,3.302760867469073158e+00
1.150999999999999924e-04,3.314439863587302249e+00
1.151999999999999948e-04,3.304089678951481535e+00
1.152999999999999972e-04,3.291577754598256522e+00
1.153999999999999996e-04,3.310467252585000075e+00
1.154999999999999885e-04,3.301659196838679922e+00
1.155999999999999910e-04,3.300020097701317212e+00
1.156999999999999934e-04,3.322094303582843633e+00
1.157999999999999958e-04,3.263236918071898529e+00
1.158999999999999982e-04,3.278734737447606129e+00
1.160000000000000007e-04,3.282193943604384323e+00
1.160999999999999896e-04,3.294551090286467865e+00
1.161999999999999920e-04,3.296180877453509517e+00
1.162999999999999944e-04,3.277390115283404182e+00
1.163999999999999969e-04,3.285222629515337278e+00
1.164999999999999993e-04,3.287087374822146302e+00
1.165999999999999882e-04,3.336861361381138202e+00
1.166999999999999906e-04,3.327026129216207107e+00
1.167999999999999930e-04,3.293823758734729878e+00
1.168999999999999955e-04,3.294546250645397745e+00
1.169999999999999979e-04,3.282761940042175475e+00
1.171000000000000003e-04,3.271378043801620894e+00
1.171999999999999892e-04,3.298246797203872038e+00
1.172999999999999916e-04,3.285032220251339563e+00
1.173999999999999941e-04,3.298727242025069728e+00
1.174999999999999965e-04,3.275996912264347749e+00
1.175999999999999989e-04,3.288570383125346108e+00
1.177000000000000013e-04,3.302229406429542102e+00
1.177999999999999902e-04,3.305493143966758751e+00
1.178999999999999927e-04,3.306262079381129926e+00
1.179999999999999951e-04,3.280192665237644079e+00
1.180999999999999975e-04,3.312820285952033039e+00
1.181999999999999999e-04,3.287996824550972086e+00
1.182999999999999888e-04,3.309492868719109637e+00
1.183999999999999913e-04,3.299840419850726736e+00
1.184999999999999937e-04,3.279354187513830787e+00
1.185999999999999961e-04,3.295257034431282150e+00
1.186999999999999985e-04,3.305480456130956313e+00
1.188000000000000010e-04,3.309194480707118746e+00
1.188999999999999899e-04,3.297885181538333654e+00
1.189999999999999923e-04,3.322976683359015748e+00
1.190999999999999947e-04,3.315112661564798113e+00
1.191999999999999971e-04,3.296150188254003410e+00
1.192999999999999996e-04,3.311251827182053908e+00
1.193999999999999885e-04,3.329006902277822810e+00
1.194999999999999909e-04,3.329407269011745107e+00
1.195999999999999933e-04,3.281580001787662404e+00
1.196999999999999957e-04,3.286102003332642685e+00
1.197999999999999982e-04,3.322273781801007519e+00
1.199000000000000006e-04,3.284125784237435397e+00
1.199999999999999895e-04,3.280161883000624723e+00
1.200999999999999919e-04,3.292707088039513952e+00
1.201999999999999943e-04,3.306303400642118806e+00
1.202999999999999968e-04,3.298464049400833265e+00
1.203999999999999992e-04,3.290241545693915803e+00
1.204999999999999881e-04,3.289886813074132110e+00
1.205999999999999905e-04,3.289314944033808974e+00
1.206999999999999929e-04,3.286807355570115607e+00
1.207999999999999954e-04,3.334224493159140934e+00
1.208999999999999978e-04,3.304462666067783161e+00
1.210000000000000002e-04,3.313301385816070699e+00
1.210999999999999891e-04,3.292663837978215824e+00
1.211999999999999916e-04,3.297210649842209129e+00
1.212999999999999940e-04,3.289296690279444491e+00
1.213999999999999964e-04,3.260224374976211870e+00
1.214999999999999988e-04,3.279329860847281619e+00
1.216000000000000013e-04,3.272840719800294007e+00
1.216999999999999902e-04,3.266253243330725642e+00
1.217999999999999926e-04,3.282069615385528216e+00
1.218999999999999950e-04,3.319874335190724501e+00
1.219999999999999974e-04,3.299333457484434629e+00
1.220999999999999863e-04,3.319358456434817306e+00
1.221999999999999888e-04,3.306164738653512902e+00
1.222999999999999912e-04,3.311738382385727153e+00
1.223999999999999936e-04,3.286486545070431031e+00
1.224999999999999960e-04,3.307859264312889902e+00
1.225999999999999985e-04,3.310930713511115009e+00
1.227000000000000009e-04,3.291350290616494423e+00
1.228000000000000033e-04,3.308393105559242375e+00
1.229000000000000058e-04,3.308492816378622248e+00
1.229999999999999811e-04,3.291756710683048759e+00
1.230999999999999835e-04,3.283158473515934705e+00
1.231999999999999860e-04,3.282238075021525869e+00
1.232999999999999884e-04,3.301297583128821600e+00
1.233999999999999908e-04,3.304905148031839435e+00
1.234999999999999932e-04,3.288112112543131182e+00
1.235999999999999957e-04,3.300398780119891295e+00
1.236999999999999981e-04,3.308558055542077270e+00
1.238000000000000005e-04,3.309272860719979281e+00
1.239000000000000030e-04,3.323278201801837195e+00
1.240000000000000054e-04,3.319154712482970560e+00
1.241000000000000078e-04,3.284980628508651801e+00
1.241999999999999832e-04,3.325253793143070347e+00
1.242999999999999856e-04,3.292035352431664119e+00
1.243999999999999880e-04,3.315673092186816273e+00
1.244999999999999904e-04,3.301019799390766174e+00
1.245999999999999929e-04,3.293817759323145467e+00
1.246999999999999953e-04,3.272884547103375841e+00
1.247999999999999977e-04,3.297426532346754424e+00
1.249000000000000002e-04,3.276609251470415707e+00
1.250000000000000026e-04,3.314509488537641602e+00
1.251000000000000050e-04,3.322751889857088692e+00
1.252000000000000075e-04,3.288046335160549560e+00
1.252999999999999828e-04,3.304529561137788729e+00
1.253999999999999852e-04,3.289119127169880308e+00
1.254999999999999877e-04,3.290572729047947842e+00
1.255999999999999901e-04,3.311617420557980473e+00
1.256999999999999925e-04,3.299421926072348743e+00
1.257999999999999949e-04,3.326094720628964829e+00
1.258999999999999974e-04,3.292766512819456093e+00
1.259999999999999998e-04,3.314990044987117024e+00
1.261000000000000022e-04,3.301461201194366701e+00
1.262000000000000047e-04,3.311936670146163220e+00
1.263000000000000071e-04,3.293292635140050439e+00
1.263999999999999824e-04,3.299256617436725936e+00
1.264999999999999849e-04,3.298267516810515776e+00
1.265999999999999873e-04,3.287459143277312812e+00
1.266999999999999897e-04,3.309931223018726332e+00
1.267999999999999921e-04,3.309753735083675430e+00
1.268999999999999946e-04,3.308903320423583150e+00
1.269999999999999970e-04,3.323054484808764641e+00
1.270999999999999994e-04,3.321740172018544435e+00
1.272000000000000019e-04,3.294375829652262944e+00
1.273000000000000043e-04,3.305595784776512502e+00
1.274000000000000067e-04,3.290645989661126425e+00
1.274999999999999821e-04,3.300350329741718269e+00
1.275999999999999845e-04,3.291003758263217005e+00
1.276999999999999869e-04,3.324301054637040398e+00
1.277999999999999893e-04,3.305455472255144134e+00
1.278999999999999918e-04,3.296729563078433678e+00
1.279999999999999942e-04,3.317904278577845645e+00
1.280999999999999966e-04,3.267440768853068445e+00
1.281999999999999991e-04,3.269788461077020258e+00
1.283000000000000015e-04,3.311937579828296396e+00
1.284000000000000039e-04,3.300907026721760396e+00
1.285000000000000064e-04,3.303756694503911184e+00
1.285999999999999817e-04,3.280104058450221682e+00
1.286999999999999841e-04,3.299651494337244362e+00
1.287999999999999865e-04,3.330052641156020066e+00
1.288999999999999890e-04,3.312362994296937924e+00
1.289999999999999914e-04,3.302545598177141883e+00
1.290999999999999938e-04,3.293414191348425835e+00
1.291999999999999963e-04,3.294081407221959079e+00
1.292999999999999987e-04,3.268062031661999711e+00
1.294000000000000011e-04,3.303864606313817287e+00
1.295000000000000036e-04,3.312682246627227656e+00
1.296000000000000060e-04,3.276365710092440597e+00
1.296999999999999813e-04,3.290078746615397787e+00
1.297999999999999838e-04,3.282638030516498606e+00
1.298999999999999862e-04,3.285519732077868404e+00
1.299999999999999886e-04,3.300802224402328289e+00
1.300999999999999910e-04,3.268733967675172547e+00
1.301999999999999935e-04,3.309214056575355833e+00
1.302999999999999959e-04,3.311307826049004976e+00
1.303999999999999983e-04,3.296233461179446156e+00
1.305000000000000008e-04,3.262789372350231698e+00
1.306000000000000032e-04,3.285053720609964145e+00
1.307000000000000056e-04,3.318493529011540488e+00
1.307999999999999810e-04,3.258330085789071351e+00
1.308999999999999834e-04,3.294787148817097222e+00
1.309999999999999858e-04,3.282299988322991080e+00
1.310999999999999882e-04,3.312068554523772246e+00
1.311999999999999907e-04,3.289873290717848064e+00
1.312999999999999931e-04,3.306059310311034061e+00
1.313999999999999955e-04,3.308481906287536134e+00
1.314999999999999980e-04,3.327543387595949920e+00
1.316000000000000004e-04,3.296955870844869185e+00
1.317000000000000028e-04,3.305640665544339107e+00
1.318000000000000053e-04,3.277724167813088396e+00
1.318999999999999806e-04,3.317856203449406127e+00
1.319999999999999830e-04,3.288592367278929451e+00
1.320999999999999854e-04,3.291588687538683722e+00
1.321999999999999879e-04,3.299666283077261841e+00
1.322999999999999903e-04,3.276556734819902061e+00
1.323999999999999927e-04,3.303431550433933772e+00
1.324999999999999952e-04,3.314511994093875202e+00
1.325999999999999976e-04,3.304394007352459361e+00
1.327000000000000000e-04,3.276166536537318930e+00
1.328000000000000025e-04,3.298142860585055125e+00
1.329000000000000049e-04,3.311130433544692053e+00
1.330000000000000073e-04,3.271830168510511339e+00
1.330999999999999826e-04,3.283878509792734324e+00
1.331999999999999851e-04,3.313148154061222428e+00
1.332999999999999875e-04,3.304051431512958992e+00
1.333999999999999899e-04,3.306179573731901300e+00
1.334999999999999924e-04,3.327892422114349547e+00
1.335999999999999948e-04,3.307028291677593046e+00
1.336999999999999972e-04,3.309868320156497568e+00
1.337999999999999997e-04,3.340661182908274629e+00
1.339000000000000021e-04,3.296792931628642620e+00
1.340000000000000045e-04,3.288031758545722383e+00
1.341000000000000070e-04,3.306416945973706945e+00
1.341999999999999823e-04,3.306584865440833187e+00
1.342999999999999847e-04,3.292099269120806859e+00
1.343999999999999871e-04,3.284514044706677183e+00
1.344999999999999896e-04,3.334647666331350901e+00
1.345999999999999920e-04,3.304902652055820234e+00
1.346999999999999944e-04,3.289015719278968852e+00
1.347999999999999969e-04,3.313738954534193759e+00
1.348999999999999993e-04,3.298362822726579768e+00
1.350000000000000017e-04,3.296206778305232454e+00
1.351000000000000042e-04,3.308434093078717275e+00
1.352000000000000066e-04,3.280621765976524440e+00
1.352999999999999819e-04,3.305289408058757594e+00
1.353999999999999843e-04,3.328694322115976156e+00
1.354999999999999868e-04,3.306992664932959514e+00
1.355999999999999892e-04,3.294356818443247903e+00
1.356999999999999916e-04,3.292393420793576109e+00
1.357999999999999941e-04,3.293844900399823139e+00
1.358999999999999965e-04,3.296190559829283107e+00
1.359999999999999989e-04,3.294332902008625830e+00
1.361000000000000014e-04,3.313744671616118520e+00
1.362000000000000038e-04,3.274001863451865280e+00
1.363000000000000062e-04,3.312930000756181936e+00
1.363999999999999815e-04,3.294304702122861528e+00
1.364999999999999840e-04,3.305654216785430588e+00
1.365999999999999864e-04,3.283095181346987079e+00
1.366999999999999888e-04,3.319929466002741414e+00
1.367999999999999913e-04,3.318684524402577996e+00
1.368999999999999937e-04,3.314393857886250849e+00
1.369999999999999961e-04,3.277278678363096720e+00
1.370999999999999986e-04,3.312436816065990719e+00
1.372000000000000010e-04,3.306072826314535362e+00
1.373000000000000034e-04,3.275920931293011318e+00
1.374000000000000059e-04,3.299635539243437776e+00
1.374999999999999812e-04,3.305468017335498665e+00
1.375999999999999836e-04,3.308341129107347012e+00
1.376999999999999860e-04,3.302658920504232487e+00
1.377999999999999885e-04,3.304368471252710382e+00
1.378999999999999909e-04,3.322104170883796392e+00
1.379999999999999933e-04,3.318390508648660031e+00
1.380999999999999958e-04,3.256994175693258775e+00
1.381999999999999982e-04,3.295238421677434637e+00
1.383000000000000006e-04,3.297530234586840692e+00
1.384000000000000031e-04,3.273718521409095139e+00
1.385000000000000055e-04,3.301412745873484322e+00
1.385999999999999808e-04,3.318731366586157527e+00
1.386999999999999832e-04,3.283701482106140990e+00
1.387999999999999857e-04,3.305046014080347927e+00
1.388999999999999881e-04,3.286262647840553441e+00
1.389999999999999905e-04,3.289921319644804498e+00
1.390999999999999930e-04,3.322160904512550417e+00
1.391999999999999954e-04,3.291861632698322548e+00
1.392999999999999978e-04,3.306933187335159285e+00
1.394000000000000003e-04,3.271931728259084959e+00
1.395000000000000027e-04,3.327934763420922870e+00
1.396000000000000051e-04,3.309039786694597307e+00
1.396999999999999804e-04,3.297262502360245762e+00
1.397999999999999829e-04,3.308633197649998081e+00
1.398999999999999853e-04,3.278852708565782592e+00
1.399999999999999877e-04,3.317737961126289825e+00
1.400999999999999902e-04,3.295140228367553270e+00
1.401999999999999926e-04,3.296938957274273108e+00
1.402999999999999950e-04,3.292625165775517448e+00
1.403999999999999975e-04,3.291290228958815955e+00
1.404999999999999999e-04,3.310420059174425944e+00
1.406000000000000023e-04,3.303838602751563158e+00
1.407000000000000048e-04,3.309776222121045386e+00
1.408000000000000072e-04,3.299868079657716446e+00
1.408999999999999825e-04,3.307697997166157755e+00
1.409999999999999849e-04,3.293717268841124035e+00
1.410999999999999874e-04,3.333445977621142919e+00
1.411999999999999898e-04,3.276481043753542544e+00
1.412999999999999922e-04,3.318914059853444787e+00
1.413999999999999947e-04,3.320518611760814309e+00
1.414999999999999971e-04,3.287217617910515699e+00
1.415999999999999995e-04,3.333439104158339550e+00
1.417000000000000020e-04,3.314932354244179535e+00
1.418000000000000044e-04,3.314567085102343658e+00
1.419000000000000068e-04,3.300420332805388046e+00
1.419999999999999821e-04,3.296741607626719528e+00
1.420999999999999846e-04,3.296858867594405496e+00
1.421999999999999870e-04,3.305857958944792507e+00
1.422999999999999894e-04,3.321017794125508349e+00
1.423999999999999919e-04,3.302719713267920909e+00
1.424999999999999943e-04,3.286328345652940630e+00
1.425999999999999967e-04,3.312366405935774694e+00
1.426999999999999992e-04,3.313817261195921571e+00
1.428000000000000016e-04,3.309819892926716633e+00
1.429000000000000040e-04,3.311182483597874704e+00
1.430000000000000064e-04,3.295936078047632556e+00
1.430999999999999818e-04,3.286065162493041036e+00
1.431999999999999842e-04,3.286977098540388109e+00
1.432999999999999866e-04,3.275468051273132009e+00
1.433999999999999891e-04,3.303554229173188972e+00
1.434999999999999915e-04,3.298748268251600724e+00
1.435999999999999939e-04,3.293400184432054179e+00
1.436999999999999964e-04,3.255665717634823597e+00
1.437999999999999988e-04,3.281290237954587408e+00
1.439000000000000012e-04,3.316812609771047526e+00
1.440000000000000036e-04,3.290030609999052835e+00
1.441000000000000061e-04,3.305408875164852489e+00
1.441999999999999814e-04,3.279139718550371008e+00
1.442999999999999838e-04,3.321580582235388324e+00
1.443999999999999863e-04,3.297839585099179516e+00
1.444999999999999887e-04,3.304350605947252717e+00
1.445999999999999911e-04,3.334886696878224921e+00
1.446999999999999936e-04,3.322746601508840936e+00
1.447999999999999960e-04,3.295401515680694171e+00
1.448999999999999984e-04,3.291101697226944456e+00
1.450000000000000009e-04,3.295116824827206692e+00
1.451000000000000033e-04,3.307648473727147653e+00
1.452000000000000057e-04,3.298421637986236554e+00
1.452999999999999810e-04,3.294071337824947765e+00
1.453999999999999835e-04,3.322007718760635608e+00
1.454999999999999859e-04,3.298286851623332350e+00
1.455999999999999883e-04,3.334493836395559629e+00
1.456999999999999908e-04,3.301361138456282429e+00
1.457999999999999932e-04,3.326779775913370596e+00
1.458999999999999956e-04,3.305359791340659381e+00
1.459999999999999981e-04,3.314444408598741454e+00
1.461000000000000005e-04,3.289130834227234068e+00
1.462000000000000029e-04,3.287193611661188619e+00
1.463000000000000053e-04,3.306895589325224538e+00
1.463999999999999807e-04,3.314828298636979476e+00
1.464999999999999831e-04,3.300603847530006796e+00
1.465999999999999855e-04,3.280704099973744459e+00
1.466999999999999880e-04,3.279596124505659738e+00
1.467999999999999904e-04,3.278592953967206292e+00
1.468999999999999928e-04,3.273485668305909257e+00
1.469999999999999953e-04,3.301642280391706041e+00
1.470999999999999977e-04,3.316875658825620299e+00
1.472000000000000001e-04,3.299798763196127638e+00
1.473000000000000025e-04,3.266093778639932221e+00
1.474000000000000050e-04,3.297138593094981474e+00
1.474999999999999803e-04,3.297558015050510605e+00
1.475999999999999827e-04,3.331439981253381255e+00
1.476999999999999852e-04,3.278142931306206265e+00
1.477999999999999876e-04,3.294139835961011897e+00
1.478999999999999900e-04,3.325587790208168304e+00
1.479999999999999925e-04,3.306749675120197907e+00
1.480999999999999949e-04,3.308449696102746085e+00
1.481999999999999973e-04,3.301718766555358009e+00
1.482999999999999997e-04,3.304949153079858704e+00
1.484000000000000022e-04,3.311664142954177770e+00
1.485000000000000046e-04,3.287857705216608473e+00
1.485999999999999799e-04,3.313170878683622700e+00
1.486999999999999824e-04,3.279404954746716783e+00
1.487999999999999848e-04,3.304925519592472938e+00
1.488999999999999872e-04,3.302681114449294686e+00
1.489999999999999897e-04,3.290755603677118390e+00
1.490999999999999921e-04,3.299659720870115276e+00
1.491999999999999945e-04,3.290661897710016603e+00
1.492999999999999969e-04,3.283924480097073495e+00
1.493999999999999994e-04,3.294695778875795344e+00
1.495000000000000018e-04,3.283440170469424935e+00
1.496000000000000042e-04,3.304841961961398678e+00
1.497000000000000067e-04,3.282748717587714360e+00
1.497999999999999820e-04,3.310679655344865413e+00
1.498999999999999844e-04,3.282277813981067549e+00
1.499999999999999869e-04,3.291505576266284816e+00
1.500999999999999893e-04,3.290630948876771988e+00
1.501999999999999917e-04,3.319877200933122552e+00
1.502999999999999942e-04,3.304954349184248574e+00
1.503999999999999966e-04,3.296823992961833927e+00
1.504999999999999990e-04,3.307480791616045579e+00
1.506000000000000014e-04,3.268392114790054315e+00
1.507000000000000039e-04,3.299352996155386020e+00
1.508000000000000063e-04,3.329962712667071223e+00
1.508999999999999816e-04,3.301985197596039701e+00
1.509999999999999841e-04,3.301018697537539737e+00
1.510999999999999865e-04,3.308221925694632581e+00
1.511999999999999889e-04,3.313434078649715175e+00
1.512999999999999914e-04,3.270037999606651979e+00
1.513999999999999938e-04,3.274765102773134373e+00
1.514999999999999962e-04,3.303154369366291920e+00
1.515999999999999986e-04,3.289276851571537374e+00
1.517000000000000011e-04,3.319680378933298481e+00
1.518000000000000035e-04,3.295272384151721301e+00
1.519000000000000059e-04,3.270982038964302951e+00
1.519999999999999813e-04,3.280979791247339961e+00
1.520999999999999837e-04,3.258754859705541129e+00
1.521999999999999861e-04,3.296488116940756274e+00
1.522999999999999886e-04,3.297174238091034049e+00
1.523999999999999910e-04,3.293633059353271442e+00
1.524999999999999934e-04,3.316183185585445781e+00
1.525999999999999958e-04,3.317977797547750018e+00
1.526999999999999983e-04,3.297444173649658250e+00
1.528000000000000007e-04,3.267979594987846959e+00
1.529000000000000031e-04,3.309259223707383679e+00
1.530000000000000056e-04,3.308330403427628408e+00
1.530999999999999809e-04,3.304640873552354030e+00
1.531999999999999833e-04,3.314722196239621610e+00
1.532999999999999858e-04,3.282527578553084080e+00
1.533999999999999882e-04,3.330131330792776900e+00
1.534999999999999906e-04,3.285608583702871677e+00
1.535999999999999930e-04,3.311238343908012638e+00
1.536999999999999955e-04,3.274689784583799668e+00
1.537999999999999979e-04,3.286046029690949055e+00
1.539000000000000003e-04,3.322745529700879885e+00
1.540000000000000028e-04,3.296086502654987260e+00
1.541000000000000052e-04,3.312598839076991819e+00
1.541999999999999805e-04,3.303554330830788643e+00
1.542999999999999830e-04,3.298425627659997250e+00
1.543999999999999854e-04,3.320457754873990197e+00
1.544999999999999878e-04,3.296450117630221222e+00
1.545999999999999903e-04,3.273288928386547614e+00
1.546999999999999927e-04,3.287951398620724053e+00
1.547999999999999951e-04,3.308267875930525292e+00
1.548999999999999975e-04,3.305932636595437568e+00
1.550000000000000000e-04,3.276494126246468408e+00
1.551000000000000024e-04,3.289134862208876964e+00
1.552000000000000048e-04,3.291274179761966234e+00
1.552999999999999802e-04,3.294517956088286237e+00
1.553999999999999826e-04,3.279361296170976381e+00
1.554999999999999850e-04,3.290574433378207431e+00
1.555999999999999875e-04,3.289070842721106835e+00
1.556999999999999899e-04,3.311572998896428643e+00
1.557999999999999923e-04,3.312136819664853515e+00
1.558999999999999947e-04,3.297812843128667737e+00
1.559999999999999972e-04,3.294119403061938733e+00
1.560999999999999996e-04,3.302098864680586665e+00
1.562000000000000020e-04,3.287751373388166254e+00
1.563000000000000045e-04,3.282797518767488043e+00
1.563999999999999798e-04,3.285896681866113944e+00
1.564999999999999822e-04,3.290477802540427987e+00
1.565999999999999847e-04,3.282547893003115558e+00
1.566999999999999871e-04,3.302430893385942756e+00
1.567999999999999895e-04,3.310945735106755272e+00
1.568999999999999919e-04,3.276193525488026115e+00
1.569999999999999944e-04,3.300376930668240227e+00
1.570999999999999968e-04,3.296700963071004686e+00
1.571999999999999992e-04,3.305122630283051866e+00
1.573000000000000017e-04,3.299805918478445843e+00
1.574000000000000041e-04,3.278196010801025295e+00
1.574999999999999794e-04,3.281064160517142447e+00
1.575999999999999819e-04,3.300441353633774444e+00
1.576999999999999843e-04,3.315431713796182400e+00
1.577999999999999867e-04,3.266787189434354755e+00
1.578999999999999891e-04,3.305185898697023728e+00
1.579999999999999916e-04,3.317844330079314563e+00
1.580999999999999940e-04,3.297704611856906443e+00
1.581999999999999964e-04,3.308253037440396227e+00
1.582999999999999989e-04,3.289453963786532764e+00
1.584000000000000013e-04,3.298209507010846586e+00
1.585000000000000037e-04,3.275686297225377519e+00
1.586000000000000062e-04,3.264834850373716790e+00
1.586999999999999815e-04,3.314141487018378740e+00
1.587999999999999839e-04,3.285225076084133278e+00
1.588999999999999864e-04,3.293167082324948147e+00
1.589999999999999888e-04,3.279203366200946768e+00
1.590999999999999912e-04,3.278850454453741570e+00
1.591999999999999936e-04,3.297392434498580549e+00
1.592999999999999961e-04,3.289056342087965046e+00
1.593999999999999985e-04,3.305669564969920149e+00
1.595000000000000009e-04,3.306788076284693734e+00
1.596000000000000034e-04,3.304812744694868965e+00
1.597000000000000058e-04,3.303579011863926329e+00
1.597999999999999811e-04,3.323666523073978141e+00
1.598999999999999836e-04,3.283986093464326572e+00
1.599999999999999860e-04,3.299175977006956195e+00
1.600999999999999884e-04,3.316990347307793741e+00
1.601999999999999908e-04,3.318968097140070572e+00
1.602999999999999933e-04,3.278673545259831013e+00
1.603999999999999957e-04,3.295314668375161737e+00
1.604999999999999981e-04,3.320371816438008938e+00
1.606000000000000006e-04,3.307621186577985650e+00
1.607000000000000030e-04,3.302928945472196620e+00
1.608000000000000054e-04,3.296734729598480129e+00
1.608999999999999808e-04,3.294242986114383598e+00
1.609999999999999832e-04,3.304323285946354716e+00
1.610999999999999856e-04,3.296214388125232375e+00
1.611999999999999880e-04,3.299361320684333077e+00
1.612999999999999905e-04,3.301178980591725320e+00
1.613999999999999929e-04,3.289828927072597331e+00
1.614999999999999953e-04,3.307981940608221372e+00
1.615999999999999978e-04,3.343713669726231075e+00
1.617000000000000002e-04,3.273345200410108902e+00
1.618000000000000026e-04,3.304860187862849408e+00
1.619000000000000051e-04,3.288597148670716397e+00
1.619999999999999804e-04,3.308661038662788378e+00
1.620999999999999828e-04,3.300698362099917738e+00
1.621999999999999852e-04,3.311427821610636979e+00
1.622999999999999877e-04,3.317632598647631603e+00
1.623999999999999901e-04,3.302886316766522334e+00
1.624999999999999925e-04,3.316980784326212461e+00
1.625999999999999950e-04,3.264835531593169637e+00
1.626999999999999974e-04,3.323856784468740333e+00
1.627999999999999998e-04,3.305625932278384749e+00
1.629000000000000023e-04,3.316167650336177442e+00
1.630000000000000047e-04,3.281701863827377164e+00
1.630999999999999800e-04,3.287538451775919857e+00
1.631999999999999825e-04,3.302189074412171355e+00
1.632999999999999849e-04,3.299744431659938027e+00
1.633999999999999873e-04,3.304246028820149839e+00
1.634999999999999897e-04,3.316267727413949373e+00
1.635999999999999922e-04,3.273521695270456888e+00
1.636999999999999946e-04,3.314607286075759607e+00
1.637999999999999970e-04,3.300124228649368607e+00
1.638999999999999995e-04,3.296943272083131760e+00
1.640000000000000019e-04,3.277933271484226641e+00
1.641000000000000043e-04,3.307545730025652997e+00
1.641999999999999797e-04,3.263788382234534158e+00
1.642999999999999821e-04,3.309725910168580310e+00
1.643999999999999845e-04,3.277618412467905085e+00
1.644999999999999869e-04,3.300801868689261731e+00
1.645999999999999894e-04,3.298212467440081230e+00
1.646999999999999918e-04,3.317543072209407917e+00
1.647999999999999942e-04,3.297320172464791366e+00
1.648999999999999967e-04,3.289587921582814989e+00
1.649999999999999991e-04,3.292400959560431772e+00
1.651000000000000015e-04,3.319093241531319904e+00
1.652000000000000040e-04,3.308044454537713008e+00
1.652999999999999793e-04,3.294215550277152182e+00
1.653999999999999817e-04,3.296453303700531912e+00
1.654999999999999841e-04,3.276492343641218330e+00
1.655999999999999866e-04,3.305827113012772767e+00
1.656999999999999890e-04,3.273602764384567987e+00
1.657999999999999914e-04,3.311276946987531833e+00
1.658999999999999939e-04,3.301929323887368817e+00
1.659999999999999963e-04,3.335804276993608486e+00
1.660999999999999987e-04,3.283497966694135073e+00
1.662000000000000012e-04,3.298460068634390119e+00
1.663000000000000036e-04,3.326974315513845593e+00
1.663999999999999789e-04,3.317870844604370983e+00
1.664999999999999813e-04,3.289556819226301165e+00
1.665999999999999838e-04,3.303359511425601358e+00
1.666999999999999862e-04,3.300029990346226239e+00
1.667999999999999886e-04,3.304229338010912009e+00
1.668999999999999911e-04,3.289519793460227159e+00
1.669999999999999935e-04,3.298660193959488840e+00
1.670999999999999959e-04,3.276029214370848930e+00
1.671999999999999984e-04,3.302026851778021133e+00
1.673000000000000008e-04,3.306750310101327361e+00
1.674000000000000032e-04,3.296588708810341384e+00
1.675000000000000057e-04,3.275774236641228132e+00
1.675999999999999810e-04,3.314827977942771842e+00
1.676999999999999834e-04,3.305467875569891856e+00
1.677999999999999858e-04,3.289109773534485193e+00
1.678999999999999883e-04,3.295790993297428972e+00
1.679999999999999907e-04,3.277489958958272442e+00
1.680999999999999931e-04,3.284618848083331155e+00
1.681999999999999956e-04,3.291932829804642857e+00
1.682999999999999980e-04,3.318426312184202143e+00
1.684000000000000004e-04,3.290407449136687479e+00
1.685000000000000029e-04,3.309603204889931316e+00
1.686000000000000053e-04,3.291925256957076051e+00
1.686999999999999806e-04,3.303719213412777744e+00
1.687999999999999830e-04,3.297879067467842873e+00
1.688999999999999855e-04,3.313095849001391091e+00
1.689999999999999879e-04,3.291977829926721277e+00
1.690999999999999903e-04,3.276412076249963334e+00
1.691999999999999928e-04,3.279270764529545357e+00
1.692999999999999952e-04,3.292021837590858535e+00
1.693999999999999976e-04,3.281264100439829079e+00
1.695000000000000001e-04,3.306153180235193112e+00
1.696000000000000025e-04,3.293013477527128696e+00
1.697000000000000049e-04,3.335619098250396153e+00
1.697999999999999802e-04,3.273934281072942820e+00
1.698999999999999827e-04,3.303054497680646850e+00
1.699999999999999851e-04,3.283080704647414638e+00
1.700999999999999875e-04,3.292598979894259426e+00
1.701999999999999900e-04,3.302121292100108185e+00
1.702999999999999924e-04,3.265119429376885485e+00
1.703999999999999948e-04,3.303552391751820139e+00
1.704999999999999973e-04,3.328543611934112523e+00
1.705999999999999997e-04,3.293198425524471062e+00
1.707000000000000021e-04,3.303897117852082399e+00
1.708000000000000046e-04,3.315373825396880747e+00
1.708999999999999799e-04,3.297540697499594664e+00
1.709999999999999823e-04,3.291285597172027622e+00
1.710999999999999847e-04,3.265863953944173392e+00
1.711999999999999872e-04,3.309614860790924595e+00
1.712999999999999896e-04,3.298302473854066275e+00
1.713999999999999920e-04,3.284809742229177321e+00
1.714999999999999945e-04,3.301898950654165166e+00
1.715999999999999969e-04,3.291244794647907312e+00
1.716999999999999993e-04,3.292073608033267096e+00
1.718000000000000018e-04,3.309094367341630427e+00
1.719000000000000042e-04,3.279924263830142017e+00
1.719999999999999795e-04,3.315709729291106189e+00
1.720999999999999819e-04,3.279034707553223793e+00
1.721999999999999844e-04,3.290059478874670873e+00
1.722999999999999868e-04,3.328844192910998423e+00
1.723999999999999892e-04,3.316910321424636265e+00
1.724999999999999917e-04,3.301464059887431635e+00
1.725999999999999941e-04,3.285892046767481478e+00
1.726999999999999965e-04,3.292060915399501297e+00
1.727999999999999990e-04,3.301099129718785274e+00
1.729000000000000014e-04,3.300562848485093959e+00
1.730000000000000038e-04,3.298636936055610480e+00
1.730999999999999791e-04,3.299537512288737151e+00
1.731999999999999816e-04,3.296784373354423092e+00
1.732999999999999840e-04,3.278370318965399655e+00
1.733999999999999864e-04,3.292252338867587280e+00
1.734999999999999889e-04,3.313719360809802339e+00
1.735999999999999913e-04,3.279474985536733112e+00
1.736999999999999937e-04,3.297156667326910817e+00
1.737999999999999962e-04,3.287703691068437184e+00
1.738999999999999986e-04,3.301670256440971674e+00
1.740000000000000010e-04,3.294170502283997770e+00
1.741000000000000035e-04,3.322160904974619910e+00
1.741999999999999788e-04,3.307598747312853416e+00
1.742999999999999812e-04,3.280322952513341495e+00
1.743999999999999836e-04,3.310068420174205439e+00
1.744999999999999861e-04,3.288380222156068733e+00
1.745999999999999885e-04,3.291345054429336781e+00
1.746999999999999909e-04,3.304707285301606845e+00
1.747999999999999934e-04,3.292623788704047705e+00
1.748999999999999958e-04,3.313392837244844014e+00
1.749999999999999982e-04,3.288382349077298983e+00
1.751000000000000007e-04,3.290715801711129540e+00
1.752000000000000031e-04,3.290154436596778087e+00
1.753000000000000055e-04,3.291515418774674018e+00
1.753999999999999808e-04,3.316487873333216818e+00
1.754999999999999833e-04,3.309431944404154446e+00
1.755999999999999857e-04,3.325649159310180902e+00
1.756999999999999881e-04,3.334014663058488814e+00
1.757999999999999906e-04,3.284539244521014645e+00
1.758999999999999930e-04,3.301056286909909154e+00
1.759999999999999954e-04,3.282356995250348408e+00
1.760999999999999979e-04,3.288335911083775986e+00
1.762000000000000003e-04,3.290548762346164668e+00
1.763000000000000027e-04,3.284142676887925827e+00
1.764000000000000051e-04,3.284221690906523605e+00
1.764999999999999805e-04,3.297835734322196011e+00
1.765999999999999829e-04,3.281749223724203635e+00
1.766999999999999853e-04,3.312631904387064452e+00
1.767999999999999878e-04,3.286233696938737125e+00
1.768999999999999902e-04,3.342143534551445860e+00
1.769999999999999926e-04,3.293229233235533737e+00
1.770999999999999951e-04,3.301080264628755589e+00
1.771999999999999975e-04,3.280569882233009160e+00
1.772999999999999999e-04,3.325591376371914265e+00
1.774000000000000023e-04,3.316792510212043688e+00
1.775000000000000048e-04,3.304453738061041701e+00
1.775999999999999801e-04,3.279797961768306180e+00
1.776999999999999825e-04,3.303160003165868996e+00
1.777999999999999850e-04,3.283178534309740826e+00
1.778999999999999874e-04,3.321935328952100086e+00
1.779999999999999898e-04,3.312137920977797467e+00
1.780999999999999923e-04,3.301431585577315975e+00
1.781999999999999947e-04,3.263454365051289940e+00
1.782999999999999971e-04,3.285248760320114148e+00
1.783999999999999996e-04,3.310316416973997811e+00
1.785000000000000020e-04,3.318193255375847084e+00
1.786000000000000044e-04,3.316637547172381684e+00
1.786999999999999797e-04,3.276119804966378002e+00
1.787999999999999822e-04,3.304523284602193467e+00
1.788999999999999846e-04,3.315232728247243799e+00
1.789999999999999870e-04,3.275124966516266056e+00
1.790999999999999895e-04,3.299881432269401227e+00
1.791999999999999919e-04,3.304107635974626866e+00
1.792999999999999943e-04,3.295488531227298790e+00
1.793999999999999968e-04,3.272217572168981903e+00
1.794999999999999992e-04,3.295114528348893845e+00
1.796000000000000016e-04,3.295090418546174682e+00
1.797000000000000040e-04,3.297778913931783684e+00
1.797999999999999794e-04,3.291547928618623775e+00
1.798999999999999818e-04,3.293354817701377613e+00
1.799999999999999842e-04,3.299404405764795101e+00
1.800999999999999867e-04,3.306636819074545652e+00
1.801999999999999891e-04,3.295433598557149679e+00
1.802999999999999915e-04,3.293855266074479982e+00
1.803999999999999940e-04,3.301385310573816678e+00
1.804999999999999964e-04,3.271186261111572069e+00
1.805999999999999988e-04,3.307155526908396759e+00
1.807000000000000012e-04,3.299991553543155653e+00
1.808000000000000037e-04,3.300595402898963471e+00
1.808999999999999790e-04,3.314411014613916961e+00
1.809999999999999814e-04,3.270707767049275905e+00
1.810999999999999839e-04,3.270392491952115233e+00
1.811999999999999863e-04,3.304107057679852577e+00
1.812999999999999887e-04,3.299893247173072197e+00
1.813999999999999912e-04,3.302552654147878908e+00
1.814999999999999936e-04,3.293068093872413282e+00
1.815999999999999960e-04,3.309965305113598877e+00
1.816999999999999984e-04,3.313989582644866427e+00
1.818000000000000009e-04,3.307259734409272678e+00
1.819000000000000033e-04,3.296087573123930969e+00
1.819999999999999786e-04,3.268384659185783914e+00
1.820999999999999811e-04,3.311538543120556621e+00
1.821999999999999835e-04,3.318325929993263923e+00
1.822999999999999859e-04,3.309668376179759619e+00
1.823999999999999884e-04,3.286805363589487161e+00
1.824999999999999908e-04,3.310106915905016045e+00
1.825999999999999932e-04,3.312907945619421479e+00
1.826999999999999957e-04,3.323382243716986206e+00
1.827999999999999981e-04,3.286858351136580314e+00
1.829000000000000005e-04,3.296603181231837709e+00
1.830000000000000029e-04,3.311209080767151480e+00
1.830999999999999783e-04,3.300861151071572408e+00
1.831999999999999807e-04,3.283240085969230559e+00
1.832999999999999831e-04,3.306219244275400371e+00
1.833999999999999856e-04,3.308679924507227366e+00
1.834999999999999880e-04,3.301319443444964641e+00
1.835999999999999904e-04,3.303293773907698849e+00
1.836999999999999929e-04,3.296119411474713878e+00
1.837999999999999953e-04,3.322174184035740829e+00
1.838999999999999977e-04,3.286489617244309880e+00
1.840000000000000001e-04,3.291190188558543284e+00
1.841000000000000026e-04,3.300164782702912802e+00
1.842000000000000050e-04,3.313184310415513423e+00
1.842999999999999803e-04,3.277539402448581995e+00
1.843999999999999828e-04,3.280345548753518248e+00
1.844999999999999852e-04,3.269434072383979206e+00
1.845999999999999876e-04,3.300490428378799024e+00
1.846999999999999901e-04,3.283225412741901827e+00
1.847999999999999925e-04,3.294231748349730982e+00
1.848999999999999949e-04,3.309920672848375656e+00
1.849999999999999973e-04,3.290376859188257175e+00
1.850999999999999998e-04,3.303469230341150364e+00
1.852000000000000022e-04,3.295509931383723945e+00
1.853000000000000046e-04,3.310081714726446300e+00
1.853999999999999800e-04,3.307126921010219878e+00
1.854999999999999824e-04,3.289620994557380662e+00
1.855999999999999848e-04,3.297470223698993230e+00
1.856999999999999873e-04,3.315656150965807125e+00
1.857999999999999897e-04,3.305900653053811311e+00
1.858999999999999921e-04,3.279045569133733018e+00
1.859999999999999945e-04,3.309834270917570542e+00
1.860999999999999970e-04,3.283730840663456441e+00
1.861999999999999994e-04,3.321187696049415106e+00
1.863000000000000018e-04,3.315361482597614984e+00
1.864000000000000043e-04,3.304348282138775961e+00
1.864999999999999796e-04,3.302358492651542576e+00
1.865999999999999820e-04,3.296864516159588643e+00
1.866999999999999845e-04,3.310177859271000056e+00
1.867999999999999869e-04,3.294438327458069082e+00
1.868999999999999893e-04,3.303533548059598424e+00
1.869999999999999917e-04,3.313079015497791602e+00
1.870999999999999942e-04,3.291572901847116039e+00
1.871999999999999966e-04,3.290757108900139283e+00
1.872999999999999990e-04,3.282084517789133127e+00
1.874000000000000015e-04,3.284032908808107276e+00
1.875000000000000039e-04,3.272574070328377438e+00
1.875999999999999792e-04,3.310947431835232546e+00
1.876999999999999817e-04,3.327133718131241480e+00
1.877999999999999841e-04,3.321379934152054236e+00
1.878999999999999865e-04,3.275608732670602041e+00
1.879999999999999890e-04,3.310872820073342826e+00
1.880999999999999914e-04,3.321331595248853130e+00
1.881999999999999938e-04,3.293147850288919987e+00
1.882999999999999962e-04,3.301521711459750374e+00
1.883999999999999987e-04,3.269881604237929729e+00
1.885000000000000011e-04,3.304001042519649545e+00
1.886000000000000035e-04,3.284046604058479257e+00
1.886999999999999789e-04,3.302994525268672543e+00
1.887999999999999813e-04,3.276581956167166521e+00
1.888999999999999837e-04,3.308142873367163617e+00
1.889999999999999862e-04,3.315367690131400202e+00
1.890999999999999886e-04,3.288252302074272215e+00
1.891999999999999910e-04,3.282946161278843089e+00
1.892999999999999934e-04,3.267659654361750210e+00
1.893999999999999959e-04,3.296003796988872026e+00
1.894999999999999983e-04,3.291276090985775671e+00
1.896000000000000007e-04,3.276734708814779129e+00
1.897000000000000032e-04,3.306795281344682369e+00
1.897999999999999785e-04,3.293250444272030286e+00
1.898999999999999809e-04,3.283863960620321265e+00
1.899999999999999834e-04,3.291681413915393151e+00
1.900999999999999858e-04,3.316069568083944041e+00
1.901999999999999882e-04,3.309044054156327963e+00
1.902999999999999906e-04,3.298049609077522426e+00
1.903999999999999931e-04,3.309286575276972453e+00
1.904999999999999955e-04,3.282586320654198531e+00
1.905999999999999979e-04,3.300485551510905502e+00
1.907000000000000004e-04,3.302209834957297030e+00
1.908000000000000028e-04,3.292952452372519101e+00
1.908999999999999781e-04,3.306531875039361079e+00
1.909999999999999806e-04,3.288293498180332897e+00
1.910999999999999830e-04,3.307647310616641523e+00
1.911999999999999854e-04,3.308277881572969203e+00
1.912999999999999878e-04,3.256242601789543833e+00
1.913999999999999903e-04,3.317854585552651780e+00
1.914999999999999927e-04,3.254285511519708685e+00
1.915999999999999951e-04,3.290759264616657909e+00
1.916999999999999976e-04,3.315380220513866050e+00
1.918000000000000000e-04,3.295240699121213090e+00
1.919000000000000024e-04,3.278007210262956495e+00
1.920000000000000049e-04,3.283593944074249649e+00
1.920999999999999802e-04,3.315403586194809016e+00
1.921999999999999826e-04,3.271177432041770139e+00
1.922999999999999851e-04,3.316934866514430258e+00
1.923999999999999875e-04,3.299173468514365659e+00
1.924999999999999899e-04,3.282114070043363530e+00
1.925999999999999923e-04,3.291253273915459410e+00
1.926999999999999948e-04,3.284741634883475037e+00
1.927999999999999972e-04,3.312993378012877965e+00
1.928999999999999996e-04,3.310986417146442484e+00
1.930000000000000021e-04,3.274212582991859133e+00
1.931000000000000045e-04,3.293946118222209840e+00
1.931999999999999798e-04,3.287052215064835803e+00
1.932999999999999823e-04,3.319402649526890237e+00
1.933999999999999847e-04,3.279748513228103679e+00
1.934999999999999871e-04,3.324063436570274810e+00
1.935999999999999895e-04,3.299500578907245796e+00
1.936999999999999920e-04,3.282570983904298689e+00
1.937999999999999944e-04,3.289840887239860567e+00
1.938999999999999968e-04,3.287975717388472940e+00
1.939999999999999993e-04,3.280880723969767043e+00
1.941000000000000017e-04,3.301422402895955344e+00
1.942000000000000041e-04,3.281581266739622027e+00
1.942999999999999795e-04,3.267294506868926973e+00
1.943999999999999819e-04,3.294304852937277150e+00
1.944999999999999843e-04,3.272957157053731692e+00
1.945999999999999867e-04,3.288717586978986862e+00
1.946999999999999892e-04,3.286363456670949645e+00
1.947999999999999916e-04,3.286931758919612534e+00
1.948999999999999940e-04,3.330014446523851923e+00
1.949999999999999965e-04,3.300846173507543391e+00
1.950999999999999989e-04,3.303680565134929914e+00
1.952000000000000013e-04,3.273354025554865210e+00
1.953000000000000038e-04,3.290190552995445827e+00
1.953999999999999791e-04,3.303229539449122676e+00
1.954999999999999815e-04,3.284632066306304665e+00
1.955999999999999839e-04,3.313620942652769408e+00
1.956999999999999864e-04,3.281959551211484527e+00
1.957999999999999888e-04,3.295704507962021967e+00
1.958999999999999912e-04,3.291209225400366645e+00
1.959999999999999937e-04,3.302464809890728770e+00
1.960999999999999961e-04,3.290392648922168650e+00
1.961999999999999985e-04,3.295936595593935703e+00
1.963000000000000010e-04,3.296458048623330139e+00
1.964000000000000034e-04,3.288984183639130254e+00
1.964999999999999787e-04,3.307276408027456593e+00
1.965999999999999812e-04,3.303575825622561357e+00
1.966999999999999836e-04,3.298670790821202292e+00
1.967999999999999860e-04,3.293543124998070670e+00
1.968999999999999884e-04,3.311948160457799606e+00
1.969999999999999909e-04,3.296462486342786935e+00
1.970999999999999933e-04,3.295399540682610873e+00
1.971999999999999957e-04,3.301570350448321811e+00
1.972999999999999982e-04,3.325448800244562797e+00
1.974000000000000006e-04,3.279894656879681847e+00
1.975000000000000030e-04,3.311547853395830021e+00
1.975999999999999784e-04,3.271602432581428133e+00
1.976999999999999808e-04,3.303259097373429043e+00
1.977999999999999832e-04,3.323626242414130960e+00
1.978999999999999856e-04,3.307330027867009470e+00
1.979999999999999881e-04,3.302559376178096695e+00
1.980999999999999905e-04,3.291593257967953878e+00
1.981999999999999929e-04,3.300465708007328303e+00
1.982999999999999954e-04,3.296219057768949412e+00
1.983999999999999978e-04,3.288210350881029420e+00
1.985000000000000002e-04,3.295651865767876831e+00
1.986000000000000027e-04,3.302975717409396328e+00
1.986999999999999780e-04,3.288491743972040027e+00
1.987999999999999804e-04,3.287905772689729389e+00
1.988999999999999828e-04,3.279596348436117026e+00
1.989999999999999853e-04,3.305860875391333220e+00
1.990999999999999877e-04,3.308179848929505784e+00
1.991999999999999901e-04,3.303474906663547372e+00
1.992999999999999926e-04,3.314477557390929974e+00
1.993999999999999950e-04,3.301318014556210656e+00
1.994999999999999974e-04,3.305880164060486237e+00
1.995999999999999999e-04,3.304557561384563247e+00
1.997000000000000023e-04,3.298626899708726690e+00
1.997999999999999776e-04,3.292037672578055130e+00
1.998999999999999800e-04,3.333212289236878512e+00
1.999999999999999825e-04,3.293220735302197166e+00
2.000999999999999849e-04,3.290011834333193441e+00
2.001999999999999873e-04,3.306510147351751527e+00
2.002999999999999898e-04,3.303777816229424680e+00
2.003999999999999922e-04,3.278928126785844999e+00
2.004999999999999946e-04,3.316840173818456083e+00
2.005999999999999971e-04,3.298587081369737106e+00
2.006999999999999995e-04,3.283336033571763846e+00
2.008000000000000019e-04,3.317831761715308136e+00
2.009000000000000044e-04,3.309385133573941928e+00
2.009999999999999797e-04,3.281031870120781235e+00
2.010999999999999821e-04,3.326657742603865486e+00
2.011999999999999845e-04,3.309881960525492772e+00
2.012999999999999870e-04,3.299847058265624078e+00
2.013999999999999894e-04,3.323853282084326732e+00
2.014999999999999918e-04,3.302389466757444492e+00
2.015999999999999943e-04,3.299578753873439130e+00
2.016999999999999967e-04,3.290095498259669959e+00
2.017999999999999991e-04,3.308727756589605828e+00
2.019000000000000016e-04,3.307149044509859692e+00
2.020000000000000040e-04,3.300220202098345545e+00
2.020999999999999793e-04,3.288150204691985934e+00
2.021999999999999817e-04,3.301948947812491042e+00
2.022999999999999842e-04,3.298953018213567567e+00
2.023999999999999866e-04,3.279997885218986831e+00
2.024999999999999890e-04,3.277922814730136913e+00
2.025999999999999915e-04,3.308477300682146183e+00
2.026999999999999939e-04,3.260971675274224602e+00
2.027999999999999963e-04,3.303081157904418586e+00
2.028999999999999988e-04,3.292828754133692470e+00
2.030000000000000012e-04,3.319623699103198433e+00
2.031000000000000036e-04,3.292597976862691844e+00
2.031999999999999789e-04,3.309892263213778385e+00
2.032999999999999814e-04,3.294046292381433094e+00
2.033999999999999838e-04,3.301706222302291938e+00
2.034999999999999862e-04,3.311052547963800663e+00
2.035999999999999887e-04,3.293061664255131138e+00
2.036999999999999911e-04,3.314948323267475683e+00
2.037999999999999935e-04,3.285094531843402610e+00
2.038999999999999960e-04,3.304418892638375294e+00
2.039999999999999984e-04,3.313839595841817420e+00
2.041000000000000008e-04,3.309900562376854705e+00
2.042000000000000033e-04,3.328746673151031121e+00
2.042999999999999786e-04,3.288548410240339948e+00
2.043999999999999810e-04,3.279312761229771223e+00
2.044999999999999834e-04,3.285084973372573103e+00
2.045999999999999859e-04,3.309906638498226528e+00
2.046999999999999883e-04,3.307468844014040510e+00
2.047999999999999907e-04,3.301533849894711103e+00
2.048999999999999932e-04,3.283155644263392681e+00
2.049999999999999956e-04,3.311503009399935582e+00
2.050999999999999980e-04,3.281629428335241627e+00
2.052000000000000005e-04,3.317384243735653104e+00
2.053000000000000029e-04,3.342861576347097685e+00
2.053999999999999782e-04,3.305496767198572883e+00
2.054999999999999806e-04,3.308746622034866025e+00
2.055999999999999831e-04,3.292607103466566265e+00
2.056999999999999855e-04,3.272846800183697447e+00
2.057999999999999879e-04,3.290959209554546572e+00
2.058999999999999904e-04,3.283606571383518524e+00
2.059999999999999928e-04,3.278294931353774366e+00
2.060999999999999952e-04,3.325835399129934533e+00
2.061999999999999977e-04,3.304092937770386484e+00
2.063000000000000001e-04,3.305695313709209771e+00
2.064000000000000025e-04,3.295364664522056231e+00
2.064999999999999778e-04,3.297406933763348480e+00
2.065999999999999803e-04,3.314468260233589980e+00
2.066999999999999827e-04,3.299514943219571617e+00
2.067999999999999851e-04,3.307960409070370922e+00
2.068999999999999876e-04,3.297059935532324459e+00
2.069999999999999900e-04,3.294867706639019289e+00
2.070999999999999924e-04,3.278896287515971952e+00
2.071999999999999949e-04,3.270333764064492943e+00
2.072999999999999973e-04,3.296076571484003903e+00
2.073999999999999997e-04,3.300847450379898351e+00
2.075000000000000022e-04,3.280708049449367891e+00
2.075999999999999775e-04,3.299482877024480398e+00
2.076999999999999799e-04,3.300806288444857461e+00
2.077999999999999823e-04,3.267659879909109222e+00
2.078999999999999848e-04,3.286273130107807194e+00
2.079999999999999872e-04,3.306108958406031917e+00
2.080999999999999896e-04,3.305805880940936081e+00
2.081999999999999921e-04,3.282694876254003358e+00
2.082999999999999945e-04,3.302376720757495665e+00
2.083999999999999969e-04,3.315336108380406710e+00
2.084999999999999994e-04,3.311656094384863191e+00
2.086000000000000018e-04,3.298570713194791004e+00
2.086999999999999771e-04,3.292980355300135553e+00
2.087999999999999795e-04,3.290559832734982315e+00
2.088999999999999820e-04,3.307017296743644863e+00
2.089999999999999844e-04,3.302926559597143097e+00
2.090999999999999868e-04,3.309441060091532716e+00
2.091999999999999893e-04,3.301978107196817280e+00
2.092999999999999917e-04,3.312281459255211669e+00
2.093999999999999941e-04,3.301418887994365114e+00
2.094999999999999966e-04,3.311770330741975243e+00
2.095999999999999990e-04,3.313062341555499390e+00
2.097000000000000014e-04,3.287932100546627545e+00
2.098000000000000038e-04,3.272877839296938429e+00
2.098999999999999792e-04,3.323152392840218017e+00
2.099999999999999816e-04,3.303849880960683549e+00
2.100999999999999840e-04,3.274282711567558124e+00
2.101999999999999865e-04,3.289292707541719096e+00
2.102999999999999889e-04,3.311578114385547167e+00
2.103999999999999913e-04,3.295804847533006399e+00
2.104999999999999938e-04,3.292319078710213009e+00
2.105999999999999962e-04,3.321013227904694443e+00
2.106999999999999986e-04,3.284290692804242795e+00
2.108000000000000010e-04,3.288027699633677248e+00
2.109000000000000035e-04,3.303170797125723812e+00
2.109999999999999788e-04,3.305856823980807935e+00
2.110999999999999812e-04,3.307445145515110596e+00
2.111999999999999837e-04,3.313668570668534041e+00
2.112999999999999861e-04,3.302978679310222709e+00
2.113999999999999885e-04,3.307340759084075987e+00
2.114999999999999910e-04,3.296111861110273544e+00
2.115999999999999934e-04,3.300940474548550441e+00
2.116999999999999958e-04,3.301613012700804539e+00
2.117999999999999983e-04,3.303226472037285255e+00
2.119000000000000007e-04,3.311588097113741025e+00
2.120000000000000031e-04,3.308327185229172240e+00
2.120999999999999784e-04,3.300663255043502442e+00
2.121999999999999809e-04,3.287863110225884178e+00
2.122999999999999833e-04,3.301015068870940539e+00
2.123999999999999857e-04,3.299579733226563505e+00
2.124999999999999882e-04,3.302897723697197918e+00
2.125999999999999906e-04,3.333097879607105796e+00
2.126999999999999930e-04,3.292143408321881459e+00
2.127999999999999955e-04,3.306334335286880144e+00
2.128999999999999979e-04,3.316026931008664302e+00
2.130000000000000003e-04,3.301470028711490645e+00
2.131000000000000027e-04,3.335067676787582425e+00
2.131999999999999781e-04,3.294329410624027510e+00
2.132999999999999805e-04,3.304861338334800447e+00
2.133999999999999829e-04,3.288017913826605021e+00
2.134999999999999854e-04,3.294727128972850583e+00
2.135999999999999878e-04,3.303734008655949683e+00
2.136999999999999902e-04,3.312694560934615673e+00
2.137999999999999927e-04,3.304786422510353372e+00
2.138999999999999951e-04,3.318886722740020723e+00
2.139999999999999975e-04,3.298575520341109790e+00
2.140999999999999999e-04,3.295017472052414576e+00
2.142000000000000024e-04,3.340559776609190568e+00
2.142999999999999777e-04,3.305913564741630228e+00
2.143999999999999801e-04,3.289207776810321615e+00
2.144999999999999826e-04,3.289586043566278928e+00
2.145999999999999850e-04,3.285859801282029924e+00
2.146999999999999874e-04,3.314048540337851456e+00
2.147999999999999899e-04,3.294534340606601219e+00
2.148999999999999923e-04,3.301910437134846887e+00
2.149999999999999947e-04,3.299047369883425951e+00
2.150999999999999971e-04,3.310972386119114041e+00
2.151999999999999996e-04,3.287298838606739437e+00
2.153000000000000020e-04,3.283866415707854536e+00
2.153999999999999773e-04,3.303364459607723624e+00
2.154999999999999798e-04,3.309014389270498402e+00
2.155999999999999822e-04,3.304987984696464487e+00
2.156999999999999846e-04,3.287858194063539852e+00
2.157999999999999871e-04,3.310162272631370861e+00
2.158999999999999895e-04,3.288842086093565431e+00
2.159999999999999919e-04,3.292176920328203860e+00
2.160999999999999944e-04,3.285840697129169818e+00
2.161999999999999968e-04,3.319517375229780409e+00
2.162999999999999992e-04,3.309501323115410010e+00
2.164000000000000016e-04,3.309074900635182725e+00
2.164999999999999770e-04,3.318708171317136468e+00
2.165999999999999794e-04,3.342189738723580827e+00
2.166999999999999818e-04,3.274361608441347382e+00
2.167999999999999843e-04,3.288924351286843351e+00
2.168999999999999867e-04,3.290757373737382085e+00
2.169999999999999891e-04,3.287237705664259213e+00
2.170999999999999916e-04,3.283836251285944030e+00
2.171999999999999940e-04,3.295505204039169467e+00
2.172999999999999964e-04,3.281750944270658721e+00
2.173999999999999988e-04,3.305025635513060944e+00
2.175000000000000013e-04,3.300775474821429079e+00
2.175999999999999766e-04,3.307215429971454679e+00
2.176999999999999790e-04,3.307615926774573722e+00
2.177999999999999815e-04,3.309045102801400073e+00
2.178999999999999839e-04,3.294398865947641752e+00
2.179999999999999863e-04,3.331817151039504932e+00
2.180999999999999888e-04,3.303516466747231206e+00
2.181999999999999912e-04,3.272062728710627866e+00
2.182999999999999936e-04,3.284964363813506427e+00
2.183999999999999960e-04,3.273892455164582493e+00
2.184999999999999985e-04,3.300260019437269321e+00
2.186000000000000009e-04,3.298172921639199728e+00
2.187000000000000033e-04,3.292973614531507831e+00
2.187999999999999787e-04,3.330163891686007460e+00
2.188999999999999811e-04,3.308234743111153620e+00
2.189999999999999835e-04,3.310891475421694707e+00
2.190999999999999860e-04,3.286033897680868066e+00
2.191999999999999884e-04,3.285012826630034688e+00
2.192999999999999908e-04,3.300552082486454264e+00
2.193999999999999932e-04,3.302595107094782989e+00
2.194999999999999957e-04,3.272155326493282779e+00
2.195999999999999981e-04,3.297295394657256740e+00
2.197000000000000005e-04,3.300211081243102473e+00
2.198000000000000030e-04,3.296772762513433097e+00
2.198999999999999783e-04,3.287799143814799763e+00
2.199999999999999807e-04,3.291906972271182674e+00
2.200999999999999832e-04,3.297347112096407962e+00
2.201999999999999856e-04,3.301362000354150616e+00
2.202999999999999880e-04,3.309071873738258507e+00
2.203999999999999905e-04,3.316212843074263006e+00
2.204999999999999929e-04,3.295584784147091106e+00
2.205999999999999953e-04,3.293157657058269461e+00
2.206999999999999977e-04,3.306564835103014577e+00
2.208000000000000002e-04,3.309162673746162575e+00
2.209000000000000026e-04,3.293486993501116622e+00
2.209999999999999779e-04,3.311855902154492437e+00
2.210999999999999804e-04,3.314693780117339283e+00
2.211999999999999828e-04,3.319375296984879764e+00
2.212999999999999852e-04,3.326674813600797087e+00
2.213999999999999877e-04,3.287003757920108349e+00
2.214999999999999901e-04,3.300208473139987664e+00
2.215999999999999925e-04,3.300169165449279518e+00
2.216999999999999949e-04,3.298528896472012306e+00
2.217999999999999974e-04,3.290261056205847634e+00
2.218999999999999998e-04,3.277716569951533820e+00
2.220000000000000022e-04,3.301390191690434683e+00
2.220999999999999776e-04,3.288474665106781103e+00
2.221999999999999800e-04,3.301289902211214322e+00
2.222999999999999824e-04,3.288089346874516927e+00
2.223999999999999849e-04,3.283505124812334586e+00
2.224999999999999873e-04,3.303514475405653350e+00
2.225999999999999897e-04,3.302263822902097079e+00
2.226999999999999921e-04,3.308689229569814039e+00
2.227999999999999946e-04,3.332787956496264137e+00
2.228999999999999970e-04,3.304159342968162605e+00
2.229999999999999994e-04,3.307276226505961869e+00
2.231000000000000019e-04,3.283836580066989974e+00
2.231999999999999772e-04,3.280696388391953988e+00
2.232999999999999796e-04,3.323742441701599937e+00
2.233999999999999821e-04,3.286147803301000092e+00
2.234999999999999845e-04,3.284340838927970019e+00
2.235999999999999869e-04,3.299413516181751493e+00
2.236999999999999893e-04,3.298647113799339170e+00
2.237999999999999918e-04,3.286462402403350413e+00
2.238999999999999942e-04,3.295425401719303427e+00
2.239999999999999966e-04,3.318440635764751345e+00
2.240999999999999991e-04,3.287910095867522919e+00
2.242000000000000015e-04,3.279094912734507261e+00
2.242999999999999768e-04,3.314138904313496781e+00
2.243999999999999793e-04,3.307384453679070191e+00
2.244999999999999817e-04,3.290692220690270009e+00
2.245999999999999841e-04,3.276267494758096088e+00
2.246999999999999865e-04,3.288830649653421201e+00
2.247999999999999890e-04,3.299179433447260834e+00
2.248999999999999914e-04,3.317485081348257037e+00
2.249999999999999938e-04,3.284451270376954835e+00
2.250999999999999963e-04,3.298732201777327511e+00
2.251999999999999987e-04,3.310127169898423372e+00
2.253000000000000011e-04,3.264280989898170837e+00
2.253999999999999765e-04,3.315506792519083312e+00
2.254999999999999789e-04,3.282263241416903288e+00
2.255999999999999813e-04,3.304979932401853837e+00
2.256999999999999838e-04,3.303700247244160781e+00
2.257999999999999862e-04,3.316268795871957664e+00
2.258999999999999886e-04,3.308263865713402918e+00
2.259999999999999910e-04,3.264340642624050215e+00
2.260999999999999935e-04,3.288228311292659800e+00
2.261999999999999959e-04,3.302073076940299057e+00
2.262999999999999983e-04,3.297075301708202844e+00
2.264000000000000008e-04,3.307164160946351572e+00
2.265000000000000032e-04,3.311840498335045346e+00
2.265999999999999785e-04,3.309126776046444895e+00
2.266999999999999810e-04,3.296785875861683035e+00
2.267999999999999834e-04,3.272304944833192675e+00
2.268999999999999858e-04,3.293167781267177574e+00
2.269999999999999882e-04,3.306245522222084343e+00
2.270999999999999907e-04,3.283643291211742810e+00
2.271999999999999931e-04,3.309469120951823662e+00
2.272999999999999955e-04,3.313625899459009538e+00
2.273999999999999980e-04,3.301903004644437534e+00
2.275000000000000004e-04,3.254043302005313887e+00
2.276000000000000028e-04,3.280828674559322700e+00
2.276999999999999782e-04,3.328292837378341140e+00
2.277999999999999806e-04,3.291801933104574029e+00
2.278999999999999830e-04,3.270237851653064798e+00
2.279999999999999854e-04,3.318528710824653949e+00
2.280999999999999879e-04,3.300200333873154701e+00
2.281999999999999903e-04,3.316574107334365529e+00
2.282999999999999927e-04,3.304154380128290214e+00
2.283999999999999952e-04,3.306878387043182155e+00
2.284999999999999976e-04,3.305445138715717768e+00
2.286000000000000000e-04,3.310462324678814738e+00
2.287000000000000025e-04,3.334161456728341300e+00
2.287999999999999778e-04,3.314565095039387455e+00
2.288999999999999802e-04,3.276294910232316671e+00
2.289999999999999826e-04,3.306699922729183339e+00
2.290999999999999851e-04,3.317122211521548181e+00
2.291999999999999875e-04,3.318040512098042072e+00
2.292999999999999899e-04,3.293600925254113410e+00
2.293999999999999924e-04,3.317474166677821579e+00
2.294999999999999948e-04,3.313916135993268064e+00
2.295999999999999972e-04,3.338587761554545619e+00
2.296999999999999997e-04,3.288749973956272221e+00
2.298000000000000021e-04,3.292388991353993433e+00
2.298999999999999774e-04,3.295408214273100711e+00
2.299999999999999799e-04,3.292646667749418388e+00
2.300999999999999823e-04,3.286649688753545906e+00
2.301999999999999847e-04,3.258559867414893674e+00
2.302999999999999871e-04,3.293479507894153002e+00
2.303999999999999896e-04,3.305540370895498459e+00
2.304999999999999920e-04,3.292601672317410966e+00
2.305999999999999944e-04,3.329030717752936575e+00
2.306999999999999969e-04,3.300200637190737751e+00
2.307999999999999993e-04,3.319365435827761779e+00
2.309000000000000017e-04,3.303921306190949370e+00
2.309999999999999771e-04,3.312396109648398479e+00
2.310999999999999795e-04,3.304188623309003425e+00
2.311999999999999819e-04,3.320531769478553219e+00
2.312999999999999843e-04,3.300839090251985741e+00
2.313999999999999868e-04,3.307441810621331690e+00
2.314999999999999892e-04,3.305494994004750442e+00
2.315999999999999916e-04,3.295675718128090015e+00
2.316999999999999941e-04,3.306074734783869928e+00
2.317999999999999965e-04,3.333515793692964913e+00
2.318999999999999989e-04,3.295944045868568040e+00
2.320000000000000014e-04,3.306291973392798678e+00
2.320999999999999767e-04,3.318866684263041655e+00
2.321999999999999791e-04,3.317103799214164095e+00
2.322999999999999815e-04,3.300175746265790355e+00
2.323999999999999840e-04,3.264249169455639255e+00
2.324999999999999864e-04,3.307750542279726869e+00
2.325999999999999888e-04,3.266707886120653992e+00
2.326999999999999913e-04,3.322049058464118243e+00
2.327999999999999937e-04,3.302542108067898941e+00
2.328999999999999961e-04,3.314995110298079695e+00
2.329999999999999986e-04,3.286468332927284131e+00
2.331000000000000010e-04,3.276712387900499124e+00
2.331999999999999763e-04,3.303911315762117162e+00
2.332999999999999787e-04,3.299495948400657852e+00
2.333999999999999812e-04,3.292626887607642328e+00
2.334999999999999836e-04,3.301269919210991333e+00
2.335999999999999860e-04,3.341511538380483870e+00
2.336999999999999885e-04,3.312517883210535530e+00
2.337999999999999909e-04,3.315742479087949501e+00
2.338999999999999933e-04,3.312659053373300022e+00
2.339999999999999958e-04,3.322191932157782635e+00
2.340999999999999982e-04,3.297148924906488698e+00
2.342000000000000006e-04,3.269178580384870525e+00
2.342999999999999760e-04,3.297171208004909815e+00
2.343999999999999784e-04,3.312176035649947448e+00
2.344999999999999808e-04,3.285452994073273736e+00
2.345999999999999832e-04,3.297354510742660061e+00
2.346999999999999857e-04,3.289623453854964907e+00
2.347999999999999881e-04,3.322530438777646644e+00
2.348999999999999905e-04,3.311241855231098263e+00
2.349999999999999930e-04,3.309773109309659400e+00
2.350999999999999954e-04,3.309324019696814556e+00
2.351999999999999978e-04,3.299441261211717880e+00
2.353000000000000003e-04,3.302963344237912491e+00
2.354000000000000027e-04,3.282222231292014847e+00
2.354999999999999780e-04,3.267203370318741307e+00
2.355999999999999804e-04,3.302251216955175206e+00
2.356999999999999829e-04,3.304859853844082096e+00
2.357999999999999853e-04,3.318138968526380683e+00
2.358999999999999877e-04,3.323570037241235120e+00
2.359999999999999902e-04,3.323549977274983913e+00
2.360999999999999926e-04,3.285029646100591449e+00
2.361999999999999950e-04,3.294716024475753180e+00
2.362999999999999975e-04,3.307205014438220569e+00
2.363999999999999999e-04,3.337978570166132641e+00
2.365000000000000023e-04,3.322201488055708474e+00
2.365999999999999776e-04,3.316790957429975428e+00
2.366999999999999801e-04,3.294183180666760524e+00
2.367999999999999825e-04,3.286752005532672882e+00
2.368999999999999849e-04,3.311833618250748401e+00
2.369999999999999874e-04,3.283490081036484209e+00
2.370999999999999898e-04,3.296423454735295078e+00
2.371999999999999922e-04,3.298278330764970789e+00
2.372999999999999947e-04,3.323893681336842043e+00
2.373999999999999971e-04,3.294679540455604627e+00
2.374999999999999995e-04,3.263411255421410750e+00
2.376000000000000020e-04,3.307566669714936847e+00
2.376999999999999773e-04,3.289514672203440959e+00
2.377999999999999797e-04,3.300639465366566050e+00
2.378999999999999821e-04,3.298699429487367940e+00
2.379999999999999846e-04,3.295894440062733466e+00
2.380999999999999870e-04,3.311855108726770247e+00
2.381999999999999894e-04,3.277007026824709346e+00
2.382999999999999919e-04,3.292244786625684316e+00
2.383999999999999943e-04,3.310260568696760330e+00
2.384999999999999967e-04,3.290788728369834271e+00
2.385999999999999992e-04,3.275867899360950464e+00
2.387000000000000016e-04,3.310028330148850895e+00
2.387999999999999769e-04,3.316846419456622730e+00
2.388999999999999793e-04,3.299325071885354621e+00
2.389999999999999818e-04,3.270587316022957047e+00
2.390999999999999842e-04,3.310589546200481958e+00
2.391999999999999866e-04,3.275101681778704421e+00
2.392999999999999891e-04,3.304631989152722493e+00
2.393999999999999915e-04,3.286688042628867379e+00
2.394999999999999939e-04,3.282602410713495455e+00
2.395999999999999964e-04,3.293371349743804632e+00
2.396999999999999988e-04,3.297250536653590913e+00
2.398000000000000012e-04,3.290336876244202902e+00
2.398999999999999765e-04,3.308830549173227276e+00
2.399999999999999790e-04,3.293308959323117513e+00
2.400999999999999814e-04,3.314702863075077222e+00
2.401999999999999838e-04,3.304217597484651936e+00
2.402999999999999863e-04,3.289536641901054992e+00
2.403999999999999887e-04,3.287010901742515756e+00
2.404999999999999911e-04,3.275287555514288407e+00
2.405999999999999936e-04,3.304360997668001954e+00
2.406999999999999960e-04,3.294681186791229344e+00
2.407999999999999984e-04,3.264417067079047108e+00
2.409000000000000009e-04,3.291964276908458942e+00
2.409999999999999762e-04,3.286484489561175337e+00
2.410999999999999786e-04,3.323635163882559862e+00
2.411999999999999810e-04,3.274458320821600044e+00
2.412999999999999835e-04,3.278379738003989186e+00
2.413999999999999859e-04,3.316649544646585124e+00
2.414999999999999883e-04,3.320351447361959085e+00
2.415999999999999908e-04,3.288825255919115342e+00
2.416999999999999932e-04,3.290518712657866107e+00
2.417999999999999956e-04,3.309243530948299483e+00
2.418999999999999981e-04,3.265093503045820356e+00
2.420000000000000005e-04,3.272082094732416291e+00
2.420999999999999758e-04,3.295788998987239093e+00
2.421999999999999782e-04,3.323248358491936560e+00
2.422999999999999807e-04,3.293464048677498646e+00
2.423999999999999831e-04,3.301514051876027089e+00
2.424999999999999855e-04,3.317006839088460168e+00
2.425999999999999880e-04,3.331603270999171862e+00
2.426999999999999904e-04,3.291347272902775067e+00
2.427999999999999928e-04,3.299747449143998423e+00
2.428999999999999953e-04,3.327330828320142597e+00
2.429999999999999977e-04,3.277167010872128472e+00
2.431000000000000001e-04,3.315413716058307259e+00
2.432000000000000025e-04,3.284725267014581007e+00
2.432999999999999779e-04,3.301537085506547342e+00
2.433999999999999803e-04,3.296360714288995908e+00
2.434999999999999827e-04,3.285629825989481390e+00
2.435999999999999852e-04,3.285253471085125554e+00
2.436999999999999876e-04,3.304146215463806158e+00
2.437999999999999900e-04,3.314933089922440068e+00
2.438999999999999925e-04,3.298053956952172072e+00
2.439999999999999949e-04,3.301051697380998018e+00
2.440999999999999973e-04,3.308567610994365360e+00
2.441999999999999726e-04,3.285425718404805462e+00
2.442999999999999751e-04,3.311095387626193709e+00
2.443999999999999775e-04,3.312290146455895812e+00
2.444999999999999799e-04,3.339054394481256072e+00
2.445999999999999824e-04,3.294358437141605922e+00
2.446999999999999848e-04,3.293128772974978080e+00
2.447999999999999872e-04,3.311534488073605953e+00
2.448999999999999897e-04,3.312286562533681700e+00
2.449999999999999921e-04,3.291973692699349030e+00
2.450999999999999945e-04,3.293952559846049066e+00
2.451999999999999970e-04,3.308116962573270481e+00
2.452999999999999994e-04,3.287586236388980065e+00
2.454000000000000018e-04,3.293841990179774637e+00
2.455000000000000042e-04,3.301343891510526429e+00
2.456000000000000067e-04,3.314939080272333527e+00
2.457000000000000091e-04,3.290931020757306591e+00
2.458000000000000115e-04,3.272364233069539718e+00
2.459000000000000140e-04,3.271251037987226606e+00
2.459999999999999622e-04,3.281108803999407630e+00
2.460999999999999646e-04,3.280302484227000548e+00
2.461999999999999670e-04,3.297680838620701049e+00
2.462999999999999695e-04,3.282166797696035587e+00
2.463999999999999719e-04,3.289458675602681570e+00
2.464999999999999743e-04,3.288388711725269253e+00
2.465999999999999768e-04,3.293392382087279913e+00
2.466999999999999792e-04,3.319837564972846877e+00
2.467999999999999816e-04,3.309929213841457774e+00
2.468999999999999841e-04,3.300241941229139719e+00
2.469999999999999865e-04,3.293084605791287256e+00
2.470999999999999889e-04,3.293501510150654621e+00
2.471999999999999914e-04,3.304916197049279081e+00
2.472999999999999938e-04,3.308762536100284368e+00
2.473999999999999962e-04,3.286385737408490826e+00
2.474999999999999986e-04,3.300547211334213138e+00
2.476000000000000011e-04,3.269525706470054249e+00
2.477000000000000035e-04,3.303175706762558672e+00
2.478000000000000059e-04,3.311432238629380187e+00
2.479000000000000084e-04,3.295798970596786504e+00
2.480000000000000108e-04,3.327247904942101542e+00
2.481000000000000132e-04,3.286781423288458903e+00
2.482000000000000157e-04,3.303261606229548786e+00
2.482999999999999639e-04,3.299462628800010400e+00
2.483999999999999663e-04,3.298495534988348687e+00
2.484999999999999687e-04,3.298285167479928504e+00
2.485999999999999712e-04,3.301606575450141801e+00
2.486999999999999736e-04,3.312719381151955300e+00
2.487999999999999760e-04,3.320666043544120871e+00
2.488999999999999785e-04,3.299966246332437514e+00
2.489999999999999809e-04,3.312229741082574286e+00
2.490999999999999833e-04,3.289473495805998127e+00
2.491999999999999858e-04,3.311489331790893331e+00
2.492999999999999882e-04,3.288570127142595112e+00
2.493999999999999906e-04,3.316359899041321668e+00
2.494999999999999931e-04,3.333159613160898260e+00
2.495999999999999955e-04,3.298168741680429061e+00
2.496999999999999979e-04,3.267111847637888644e+00
2.498000000000000003e-04,3.291778906001327609e+00
2.499000000000000028e-04,3.318478127014339307e+00
