time,V(OUT)
0.000000000000000000e+00,3.126934607221514284e-01
9.999999999999999547e-08,5.305598159205017483e-02
1.999999999999999909e-07,5.761451013572903290e-02
2.999999999999999864e-07,2.091567206354905117e-01
3.999999999999999819e-07,2.651188511247068447e-01
4.999999999999999774e-07,2.633290420598818904e-01
5.999999999999999728e-07,3.700677027164216981e-01
6.999999999999999683e-07,4.146527765034375146e-01
7.999999999999999638e-07,4.694940564089636892e-01
8.999999999999999593e-07,5.137822375614853332e-01
9.999999999999999547e-07,5.635787351306459358e-01
1.100000000000000056e-06,6.289906058425137614e-01
1.199999999999999946e-06,6.716097280579360618e-01
1.299999999999999835e-06,7.267042833951742331e-01
1.399999999999999937e-06,7.226174400864682212e-01
1.500000000000000038e-06,7.699184060944802566e-01
1.599999999999999928e-06,8.250658973554944042e-01
1.699999999999999817e-06,8.851784641066061665e-01
1.799999999999999919e-06,9.314564404456765478e-01
1.900000000000000020e-06,9.694186610416172245e-01
1.999999999999999909e-06,1.029958533260542985e+00
2.099999999999999799e-06,1.041943762756228242e+00
2.200000000000000112e-06,1.081529718828900144e+00
2.300000000000000002e-06,1.123572127849594926e+00
2.399999999999999891e-06,1.197295793312535217e+00
2.499999999999999781e-06,1.241594355058876609e+00
2.599999999999999671e-06,1.237079922847122981e+00
2.699999999999999984e-06,1.286833993583507585e+00
2.799999999999999873e-06,1.347119111578750417e+00
2.899999999999999763e-06,1.337373099598642812e+00
3.000000000000000076e-06,1.399077038547095864e+00
3.099999999999999966e-06,1.447003171714345449e+00
3.199999999999999855e-06,1.445218091552924022e+00
3.299999999999999745e-06,1.496185588832013469e+00
3.399999999999999634e-06,1.545825191779715002e+00
3.499999999999999947e-06,1.553148840721255697e+00
3.599999999999999837e-06,1.593245443007389017e+00
3.699999999999999727e-06,1.640268449239018711e+00
3.800000000000000040e-06,1.653686640737354718e+00
3.899999999999999929e-06,1.705349929968402733e+00
3.999999999999999819e-06,1.704443946915070507e+00
4.099999999999999709e-06,1.755571370217708038e+00
4.199999999999999598e-06,1.751201757729974551e+00
4.299999999999999488e-06,1.809412396226313113e+00
4.400000000000000224e-06,1.804414151239472686e+00
4.500000000000000114e-06,1.853327318635108911e+00
4.600000000000000004e-06,1.854378652126467575e+00
4.699999999999999893e-06,1.919936338192654857e+00
4.799999999999999783e-06,1.897402643507727360e+00
4.899999999999999672e-06,1.962373728625774749e+00
4.999999999999999562e-06,1.949300337434257457e+00
5.099999999999999452e-06,2.010288099970062081e+00
5.199999999999999341e-06,2.008335735089074703e+00
5.300000000000000078e-06,2.049989830219920872e+00
5.399999999999999967e-06,2.064834225542602653e+00
5.499999999999999857e-06,2.111782271626846619e+00
5.599999999999999747e-06,2.101467261944632181e+00
5.699999999999999636e-06,2.170662408544645317e+00
5.799999999999999526e-06,2.174235037067933529e+00
5.899999999999999415e-06,2.174565746053779502e+00
6.000000000000000152e-06,2.219341238643909087e+00
6.100000000000000042e-06,2.217463848831462858e+00
6.199999999999999931e-06,2.225156439725374913e+00
6.299999999999999821e-06,2.278844301512040538e+00
6.399999999999999710e-06,2.275551412217253766e+00
6.499999999999999600e-06,2.314663274386621339e+00
6.599999999999999490e-06,2.321520569119289501e+00
6.699999999999999379e-06,2.322949596865748756e+00
6.799999999999999269e-06,2.361017298186496305e+00
6.900000000000000005e-06,2.374691163957724171e+00
6.999999999999999895e-06,2.385512950955876121e+00
7.099999999999999785e-06,2.427277116994804640e+00
7.199999999999999674e-06,2.432277978488650572e+00
7.299999999999999564e-06,2.424534988380772305e+00
7.399999999999999453e-06,2.474560690056096579e+00
7.499999999999999343e-06,2.477287628340485437e+00
7.600000000000000080e-06,2.470105040112092976e+00
7.699999999999999122e-06,2.469217348876593388e+00
7.799999999999999859e-06,2.534160327343016217e+00
7.899999999999998901e-06,2.534796554057198836e+00
7.999999999999999638e-06,2.520615862106475813e+00
8.100000000000000375e-06,2.583932992827323361e+00
8.199999999999999417e-06,2.577603240146363994e+00
8.300000000000000154e-06,2.580163851446942491e+00
8.399999999999999196e-06,2.580886311836610325e+00
8.499999999999999933e-06,2.635653602808745610e+00
8.599999999999998976e-06,2.630183809211178669e+00
8.699999999999999712e-06,2.638148471971811571e+00
8.800000000000000449e-06,2.631543977038559134e+00
8.899999999999999491e-06,2.633432605634816959e+00
9.000000000000000228e-06,2.676250424450776322e+00
9.099999999999999271e-06,2.694201954064229021e+00
9.200000000000000007e-06,2.684068949539229809e+00
9.299999999999999050e-06,2.685527984552070535e+00
9.399999999999999786e-06,2.723163385132730596e+00
9.499999999999998829e-06,2.727876287861525029e+00
9.599999999999999566e-06,2.740239802127511837e+00
9.700000000000000302e-06,2.734533846709755078e+00
9.799999999999999345e-06,2.721329821591026210e+00
9.900000000000000081e-06,2.790604739573902648e+00
9.999999999999999124e-06,2.781112303173883582e+00
1.009999999999999986e-05,2.792842901915260079e+00
1.019999999999999890e-05,2.783847985928377788e+00
1.029999999999999964e-05,2.785603240116123036e+00
1.039999999999999868e-05,2.843011227471549773e+00
1.049999999999999942e-05,2.830552542174872066e+00
1.060000000000000016e-05,2.829980419152996252e+00
1.069999999999999920e-05,2.834758509477611543e+00
1.079999999999999993e-05,2.840900536797727138e+00
1.089999999999999898e-05,2.827952236484319037e+00
1.099999999999999971e-05,2.825929292400665371e+00
1.109999999999999876e-05,2.892442325562262440e+00
1.119999999999999949e-05,2.883882130124597598e+00
1.130000000000000023e-05,2.885146643922478216e+00
1.139999999999999927e-05,2.876359137588358816e+00
1.150000000000000001e-05,2.883426124113887656e+00
1.159999999999999905e-05,2.887454596220212721e+00
1.169999999999999979e-05,2.944644767145737418e+00
1.179999999999999883e-05,2.934435119002591907e+00
1.189999999999999957e-05,2.949006756721394673e+00
1.200000000000000030e-05,2.934955163854921167e+00
1.209999999999999935e-05,2.934963949190488641e+00
1.220000000000000008e-05,2.948286645311386511e+00
1.229999999999999913e-05,2.940331260914183620e+00
1.239999999999999986e-05,2.935750351625930232e+00
1.249999999999999890e-05,2.989694201212916180e+00
1.259999999999999964e-05,2.998743441465252069e+00
1.269999999999999868e-05,2.999422216917753570e+00
1.279999999999999942e-05,2.985724240924378048e+00
1.290000000000000016e-05,2.990370397139524794e+00
1.299999999999999920e-05,2.991165940966005188e+00
1.309999999999999994e-05,2.984707559336900129e+00
1.319999999999999898e-05,2.990290889684099618e+00
1.329999999999999972e-05,2.990656937162709639e+00
1.339999999999999876e-05,3.049028756873620072e+00
1.349999999999999949e-05,3.049432050169866848e+00
1.359999999999999854e-05,3.040212243609845988e+00
1.369999999999999927e-05,3.040903781136834905e+00
1.380000000000000001e-05,3.046173253812333837e+00
1.389999999999999905e-05,3.038676369306437586e+00
1.399999999999999979e-05,3.045719340910424400e+00
1.409999999999999883e-05,3.041660061075784682e+00
1.419999999999999957e-05,3.036371108533568286e+00
1.429999999999999861e-05,3.036446479722721747e+00
1.439999999999999935e-05,3.050869852176186559e+00
1.450000000000000009e-05,3.092811471125139988e+00
1.459999999999999913e-05,3.103592124563389731e+00
1.469999999999999986e-05,3.090668182435710509e+00
1.479999999999999891e-05,3.095497231206788769e+00
1.489999999999999964e-05,3.108106060338109433e+00
1.499999999999999869e-05,3.087405679532020386e+00
1.509999999999999942e-05,3.082363113000601285e+00
1.520000000000000016e-05,3.101469540787723300e+00
1.529999999999999920e-05,3.088789145367641709e+00
1.539999999999999824e-05,3.093625761815362640e+00
1.550000000000000068e-05,3.090234490737290507e+00
1.559999999999999972e-05,3.095358976685731900e+00
1.569999999999999876e-05,3.088046782756885378e+00
1.579999999999999780e-05,3.092670359472700081e+00
1.590000000000000023e-05,3.148011391959339100e+00
1.599999999999999928e-05,3.139262646682354330e+00
1.609999999999999832e-05,3.141111995822124303e+00
1.620000000000000075e-05,3.143228202998408438e+00
1.629999999999999979e-05,3.136739607394642082e+00
1.639999999999999883e-05,3.142777134103207359e+00
1.649999999999999788e-05,3.146025279239417216e+00
1.660000000000000031e-05,3.142915206350469060e+00
1.669999999999999935e-05,3.143684241042409511e+00
1.679999999999999839e-05,3.145193089974560152e+00
1.690000000000000082e-05,3.141378039225406038e+00
1.699999999999999987e-05,3.149458875395200863e+00
1.709999999999999891e-05,3.153928368748810218e+00
1.719999999999999795e-05,3.142526217646826936e+00
1.730000000000000038e-05,3.148223689388865765e+00
1.739999999999999942e-05,3.143874797067391924e+00
1.749999999999999847e-05,3.147505424070230706e+00
1.760000000000000090e-05,3.154707177187219269e+00
1.769999999999999994e-05,3.199926957258108384e+00
1.779999999999999898e-05,3.186234512767141869e+00
1.789999999999999803e-05,3.199598973788681633e+00
1.800000000000000046e-05,3.204272182459853902e+00
1.809999999999999950e-05,3.195545422980011097e+00
1.819999999999999854e-05,3.202848808836706862e+00
1.829999999999999758e-05,3.192734306753088447e+00
1.840000000000000001e-05,3.187961765042866435e+00
1.849999999999999906e-05,3.197722014112995836e+00
1.859999999999999810e-05,3.186336139675522094e+00
1.870000000000000053e-05,3.195436373922638573e+00
1.879999999999999957e-05,3.204596053575873071e+00
1.889999999999999862e-05,3.185416422565522154e+00
1.899999999999999766e-05,3.189198019224516401e+00
1.910000000000000009e-05,3.190682806529030469e+00
1.919999999999999913e-05,3.196495080841734282e+00
1.929999999999999817e-05,3.194680699286122749e+00
1.940000000000000060e-05,3.205269818290176431e+00
1.949999999999999965e-05,3.202601089974550064e+00
1.959999999999999869e-05,3.199846637676411643e+00
1.969999999999999773e-05,3.197748781886063263e+00
1.980000000000000016e-05,3.199234378661909073e+00
1.989999999999999921e-05,3.191703105868119561e+00
1.999999999999999825e-05,3.202018262121339554e+00
2.010000000000000068e-05,3.190202734473844615e+00
2.019999999999999972e-05,3.201887261963413334e+00
2.029999999999999876e-05,3.203991855012712886e+00
2.039999999999999781e-05,3.198140187612528607e+00
2.050000000000000024e-05,3.247380221646227749e+00
2.059999999999999928e-05,3.250839359449857469e+00
2.069999999999999832e-05,3.231268389779395456e+00
2.079999999999999736e-05,3.250251049310912244e+00
2.089999999999999980e-05,3.247757376012960773e+00
2.099999999999999884e-05,3.248133731321657613e+00
2.109999999999999788e-05,3.252676695077386437e+00
2.120000000000000031e-05,3.247988886470611458e+00
2.129999999999999935e-05,3.241596258860092838e+00
2.139999999999999840e-05,3.247589083975047419e+00
2.149999999999999744e-05,3.248842832904484723e+00
2.159999999999999987e-05,3.249127103469485522e+00
2.169999999999999891e-05,3.249409016203709921e+00
2.179999999999999795e-05,3.254673714269511020e+00
2.190000000000000039e-05,3.241921292681794853e+00
2.199999999999999943e-05,3.249491702736988952e+00
2.209999999999999847e-05,3.256177078191709207e+00
2.219999999999999751e-05,3.238029831018376381e+00
2.229999999999999994e-05,3.249515380084679883e+00
2.239999999999999899e-05,3.244925228988161603e+00
2.249999999999999803e-05,3.246213237693161169e+00
2.260000000000000046e-05,3.243008654980712890e+00
2.269999999999999950e-05,3.247420195705796875e+00
2.279999999999999854e-05,3.259485033686561284e+00
2.289999999999999759e-05,3.240850917832936329e+00
2.300000000000000002e-05,3.241419839985126838e+00
2.309999999999999906e-05,3.240625892579018785e+00
2.319999999999999810e-05,3.258802009719768300e+00
2.330000000000000053e-05,3.245663461766871816e+00
2.339999999999999958e-05,3.248283665637913487e+00
2.349999999999999862e-05,3.246020802353362100e+00
2.359999999999999766e-05,3.242770962729581097e+00
2.370000000000000009e-05,3.247026596120313080e+00
2.379999999999999913e-05,3.263186961634418903e+00
2.389999999999999818e-05,3.256789925525845231e+00
2.400000000000000061e-05,3.243319873093246208e+00
2.409999999999999965e-05,3.252322944618369682e+00
2.419999999999999869e-05,3.243448363364001441e+00
2.429999999999999774e-05,3.237779294166922117e+00
2.440000000000000017e-05,3.254554565505987540e+00
2.449999999999999921e-05,3.255398057079860852e+00
2.459999999999999825e-05,3.254713813506286968e+00
2.469999999999999729e-05,3.245618308504682137e+00
2.479999999999999972e-05,3.247436845595987887e+00
2.489999999999999877e-05,3.252936093321948441e+00
2.499999999999999781e-05,3.250786476224088339e+00
2.510000000000000024e-05,3.246075675172217512e+00
2.519999999999999928e-05,3.238723069079290529e+00
2.529999999999999833e-05,3.249120751164851661e+00
2.539999999999999737e-05,3.254911557835416414e+00
2.549999999999999980e-05,3.241251970265794924e+00
2.559999999999999884e-05,3.252270056290055500e+00
2.569999999999999788e-05,3.250426750170801959e+00
2.580000000000000031e-05,3.252938389579393519e+00
2.589999999999999936e-05,3.253669352998313613e+00
2.599999999999999840e-05,3.244270708548447679e+00
2.609999999999999744e-05,3.238735743599010064e+00
2.619999999999999987e-05,3.245236382845902323e+00
2.629999999999999892e-05,3.253772263905161832e+00
2.639999999999999796e-05,3.245185476578843708e+00
2.650000000000000039e-05,3.295835740056853869e+00
2.659999999999999943e-05,3.289071897948451895e+00
2.669999999999999847e-05,3.310515885327305341e+00
2.679999999999999752e-05,3.304954281848551556e+00
2.689999999999999995e-05,3.304619375887648314e+00
2.699999999999999899e-05,3.305806352320676655e+00
2.709999999999999803e-05,3.303460250169260259e+00
2.719999999999999708e-05,3.298534026868922719e+00
2.729999999999999951e-05,3.299017415375266715e+00
2.739999999999999855e-05,3.297434613812447068e+00
2.749999999999999759e-05,3.315808444526489929e+00
2.760000000000000002e-05,3.303335472187796551e+00
2.769999999999999906e-05,3.297217197351891116e+00
2.779999999999999811e-05,3.302792980644997378e+00
2.789999999999999715e-05,3.293934786492862088e+00
2.799999999999999958e-05,3.309027040311535384e+00
2.809999999999999862e-05,3.296033585425156787e+00
2.819999999999999767e-05,3.303006512595734634e+00
2.830000000000000010e-05,3.306395865778458454e+00
2.839999999999999914e-05,3.302308611265229565e+00
2.849999999999999818e-05,3.300566819950917719e+00
2.859999999999999722e-05,3.300064812509135859e+00
2.869999999999999965e-05,3.299661353418677390e+00
2.879999999999999870e-05,3.296539809066434845e+00
2.889999999999999774e-05,3.297303099421381667e+00
2.900000000000000017e-05,3.308877542241905445e+00
2.909999999999999921e-05,3.299348780203888776e+00
2.919999999999999826e-05,3.295285222383703250e+00
2.929999999999999730e-05,3.296902214418830912e+00
2.939999999999999973e-05,3.306602224084183028e+00
2.949999999999999877e-05,3.304053639798986808e+00
2.959999999999999781e-05,3.303361975069393441e+00
2.970000000000000024e-05,3.298454872806541260e+00
2.979999999999999929e-05,3.303440174821037356e+00
2.989999999999999833e-05,3.296138633250295769e+00
2.999999999999999737e-05,3.298442315811925152e+00
3.009999999999999980e-05,3.305818826924350251e+00
3.019999999999999885e-05,3.305245666073514332e+00
3.029999999999999789e-05,3.294108540924295170e+00
3.040000000000000032e-05,3.294866841282548364e+00
3.049999999999999936e-05,3.300652212916880490e+00
3.059999999999999840e-05,3.310356794248016765e+00
3.070000000000000083e-05,3.288506609013186033e+00
3.079999999999999649e-05,3.301669997637422860e+00
3.089999999999999892e-05,3.291743740010561137e+00
3.100000000000000135e-05,3.296194014038846376e+00
3.109999999999999700e-05,3.297813429491614379e+00
3.119999999999999944e-05,3.297476949939378343e+00
3.130000000000000187e-05,3.296797224362044698e+00
3.139999999999999752e-05,3.300043242362257878e+00
3.149999999999999995e-05,3.296788466600216516e+00
3.159999999999999561e-05,3.291225255690874985e+00
3.169999999999999804e-05,3.304679217675136282e+00
3.180000000000000047e-05,3.304517233002893128e+00
3.189999999999999612e-05,3.305059045860135658e+00
3.199999999999999855e-05,3.290755593022415493e+00
3.210000000000000098e-05,3.301793508915504827e+00
3.219999999999999664e-05,3.304055873134841281e+00
3.229999999999999907e-05,3.293812787589362134e+00
3.240000000000000150e-05,3.300055039489092401e+00
3.249999999999999715e-05,3.299302400128137691e+00
3.259999999999999958e-05,3.311052903951409387e+00
3.269999999999999524e-05,3.311546976222075056e+00
3.279999999999999767e-05,3.290013861640018522e+00
3.290000000000000010e-05,3.314963562034367595e+00
3.299999999999999575e-05,3.294508645673079883e+00
3.309999999999999818e-05,3.305884039765964566e+00
3.320000000000000062e-05,3.305822987885182140e+00
3.329999999999999627e-05,3.294025858638948812e+00
3.339999999999999870e-05,3.302959606763034461e+00
3.350000000000000113e-05,3.299354797534403527e+00
3.359999999999999679e-05,3.303325980027794095e+00
3.369999999999999922e-05,3.301384033814283470e+00
3.380000000000000165e-05,3.307178036912221231e+00
3.389999999999999730e-05,3.300452397258876402e+00
3.399999999999999973e-05,3.298992755583441738e+00
3.409999999999999539e-05,3.306576385398342754e+00
3.419999999999999782e-05,3.303482375789151604e+00
3.430000000000000025e-05,3.304390880365925209e+00
3.439999999999999590e-05,3.296012479966448083e+00
3.449999999999999833e-05,3.293728423311609088e+00
3.460000000000000076e-05,3.296593667140483408e+00
3.469999999999999642e-05,3.296275071685916380e+00
3.479999999999999885e-05,3.304717195611917457e+00
3.490000000000000128e-05,3.305855904301764348e+00
3.499999999999999693e-05,3.299069218262805414e+00
3.509999999999999936e-05,3.308585514112945880e+00
3.520000000000000180e-05,3.308210816362590734e+00
3.529999999999999745e-05,3.301460393498403256e+00
3.539999999999999988e-05,3.295068649370741731e+00
3.549999999999999553e-05,3.309452259896612958e+00
3.559999999999999797e-05,3.299633895893829383e+00
3.570000000000000040e-05,3.300756991178585675e+00
3.579999999999999605e-05,3.297962369846360264e+00
3.589999999999999848e-05,3.294661258042216545e+00
3.600000000000000091e-05,3.291188163418107937e+00
3.609999999999999657e-05,3.303797209941343738e+00
3.619999999999999900e-05,3.295299593676620287e+00
3.630000000000000143e-05,3.318357187373980555e+00
3.639999999999999708e-05,3.293483558504324726e+00
3.649999999999999951e-05,3.292455705150111545e+00
3.659999999999999517e-05,3.303060832293680527e+00
3.669999999999999760e-05,3.309175880873803433e+00
3.680000000000000003e-05,3.300387537941658955e+00
3.689999999999999568e-05,3.303433454521123469e+00
3.699999999999999811e-05,3.288938715495247411e+00
3.710000000000000054e-05,3.295934930725849199e+00
3.719999999999999620e-05,3.293558305625174487e+00
3.729999999999999863e-05,3.288629724900312468e+00
3.740000000000000106e-05,3.300701881404143112e+00
3.749999999999999671e-05,3.286543034270337227e+00
3.759999999999999915e-05,3.292066824203474962e+00
3.770000000000000158e-05,3.296776837235919189e+00
3.779999999999999723e-05,3.295012284984293327e+00
3.789999999999999966e-05,3.302378451013242344e+00
3.799999999999999532e-05,3.301833481151414507e+00
3.809999999999999775e-05,3.305362792475612377e+00
3.820000000000000018e-05,3.304514302396275749e+00
3.829999999999999583e-05,3.306844876736168004e+00
3.839999999999999826e-05,3.299988489599945396e+00
3.850000000000000069e-05,3.301820801404899974e+00
3.859999999999999635e-05,3.303069082211515184e+00
3.869999999999999878e-05,3.300849940184345854e+00
3.880000000000000121e-05,3.297616834140497222e+00
3.889999999999999686e-05,3.298005344793961235e+00
3.899999999999999929e-05,3.295094649610020188e+00
3.909999999999999495e-05,3.302529700979458749e+00
3.919999999999999738e-05,3.299435908955488994e+00
3.929999999999999981e-05,3.296020957496179182e+00
3.939999999999999546e-05,3.296026531084052191e+00
3.949999999999999789e-05,3.292737607633303032e+00
3.960000000000000033e-05,3.305873048047422991e+00
3.969999999999999598e-05,3.300471706017190421e+00
3.979999999999999841e-05,3.294823199882560338e+00
3.990000000000000084e-05,3.304851286497612062e+00
3.999999999999999650e-05,3.296637307141233375e+00
4.009999999999999893e-05,3.291560996237926418e+00
4.020000000000000136e-05,3.306127333735314533e+00
4.029999999999999701e-05,3.296777418062603271e+00
4.039999999999999944e-05,3.297546605458747226e+00
4.049999999999999510e-05,3.300247080122094889e+00
4.059999999999999753e-05,3.306855535336740370e+00
4.069999999999999996e-05,3.300120223745197645e+00
4.079999999999999561e-05,3.292805297243128315e+00
4.089999999999999804e-05,3.303263262024672908e+00
4.100000000000000047e-05,3.297090061654429416e+00
4.109999999999999613e-05,3.311327543829176712e+00
4.119999999999999856e-05,3.299993281668012646e+00
4.130000000000000099e-05,3.286589787012607733e+00
4.139999999999999664e-05,3.302144189832934007e+00
4.149999999999999907e-05,3.311667586753561210e+00
4.159999999999999473e-05,3.309455521731272221e+00
4.169999999999999716e-05,3.310985725732539020e+00
4.179999999999999959e-05,3.293881438887710900e+00
4.189999999999999525e-05,3.305472914375860327e+00
4.199999999999999768e-05,3.295668032761579713e+00
4.210000000000000011e-05,3.301345736396501529e+00
4.219999999999999576e-05,3.292362285427561375e+00
4.229999999999999819e-05,3.296133265410703395e+00
4.240000000000000062e-05,3.295942519815818095e+00
4.249999999999999628e-05,3.305391331680855416e+00
4.259999999999999871e-05,3.304804314730017900e+00
4.270000000000000114e-05,3.301660918375984632e+00
4.279999999999999679e-05,3.291897471491667559e+00
4.289999999999999922e-05,3.298130163396301384e+00
4.299999999999999488e-05,3.295523301102343261e+00
4.309999999999999731e-05,3.305218054540166595e+00
4.319999999999999974e-05,3.307069109116902883e+00
4.329999999999999539e-05,3.306338313516185234e+00
4.339999999999999782e-05,3.295468683483497863e+00
4.350000000000000026e-05,3.283562801266262987e+00
4.359999999999999591e-05,3.289398228611219555e+00
4.369999999999999834e-05,3.308529761868493235e+00
4.380000000000000077e-05,3.297592470364080874e+00
4.389999999999999643e-05,3.295495652290409083e+00
4.399999999999999886e-05,3.309855961760617138e+00
4.410000000000000129e-05,3.307590959672929820e+00
4.419999999999999694e-05,3.300146692331518583e+00
4.429999999999999937e-05,3.298239581453616065e+00
4.439999999999999503e-05,3.299207392723121135e+00
4.449999999999999746e-05,3.301362976790324755e+00
4.459999999999999989e-05,3.309600283687917255e+00
4.469999999999999554e-05,3.302534804545423253e+00
4.479999999999999797e-05,3.304356174198234797e+00
4.490000000000000040e-05,3.307015620654421006e+00
4.499999999999999606e-05,3.292981943993853466e+00
4.509999999999999849e-05,3.304529171354844141e+00
4.520000000000000092e-05,3.298232587472030186e+00
4.529999999999999657e-05,3.284903428825363125e+00
4.539999999999999900e-05,3.287230982748084784e+00
4.549999999999999466e-05,3.293891294330887565e+00
4.559999999999999709e-05,3.303187339371555176e+00
4.569999999999999952e-05,3.300682797392041401e+00
4.579999999999999517e-05,3.301106200243054012e+00
4.589999999999999761e-05,3.311705660896119952e+00
4.600000000000000004e-05,3.292385462310841060e+00
4.609999999999999569e-05,3.299835399874897490e+00
4.619999999999999812e-05,3.301826613136882749e+00
4.630000000000000055e-05,3.295582361300769758e+00
4.639999999999999621e-05,3.300169960470497266e+00
4.649999999999999864e-05,3.290400303995493658e+00
4.660000000000000107e-05,3.308459437303649775e+00
4.669999999999999672e-05,3.295910312684817267e+00
4.679999999999999915e-05,3.312188400988670622e+00
4.689999999999999481e-05,3.299805154056495216e+00
4.699999999999999724e-05,3.306168321392394915e+00
4.709999999999999967e-05,3.299680182786052907e+00
4.719999999999999532e-05,3.299815537006436816e+00
4.729999999999999775e-05,3.296495824000667874e+00
4.740000000000000018e-05,3.300714743576197652e+00
4.749999999999999584e-05,3.301907992166484007e+00
4.759999999999999827e-05,3.295294448946508581e+00
4.770000000000000070e-05,3.299249733504840520e+00
4.779999999999999635e-05,3.296339406803657113e+00
4.789999999999999879e-05,3.313797984417688802e+00
4.800000000000000122e-05,3.299461615380530066e+00
4.809999999999999687e-05,3.309271392910179355e+00
4.819999999999999930e-05,3.298826266015153497e+00
4.829999999999999496e-05,3.301555725849209200e+00
4.839999999999999739e-05,3.292071815570128290e+00
4.849999999999999982e-05,3.297317564448792648e+00
4.859999999999999547e-05,3.301263208024735274e+00
4.869999999999999790e-05,3.309516022985758976e+00
4.880000000000000033e-05,3.301331896666057641e+00
4.889999999999999599e-05,3.308302322167157694e+00
4.899999999999999842e-05,3.303844374661217387e+00
4.910000000000000085e-05,3.309764408036787842e+00
4.919999999999999650e-05,3.299645746696169279e+00
4.929999999999999893e-05,3.314341336263910698e+00
4.939999999999999459e-05,3.297087622782515215e+00
4.949999999999999702e-05,3.295401228994813803e+00
4.959999999999999945e-05,3.292739682901865805e+00
4.969999999999999510e-05,3.313986148029348211e+00
4.979999999999999753e-05,3.304916685435707269e+00
4.989999999999999997e-05,3.297995275599717946e+00
4.999999999999999562e-05,3.307494136181240663e+00
5.009999999999999805e-05,3.304126153110706454e+00
5.020000000000000048e-05,3.311796764828253359e+00
5.029999999999999614e-05,3.290713003003560289e+00
5.039999999999999857e-05,3.298407839350114390e+00
5.050000000000000100e-05,3.297224871696343040e+00
5.059999999999999665e-05,3.288157903941548277e+00
5.069999999999999908e-05,3.306361963228678036e+00
5.079999999999999474e-05,3.298377620665179588e+00
5.089999999999999717e-05,3.304437787229919099e+00
5.099999999999999960e-05,3.314158631605977678e+00
5.109999999999999525e-05,3.297880537849034344e+00
5.119999999999999768e-05,3.297473082104056985e+00
5.130000000000000011e-05,3.300711985018343952e+00
5.139999999999999577e-05,3.305923484117900379e+00
5.149999999999999820e-05,3.296599721848139097e+00
5.160000000000000063e-05,3.296214230417207069e+00
5.169999999999999628e-05,3.306343135621447882e+00
5.179999999999999871e-05,3.302271835943027867e+00
5.189999999999999437e-05,3.287731630421971030e+00
5.199999999999999680e-05,3.292647649203185090e+00
5.209999999999999923e-05,3.309007415182962930e+00
5.219999999999999488e-05,3.302411569698472604e+00
5.229999999999999732e-05,3.295426824413776323e+00
5.239999999999999975e-05,3.298977542056590107e+00
5.249999999999999540e-05,3.300079420036809985e+00
5.259999999999999783e-05,3.304414400161680643e+00
5.270000000000000026e-05,3.291850419630847124e+00
5.279999999999999592e-05,3.294954305167977271e+00
5.289999999999999835e-05,3.301637734529180079e+00
5.300000000000000078e-05,3.299400992517027120e+00
5.309999999999999643e-05,3.303431155095819971e+00
5.319999999999999886e-05,3.292622955615842173e+00
5.329999999999999452e-05,3.302142772057627962e+00
5.339999999999999695e-05,3.306549501716264494e+00
5.349999999999999938e-05,3.302920911282895666e+00
5.359999999999999503e-05,3.300834670438569596e+00
5.369999999999999746e-05,3.299424698384604060e+00
5.379999999999999989e-05,3.294990893083370675e+00
5.389999999999999555e-05,3.299568008445361134e+00
5.399999999999999798e-05,3.307558235117282308e+00
5.410000000000000041e-05,3.299285828960399236e+00
5.419999999999999607e-05,3.294661176063909291e+00
5.429999999999999850e-05,3.297046517467407512e+00
5.439999999999999415e-05,3.301205101783655227e+00
5.449999999999999658e-05,3.297758916016914732e+00
5.459999999999999901e-05,3.302911819698378881e+00
5.469999999999999467e-05,3.303137062564494020e+00
5.479999999999999710e-05,3.305333899082427696e+00
5.489999999999999953e-05,3.308541356833590186e+00
5.499999999999999518e-05,3.305975152346233958e+00
5.509999999999999761e-05,3.294394565615112125e+00
5.520000000000000004e-05,3.294578793320542154e+00
5.529999999999999570e-05,3.299545371141241024e+00
5.539999999999999813e-05,3.297292947856563128e+00
5.550000000000000056e-05,3.293170039638233959e+00
5.559999999999999621e-05,3.297349849234961994e+00
5.569999999999999864e-05,3.297152922398285391e+00
5.579999999999999430e-05,3.295968913561432512e+00
5.589999999999999673e-05,3.298105263083069616e+00
5.599999999999999916e-05,3.307070705101909702e+00
5.609999999999999481e-05,3.301195428247495123e+00
5.619999999999999725e-05,3.314830854456332521e+00
5.629999999999999968e-05,3.301023049116117658e+00
5.639999999999999533e-05,3.298259605356376412e+00
5.649999999999999776e-05,3.300024797295928902e+00
5.660000000000000019e-05,3.301538951870661265e+00
5.669999999999999585e-05,3.302611523743026023e+00
5.679999999999999828e-05,3.312460267955153803e+00
5.690000000000000071e-05,3.294928077210134365e+00
5.699999999999999636e-05,3.305154276349066222e+00
5.709999999999999879e-05,3.301246503585684611e+00
5.719999999999999445e-05,3.290573413544576109e+00
5.729999999999999688e-05,3.304624192692568574e+00
5.739999999999999931e-05,3.307605741364823437e+00
5.749999999999999496e-05,3.294856941577335441e+00
5.759999999999999739e-05,3.299946396792647896e+00
5.769999999999999982e-05,3.289647874427953589e+00
5.779999999999999548e-05,3.292447161241893738e+00
5.789999999999999791e-05,3.306288177465703360e+00
5.800000000000000034e-05,3.297201500963955034e+00
5.809999999999999599e-05,3.293347182150371477e+00
5.819999999999999843e-05,3.301376762186750469e+00
5.829999999999999408e-05,3.296865525411413866e+00
5.839999999999999651e-05,3.297175070053346424e+00
5.849999999999999894e-05,3.304435956154049059e+00
5.859999999999999460e-05,3.293029599846393651e+00
5.869999999999999703e-05,3.294567808723908975e+00
5.879999999999999946e-05,3.300924479952893176e+00
5.889999999999999511e-05,3.305816458744489150e+00
5.899999999999999754e-05,3.307428961808938972e+00
5.909999999999999997e-05,3.296009629677830066e+00
5.919999999999999563e-05,3.305624261801517694e+00
5.929999999999999806e-05,3.295295146239177519e+00
5.940000000000000049e-05,3.310957256081440647e+00
5.949999999999999614e-05,3.293197373847481568e+00
5.959999999999999857e-05,3.307970872864750334e+00
5.969999999999999423e-05,3.296061083359087540e+00
5.979999999999999666e-05,3.312079478728767512e+00
5.989999999999999909e-05,3.303547924373114508e+00
5.999999999999999474e-05,3.293903900823550668e+00
6.009999999999999717e-05,3.296866569122744561e+00
6.019999999999999961e-05,3.304687087231342080e+00
6.029999999999999526e-05,3.306315866505693091e+00
6.039999999999999769e-05,3.299575706449652923e+00
6.050000000000000012e-05,3.300267949685780522e+00
6.059999999999999578e-05,3.304550118195864084e+00
6.069999999999999821e-05,3.300790790562064814e+00
6.080000000000000064e-05,3.292238970843969437e+00
6.089999999999999629e-05,3.295122155852158841e+00
6.099999999999999872e-05,3.301410719658909976e+00
6.109999999999999438e-05,3.307292894498985891e+00
6.119999999999999681e-05,3.309695894544971928e+00
6.129999999999999924e-05,3.304677176524628557e+00
6.140000000000000167e-05,3.301723744566217977e+00
6.149999999999999055e-05,3.304492883315894858e+00
6.159999999999999298e-05,3.295999494898758542e+00
6.169999999999999541e-05,3.299080614238450337e+00
6.179999999999999784e-05,3.295055215671963023e+00
6.190000000000000027e-05,3.292507544335753433e+00
6.200000000000000270e-05,3.302001294069817128e+00
6.209999999999999158e-05,3.301113079839508302e+00
6.219999999999999401e-05,3.304125914907054096e+00
6.229999999999999644e-05,3.303276670985354713e+00
6.239999999999999887e-05,3.301455865627942909e+00
6.250000000000000130e-05,3.303339699994065182e+00
6.260000000000000373e-05,3.299743901422635073e+00
6.269999999999999261e-05,3.302477348371334109e+00
6.279999999999999504e-05,3.295643133583881834e+00
6.289999999999999747e-05,3.302218235553834536e+00
6.299999999999999990e-05,3.304010506111715983e+00
6.310000000000000233e-05,3.295981911431566491e+00
6.319999999999999121e-05,3.300310992593956883e+00
6.329999999999999364e-05,3.296258384942223785e+00
6.339999999999999607e-05,3.296840959820903194e+00
6.349999999999999850e-05,3.293250423869386712e+00
6.360000000000000093e-05,3.307594649550999133e+00
6.370000000000000336e-05,3.306394111048319928e+00
6.379999999999999224e-05,3.303224603125364034e+00
6.389999999999999467e-05,3.311833175711662580e+00
6.399999999999999710e-05,3.298864525820589311e+00
6.409999999999999953e-05,3.318190574490663458e+00
6.420000000000000197e-05,3.298634823507820446e+00
6.429999999999999084e-05,3.301531160110535712e+00
6.439999999999999327e-05,3.297613332516358575e+00
6.449999999999999570e-05,3.302233953360361518e+00
6.459999999999999814e-05,3.305013689567317225e+00
6.470000000000000057e-05,3.299316501641681221e+00
6.480000000000000300e-05,3.310660319082705527e+00
6.489999999999999188e-05,3.301434895707800798e+00
6.499999999999999431e-05,3.301622912316660940e+00
6.509999999999999674e-05,3.294546013832917453e+00
6.519999999999999917e-05,3.302510994447302117e+00
6.530000000000000160e-05,3.299195836675143489e+00
6.539999999999999048e-05,3.296350561623976105e+00
6.549999999999999291e-05,3.295341153551109681e+00
6.559999999999999534e-05,3.316030580278539919e+00
6.569999999999999777e-05,3.298419136498925486e+00
6.580000000000000020e-05,3.291258087475312344e+00
6.590000000000000263e-05,3.295810671241604428e+00
6.599999999999999151e-05,3.299690592963142599e+00
6.609999999999999394e-05,3.303280002195698728e+00
6.619999999999999637e-05,3.303328779130351833e+00
6.629999999999999880e-05,3.304059687310659132e+00
6.640000000000000123e-05,3.296130838160175713e+00
6.650000000000000366e-05,3.302042642661008998e+00
6.659999999999999254e-05,3.294743643215336526e+00
6.669999999999999497e-05,3.296282142101915724e+00
6.679999999999999740e-05,3.294493746152998170e+00
6.689999999999999983e-05,3.292869666872410228e+00
6.700000000000000226e-05,3.306385256933147776e+00
6.709999999999999114e-05,3.304131670205872950e+00
6.719999999999999357e-05,3.305859992219868815e+00
6.729999999999999600e-05,3.300235878396145406e+00
6.739999999999999843e-05,3.304660846193190782e+00
6.750000000000000086e-05,3.289432263572144688e+00
6.760000000000000329e-05,3.305178525108272147e+00
6.769999999999999217e-05,3.301062718980030120e+00
6.779999999999999460e-05,3.303762657600894936e+00
6.789999999999999703e-05,3.302280139794291358e+00
6.799999999999999946e-05,3.294077669072778658e+00
6.810000000000000189e-05,3.291011761347653497e+00
6.819999999999999077e-05,3.295727675002901869e+00
6.829999999999999320e-05,3.303389503687637507e+00
6.839999999999999563e-05,3.304140548491051987e+00
6.849999999999999806e-05,3.291792346335708608e+00
6.860000000000000050e-05,3.294113403795190465e+00
6.870000000000000293e-05,3.295660585884354621e+00
6.879999999999999180e-05,3.297856169638398782e+00
6.889999999999999424e-05,3.291827695014883925e+00
6.899999999999999667e-05,3.291467689403158925e+00
6.909999999999999910e-05,3.295068988221554473e+00
6.920000000000000153e-05,3.300517523017350019e+00
6.929999999999999041e-05,3.292916433961478706e+00
6.939999999999999284e-05,3.299305178940169281e+00
6.949999999999999527e-05,3.306351316896850800e+00
6.959999999999999770e-05,3.292189321575518690e+00
6.970000000000000013e-05,3.298761325449536486e+00
6.980000000000000256e-05,3.306148540402504388e+00
6.989999999999999144e-05,3.297490389657816934e+00
6.999999999999999387e-05,3.296557981854849384e+00
7.009999999999999630e-05,3.306980974885838531e+00
7.019999999999999873e-05,3.298162787526170536e+00
7.030000000000000116e-05,3.306626970151233191e+00
7.040000000000000359e-05,3.302573792346763071e+00
7.049999999999999247e-05,3.297942932082540857e+00
7.059999999999999490e-05,3.302878143183585191e+00
7.069999999999999733e-05,3.301922697083075953e+00
7.079999999999999976e-05,3.306125296926014645e+00
7.090000000000000219e-05,3.296709926772809496e+00
7.099999999999999107e-05,3.300247236400689399e+00
7.109999999999999350e-05,3.299630905922371849e+00
7.119999999999999593e-05,3.304224888849838671e+00
7.129999999999999836e-05,3.293848924833334912e+00
7.140000000000000079e-05,3.306101862289426929e+00
7.150000000000000322e-05,3.302797972633022106e+00
7.159999999999999210e-05,3.292098449558201967e+00
7.169999999999999453e-05,3.307249576952882908e+00
7.179999999999999696e-05,3.313404558484786211e+00
7.189999999999999939e-05,3.306011003817296068e+00
7.200000000000000182e-05,3.308561908603358859e+00
7.209999999999999070e-05,3.300512228289615546e+00
7.219999999999999313e-05,3.290030970481568673e+00
7.229999999999999556e-05,3.288935277292994730e+00
7.239999999999999799e-05,3.301530492263206273e+00
7.250000000000000043e-05,3.296448127153619900e+00
7.260000000000000286e-05,3.294512542330035654e+00
7.269999999999999173e-05,3.299623519896187851e+00
7.279999999999999416e-05,3.303693511727167742e+00
7.289999999999999660e-05,3.291283454719426960e+00
7.299999999999999903e-05,3.297306734278317553e+00
7.310000000000000146e-05,3.309059224098721774e+00
7.319999999999999033e-05,3.293548269718671762e+00
7.329999999999999277e-05,3.305218567122989448e+00
7.339999999999999520e-05,3.297091615430705946e+00
7.349999999999999763e-05,3.303274762559099464e+00
7.360000000000000006e-05,3.306583965043217166e+00
7.370000000000000249e-05,3.304447690601910015e+00
7.379999999999999137e-05,3.305454957613283007e+00
7.389999999999999380e-05,3.293090438799552100e+00
7.399999999999999623e-05,3.306681958240447639e+00
7.409999999999999866e-05,3.294883841312191031e+00
7.420000000000000109e-05,3.301557250593428972e+00
7.429999999999998997e-05,3.301549477121983323e+00
7.439999999999999240e-05,3.302910735353217220e+00
7.449999999999999483e-05,3.302021740056360954e+00
7.459999999999999726e-05,3.294937140128851638e+00
7.469999999999999969e-05,3.291900795526225387e+00
7.480000000000000212e-05,3.305234092079770480e+00
7.489999999999999100e-05,3.301115007465113216e+00
7.499999999999999343e-05,3.306896261045746854e+00
7.509999999999999586e-05,3.299731602394872620e+00
7.519999999999999829e-05,3.291569013835938140e+00
7.530000000000000072e-05,3.305796778086024457e+00
7.540000000000000315e-05,3.297777776342033285e+00
7.549999999999999203e-05,3.302052020744525862e+00
7.559999999999999446e-05,3.296115243429122543e+00
7.569999999999999689e-05,3.309865810261401808e+00
7.579999999999999932e-05,3.294740611054900459e+00
7.590000000000000175e-05,3.297975421475362712e+00
7.599999999999999063e-05,3.300644692216183618e+00
7.609999999999999306e-05,3.293446906037478250e+00
7.619999999999999549e-05,3.301983117171525262e+00
7.629999999999999792e-05,3.309671462864804958e+00
7.640000000000000035e-05,3.297057227035837368e+00
7.650000000000000279e-05,3.302370856914190078e+00
7.659999999999999166e-05,3.283503387683768704e+00
7.669999999999999409e-05,3.299766424797090814e+00
7.679999999999999652e-05,3.298121746284442768e+00
7.689999999999999896e-05,3.295089014385537585e+00
7.700000000000000139e-05,3.306488702817770964e+00
7.709999999999999026e-05,3.298042537910256922e+00
7.719999999999999269e-05,3.298935135077438296e+00
7.729999999999999513e-05,3.297736842751265218e+00
7.739999999999999756e-05,3.288499104769409431e+00
7.749999999999999999e-05,3.293208081359538131e+00
7.760000000000000242e-05,3.305766560916721275e+00
7.769999999999999130e-05,3.287340296118720140e+00
7.779999999999999373e-05,3.295402107902305477e+00
7.789999999999999616e-05,3.297601679662261365e+00
7.799999999999999859e-05,3.310461731203749203e+00
7.810000000000000102e-05,3.304611622592978026e+00
7.819999999999998990e-05,3.296656976837681441e+00
7.829999999999999233e-05,3.307827082182693168e+00
7.839999999999999476e-05,3.295556905076993282e+00
7.849999999999999719e-05,3.306054598822403712e+00
7.859999999999999962e-05,3.291846736524461914e+00
7.870000000000000205e-05,3.306439546990734613e+00
7.879999999999999093e-05,3.297563198127174022e+00
7.889999999999999336e-05,3.293828974554352307e+00
7.899999999999999579e-05,3.298697138321541988e+00
7.909999999999999822e-05,3.301664065078321109e+00
7.920000000000000065e-05,3.297031509416845640e+00
7.930000000000000308e-05,3.303323721035971605e+00
7.939999999999999196e-05,3.296502036698015559e+00
7.949999999999999439e-05,3.303722234363588139e+00
7.959999999999999682e-05,3.302653332372219364e+00
7.969999999999999925e-05,3.299634461671752117e+00
7.980000000000000168e-05,3.297351706125803972e+00
7.989999999999999056e-05,3.300909244774591578e+00
7.999999999999999299e-05,3.303301522458201855e+00
8.009999999999999542e-05,3.312370794916389638e+00
8.019999999999999785e-05,3.305636522530789101e+00
8.030000000000000028e-05,3.305855939698894908e+00
8.040000000000000271e-05,3.318531073169161516e+00
8.049999999999999159e-05,3.303095750860606916e+00
8.059999999999999402e-05,3.302907861067870154e+00
8.069999999999999645e-05,3.304224090445929907e+00
8.079999999999999888e-05,3.293946204134470257e+00
8.090000000000000132e-05,3.297336590181487281e+00
8.099999999999999019e-05,3.296962984399845809e+00
8.109999999999999262e-05,3.303885683863317269e+00
8.119999999999999505e-05,3.298954952626672821e+00
8.129999999999999749e-05,3.300829340552845714e+00
8.139999999999999992e-05,3.306524727720890677e+00
8.150000000000000235e-05,3.305178904432224840e+00
8.159999999999999123e-05,3.299029673981752175e+00
8.169999999999999366e-05,3.295980029418730695e+00
8.179999999999999609e-05,3.306811648389918812e+00
8.189999999999999852e-05,3.304643347085459038e+00
8.200000000000000095e-05,3.290362459090227620e+00
8.209999999999998983e-05,3.298121076366550053e+00
8.219999999999999226e-05,3.300993092772100290e+00
8.229999999999999469e-05,3.304672978302725994e+00
8.239999999999999712e-05,3.305460608969638336e+00
8.249999999999999955e-05,3.301703436007052517e+00
8.260000000000000198e-05,3.303511485188153074e+00
8.269999999999999086e-05,3.300384820814268760e+00
8.279999999999999329e-05,3.295956889870916395e+00
8.289999999999999572e-05,3.298432413653752171e+00
8.299999999999999815e-05,3.300113947119840407e+00
8.310000000000000058e-05,3.299791924499888118e+00
8.319999999999998946e-05,3.288686562573338801e+00
8.329999999999999189e-05,3.297615099990423015e+00
8.339999999999999432e-05,3.300337233918534618e+00
8.349999999999999675e-05,3.298311780048565733e+00
8.359999999999999918e-05,3.298519057226930506e+00
8.370000000000000161e-05,3.302927948224827492e+00
8.379999999999999049e-05,3.293526256877707947e+00
8.389999999999999292e-05,3.290231746716292704e+00
8.399999999999999535e-05,3.297910981254979834e+00
8.409999999999999778e-05,3.304584686433010621e+00
8.420000000000000021e-05,3.310125318236919689e+00
8.430000000000000264e-05,3.304692769434568245e+00
8.439999999999999152e-05,3.291190417440786664e+00
8.449999999999999395e-05,3.298605796563739201e+00
8.459999999999999638e-05,3.301539806286489132e+00
8.469999999999999881e-05,3.301065546701541287e+00
8.480000000000000124e-05,3.303235827317656970e+00
8.489999999999999012e-05,3.294497706321235064e+00
8.499999999999999255e-05,3.300389658525304082e+00
8.509999999999999498e-05,3.302521936978656480e+00
8.519999999999999742e-05,3.304954025719821775e+00
8.529999999999999985e-05,3.295165691000323083e+00
8.540000000000000228e-05,3.297929058796542634e+00
8.549999999999999115e-05,3.283777093919559853e+00
8.559999999999999359e-05,3.296271228194532998e+00
8.569999999999999602e-05,3.296853510642173468e+00
8.579999999999999845e-05,3.293882492950995111e+00
8.590000000000000088e-05,3.300993672901395559e+00
8.599999999999998976e-05,3.299664327407728415e+00
8.609999999999999219e-05,3.286444716734534310e+00
8.619999999999999462e-05,3.301293047815810233e+00
8.629999999999999705e-05,3.294430055215265440e+00
8.639999999999999948e-05,3.302914133755142867e+00
8.650000000000000191e-05,3.292308892513627683e+00
8.659999999999999079e-05,3.300180039231185525e+00
8.669999999999999322e-05,3.298301020026680686e+00
8.679999999999999565e-05,3.301818611309701890e+00
8.689999999999999808e-05,3.300748183665907831e+00
8.700000000000000051e-05,3.298469014949870992e+00
8.709999999999998939e-05,3.290782366115734270e+00
8.719999999999999182e-05,3.291136752219233852e+00
8.729999999999999425e-05,3.296496678365446353e+00
8.739999999999999668e-05,3.299950320696422246e+00
8.749999999999999911e-05,3.296350512316805315e+00
8.760000000000000154e-05,3.303751271583476701e+00
8.769999999999999042e-05,3.298324674484729879e+00
8.779999999999999285e-05,3.294209923651322924e+00
8.789999999999999528e-05,3.298331422242072541e+00
8.799999999999999771e-05,3.301355159017899332e+00
8.810000000000000014e-05,3.301949308312947196e+00
8.820000000000000257e-05,3.311270274791958457e+00
8.829999999999999145e-05,3.295986543959979365e+00
8.839999999999999388e-05,3.299559128030457256e+00
8.849999999999999631e-05,3.302556743680916451e+00
8.859999999999999874e-05,3.299859462244794983e+00
8.870000000000000117e-05,3.296996291124068001e+00
8.879999999999999005e-05,3.290704456941934364e+00
8.889999999999999248e-05,3.296934992645681906e+00
8.899999999999999491e-05,3.293557785523693049e+00
8.909999999999999734e-05,3.289640359913257317e+00
8.919999999999999978e-05,3.295225926949976181e+00
8.930000000000000221e-05,3.293717449675400921e+00
8.939999999999999108e-05,3.303502719271757648e+00
8.949999999999999351e-05,3.303606551024485416e+00
8.959999999999999595e-05,3.294576724262514578e+00
8.969999999999999838e-05,3.298438628216620927e+00
8.980000000000000081e-05,3.288850544027324574e+00
8.989999999999998968e-05,3.297033960298903832e+00
8.999999999999999212e-05,3.302393891404213910e+00
9.009999999999999455e-05,3.304949627337684603e+00
9.019999999999999698e-05,3.295721717509851878e+00
9.029999999999999941e-05,3.306311129163165052e+00
9.040000000000000184e-05,3.290905848470918826e+00
9.049999999999999072e-05,3.292514233205137142e+00
9.059999999999999315e-05,3.304257971193826915e+00
9.069999999999999558e-05,3.310026727371379263e+00
9.079999999999999801e-05,3.302960591929101852e+00
9.090000000000000044e-05,3.299757945680795945e+00
9.099999999999998932e-05,3.286828897520866377e+00
9.109999999999999175e-05,3.287865317663738907e+00
9.119999999999999418e-05,3.300776457221374915e+00
9.129999999999999661e-05,3.297851623982572811e+00
9.139999999999999904e-05,3.293364988907087287e+00
9.150000000000000147e-05,3.300393195484980335e+00
9.159999999999999035e-05,3.300690788205046466e+00
9.169999999999999278e-05,3.305666495211241340e+00
9.179999999999999521e-05,3.300819613698076083e+00
9.189999999999999764e-05,3.307370366210006019e+00
9.200000000000000007e-05,3.300047964177292847e+00
9.210000000000000250e-05,3.299307990031155935e+00
9.219999999999999138e-05,3.306385873117482888e+00
9.229999999999999381e-05,3.294129354719751213e+00
9.239999999999999624e-05,3.316886684719596801e+00
9.249999999999999867e-05,3.302251544869000188e+00
9.260000000000000110e-05,3.302284975517026044e+00
9.269999999999998998e-05,3.303150575843835313e+00
9.279999999999999241e-05,3.311262818851989476e+00
9.289999999999999484e-05,3.304755044470035319e+00
9.299999999999999727e-05,3.290369664125976090e+00
9.309999999999999970e-05,3.308420822308604681e+00
9.320000000000000214e-05,3.297954620523329883e+00
9.329999999999999101e-05,3.300642930437035716e+00
9.339999999999999344e-05,3.292324476166948344e+00
9.349999999999999587e-05,3.303157212108743135e+00
9.359999999999999831e-05,3.296091754259594442e+00
9.370000000000000074e-05,3.300601017827960781e+00
9.379999999999998961e-05,3.298295405967835325e+00
9.389999999999999205e-05,3.311550076810414911e+00
9.399999999999999448e-05,3.311893561800873353e+00
9.409999999999999691e-05,3.300279079021288364e+00
9.419999999999999934e-05,3.300383866268212785e+00
9.430000000000000177e-05,3.297759342201902921e+00
9.439999999999999065e-05,3.306636037749016488e+00
9.449999999999999308e-05,3.298026480777999758e+00
9.459999999999999551e-05,3.297471976352125633e+00
9.469999999999999794e-05,3.305871557181989662e+00
9.480000000000000037e-05,3.296770205428099842e+00
9.489999999999998925e-05,3.299773469793308767e+00
9.499999999999999168e-05,3.290512135310933672e+00
9.509999999999999411e-05,3.304225142070738919e+00
9.519999999999999654e-05,3.311645201635091240e+00
9.529999999999999897e-05,3.304327352236798632e+00
9.540000000000000140e-05,3.308770795005283816e+00
9.549999999999999028e-05,3.294923387182935759e+00
9.559999999999999271e-05,3.301417945692168843e+00
9.569999999999999514e-05,3.294341040453783620e+00
9.579999999999999757e-05,3.298633406726511730e+00
9.590000000000000000e-05,3.304633268864114903e+00
9.600000000000000243e-05,3.300610923678619635e+00
9.609999999999999131e-05,3.291524153864392677e+00
9.619999999999999374e-05,3.292109825366773102e+00
9.629999999999999617e-05,3.291713016411055293e+00
9.639999999999999860e-05,3.302948715539637536e+00
9.650000000000000103e-05,3.312383367213939778e+00
9.659999999999998991e-05,3.308174749464001252e+00
9.669999999999999234e-05,3.288624088805123247e+00
9.679999999999999477e-05,3.308526455628418628e+00
9.689999999999999720e-05,3.305618402502087605e+00
9.699999999999999963e-05,3.290728200326827224e+00
9.710000000000000206e-05,3.298180790299736653e+00
9.719999999999999094e-05,3.306573134468974828e+00
9.729999999999999337e-05,3.303302601065608357e+00
9.739999999999999580e-05,3.292145429685672031e+00
9.749999999999999823e-05,3.303664452934777174e+00
9.760000000000000067e-05,3.287174996423516404e+00
9.769999999999998954e-05,3.298663066945456634e+00
9.779999999999999197e-05,3.306827740616399947e+00
9.789999999999999441e-05,3.300110365293427606e+00
9.799999999999999684e-05,3.297006374700228282e+00
9.809999999999999927e-05,3.305336077522633698e+00
9.820000000000000170e-05,3.305848510890519343e+00
9.829999999999999058e-05,3.307860238157201316e+00
9.839999999999999301e-05,3.305246054570678105e+00
9.849999999999999544e-05,3.306488248763622906e+00
9.859999999999999787e-05,3.304397451344625036e+00
9.870000000000000030e-05,3.301593171894698475e+00
9.879999999999998918e-05,3.300537053998582770e+00
9.889999999999999161e-05,3.298576441685415528e+00
9.899999999999999404e-05,3.292725790241641359e+00
9.909999999999999647e-05,3.294268130947080930e+00
9.919999999999999890e-05,3.298307913108388778e+00
9.930000000000000133e-05,3.301448712957614440e+00
9.939999999999999021e-05,3.308644875588025336e+00
9.949999999999999264e-05,3.299749216632746673e+00
9.959999999999999507e-05,3.306020857745265662e+00
9.969999999999999750e-05,3.306475893938592758e+00
9.979999999999999993e-05,3.298611319213867077e+00
9.989999999999998881e-05,3.303568141268220959e+00
9.999999999999999124e-05,3.298538831749650679e+00
1.000999999999999937e-04,3.307932815364470702e+00
1.001999999999999961e-04,3.303815060029595241e+00
1.002999999999999985e-04,3.292857097471869832e+00
1.004000000000000010e-04,3.300969147912923063e+00
1.004999999999999898e-04,3.309888672970942913e+00
1.005999999999999923e-04,3.298912613792719828e+00
1.006999999999999947e-04,3.302686290180570250e+00
1.007999999999999971e-04,3.303275273026434533e+00
1.008999999999999996e-04,3.293780262605012332e+00
1.010000000000000020e-04,3.303064247695280731e+00
1.010999999999999909e-04,3.291636989087792120e+00
1.011999999999999933e-04,3.296246255361591437e+00
1.012999999999999957e-04,3.306454337804964894e+00
1.013999999999999982e-04,3.302140537741849791e+00
1.015000000000000006e-04,3.298173133153520453e+00
1.015999999999999895e-04,3.302678766127471022e+00
1.016999999999999919e-04,3.299639446513468855e+00
1.017999999999999943e-04,3.300075471014110917e+00
1.018999999999999968e-04,3.303940911160320848e+00
1.019999999999999992e-04,3.295635793556045190e+00
1.021000000000000016e-04,3.300242018433328095e+00
1.021999999999999905e-04,3.298126390832359700e+00
1.022999999999999929e-04,3.290486379752398438e+00
1.023999999999999954e-04,3.294477265462504079e+00
1.024999999999999978e-04,3.309409238682382792e+00
1.026000000000000002e-04,3.302308339887511046e+00
1.026999999999999891e-04,3.292058470191591368e+00
1.027999999999999915e-04,3.290757873744909467e+00
1.028999999999999940e-04,3.299327016599336471e+00
1.029999999999999964e-04,3.309367119199058571e+00
1.030999999999999988e-04,3.298879451191173651e+00
1.032000000000000013e-04,3.307841997320423832e+00
1.032999999999999901e-04,3.302111584624911611e+00
1.033999999999999926e-04,3.302827502747075261e+00
1.034999999999999950e-04,3.291985676944172212e+00
1.035999999999999974e-04,3.305625137530498581e+00
1.036999999999999999e-04,3.297990407776357991e+00
1.037999999999999887e-04,3.305178554721665218e+00
1.038999999999999912e-04,3.295114980108083014e+00
1.039999999999999936e-04,3.301062296085059078e+00
1.040999999999999960e-04,3.302112017723625392e+00
1.041999999999999985e-04,3.299075800100544686e+00
1.043000000000000009e-04,3.302427271158516753e+00
1.043999999999999898e-04,3.298401617548844644e+00
1.044999999999999922e-04,3.296105641481752002e+00
1.045999999999999946e-04,3.309632900296763491e+00
1.046999999999999971e-04,3.306293717198168558e+00
1.047999999999999995e-04,3.295434811529710739e+00
1.049000000000000019e-04,3.303410665833567350e+00
1.049999999999999908e-04,3.295543926871792983e+00
1.050999999999999932e-04,3.292891892138025689e+00
1.051999999999999957e-04,3.306202856648393862e+00
1.052999999999999981e-04,3.289775402246115199e+00
1.054000000000000005e-04,3.305561135481458912e+00
1.054999999999999894e-04,3.298483666124561342e+00
1.055999999999999918e-04,3.298730720381516601e+00
1.056999999999999943e-04,3.302458507317739489e+00
1.057999999999999967e-04,3.303487192871965128e+00
1.058999999999999991e-04,3.295041940939026581e+00
1.060000000000000016e-04,3.304306353652500139e+00
1.060999999999999904e-04,3.300680223228151355e+00
1.061999999999999929e-04,3.292463671242791712e+00
1.062999999999999953e-04,3.298980753098521568e+00
1.063999999999999977e-04,3.308287674093353559e+00
1.065000000000000002e-04,3.310059568789474049e+00
1.065999999999999890e-04,3.304304090745652012e+00
1.066999999999999915e-04,3.292857939070989559e+00
1.067999999999999939e-04,3.302943641414735065e+00
1.068999999999999963e-04,3.305105165423154912e+00
1.069999999999999988e-04,3.304354247899912167e+00
1.071000000000000012e-04,3.304709725732127179e+00
1.071999999999999901e-04,3.302179578475485044e+00
1.072999999999999925e-04,3.299565525967016466e+00
1.073999999999999949e-04,3.296349795024575702e+00
1.074999999999999974e-04,3.288612386888990713e+00
1.075999999999999998e-04,3.302037850600279878e+00
1.076999999999999887e-04,3.301116317061913108e+00
1.077999999999999911e-04,3.303345455056948765e+00
1.078999999999999935e-04,3.291974737840242415e+00
1.079999999999999960e-04,3.303870100135890109e+00
1.080999999999999984e-04,3.312327270567724469e+00
1.082000000000000008e-04,3.300470700784667422e+00
1.082999999999999897e-04,3.299630008084760480e+00
1.083999999999999921e-04,3.301854014136514248e+00
1.084999999999999946e-04,3.312194022148261752e+00
1.085999999999999970e-04,3.293858113429800394e+00
1.086999999999999994e-04,3.301219241600363397e+00
1.087999999999999883e-04,3.295202055466214031e+00
1.088999999999999907e-04,3.296717971674929970e+00
1.089999999999999932e-04,3.299702458152708129e+00
1.090999999999999956e-04,3.308083939449681043e+00
1.091999999999999980e-04,3.310805943604132384e+00
1.093000000000000005e-04,3.302688852867760261e+00
1.093999999999999893e-04,3.297740431661858818e+00
1.094999999999999918e-04,3.314956433199831132e+00
1.095999999999999942e-04,3.297434673112022541e+00
1.096999999999999966e-04,3.296573184513841515e+00
1.097999999999999991e-04,3.289350341732527383e+00
1.099000000000000015e-04,3.308376549415468215e+00
1.099999999999999904e-04,3.305809473554227385e+00
1.100999999999999928e-04,3.314506833216698478e+00
1.101999999999999952e-04,3.291662859886691272e+00
1.102999999999999977e-04,3.308749024844874320e+00
1.104000000000000001e-04,3.300420813110196416e+00
1.104999999999999890e-04,3.304836601300800591e+00
1.105999999999999914e-04,3.290113337153373063e+00
1.106999999999999938e-04,3.308808490935991387e+00
1.107999999999999963e-04,3.304719100507990781e+00
1.108999999999999987e-04,3.299766539791282316e+00
1.110000000000000011e-04,3.303870676125966632e+00
1.110999999999999900e-04,3.295407028193746424e+00
1.111999999999999924e-04,3.296523359486509541e+00
1.112999999999999949e-04,3.297219332318247265e+00
1.113999999999999973e-04,3.288883632829858072e+00
1.114999999999999997e-04,3.305170550965220055e+00
1.115999999999999886e-04,3.307149561685095218e+00
1.116999999999999910e-04,3.295791935101416659e+00
1.117999999999999935e-04,3.302089218095668688e+00
1.118999999999999959e-04,3.298406757152224422e+00
1.119999999999999983e-04,3.301969643772486140e+00
1.121000000000000008e-04,3.296234536552733463e+00
1.121999999999999896e-04,3.294699449063474006e+00
1.122999999999999921e-04,3.306312449316142210e+00
1.123999999999999945e-04,3.299616776489252779e+00
1.124999999999999969e-04,3.312132653705120777e+00
1.125999999999999994e-04,3.300277859788764534e+00
1.126999999999999882e-04,3.294443531757897059e+00
1.127999999999999907e-04,3.307361645258615646e+00
1.128999999999999931e-04,3.303784800984876036e+00
1.129999999999999955e-04,3.304361237182178446e+00
1.130999999999999980e-04,3.307143604073207399e+00
1.132000000000000004e-04,3.296083222236925181e+00
1.132999999999999893e-04,3.299236480146088279e+00
1.133999999999999917e-04,3.298971301011073276e+00
1.134999999999999941e-04,3.292255520778506028e+00
1.135999999999999966e-04,3.298418459099050182e+00
1.136999999999999990e-04,3.308018276747260789e+00
1.138000000000000014e-04,3.301424028622762741e+00
1.138999999999999903e-04,3.291923632032929703e+00
1.139999999999999927e-04,3.290664963530010034e+00
1.140999999999999952e-04,3.309988656352489400e+00
1.141999999999999976e-04,3.299458085938469232e+00
1.143000000000000000e-04,3.296115538765790109e+00
1.143999999999999889e-04,3.298356049410617885e+00
1.144999999999999913e-04,3.291136153474095938e+00
1.145999999999999938e-04,3.308538570897069597e+00
1.146999999999999962e-04,3.297641682374483629e+00
1.147999999999999986e-04,3.308204409166430437e+00
1.149000000000000010e-04,3.300309910286683746e+00
1.149999999999999899e-04,3.308577191847410504e+00
1.150999999999999924e-04,3.301540166994258119e+00
1.151999999999999948e-04,3.305119395977214491e+00
1.152999999999999972e-04,3.304314558276529645e+00
1.153999999999999996e-04,3.303739746397511556e+00
1.154999999999999885e-04,3.302087606863095992e+00
1.155999999999999910e-04,3.298602895703306448e+00
1.156999999999999934e-04,3.311492608149436911e+00
1.157999999999999958e-04,3.294558378089424533e+00
1.158999999999999982e-04,3.300025845854058559e+00
1.160000000000000007e-04,3.300089315251245381e+00
1.160999999999999896e-04,3.302414644520061060e+00
1.161999999999999920e-04,3.297423164124632766e+00
1.162999999999999944e-04,3.301888477833537561e+00
1.163999999999999969e-04,3.298986944488782047e+00
1.164999999999999993e-04,3.290508284895372615e+00
1.165999999999999882e-04,3.300057313717541074e+00
1.166999999999999906e-04,3.293396608001819104e+00
1.167999999999999930e-04,3.289593685425306280e+00
1.168999999999999955e-04,3.300821239924136119e+00
1.169999999999999979e-04,3.302927300052117321e+00
1.171000000000000003e-04,3.303160188252627361e+00
1.171999999999999892e-04,3.303403024242117958e+00
1.172999999999999916e-04,3.288404465874356308e+00
1.173999999999999941e-04,3.291833898432555028e+00
1.174999999999999965e-04,3.311841128620881758e+00
1.175999999999999989e-04,3.293716747439537684e+00
1.177000000000000013e-04,3.303665046186819776e+00
1.177999999999999902e-04,3.295878374270004851e+00
1.178999999999999927e-04,3.300478036435605222e+00
1.179999999999999951e-04,3.296200474786358470e+00
1.180999999999999975e-04,3.303369246927717828e+00
1.181999999999999999e-04,3.300820644703899909e+00
1.182999999999999888e-04,3.297310261358134209e+00
1.183999999999999913e-04,3.293698967281915468e+00
1.184999999999999937e-04,3.301606645184954836e+00
1.185999999999999961e-04,3.292723687205744376e+00
1.186999999999999985e-04,3.302564886252724818e+00
1.188000000000000010e-04,3.315758909454221026e+00
1.188999999999999899e-04,3.308101020307571805e+00
1.189999999999999923e-04,3.304310087321364886e+00
1.190999999999999947e-04,3.299486356213552796e+00
1.191999999999999971e-04,3.288367484237978644e+00
1.192999999999999996e-04,3.292066281624598911e+00
1.193999999999999885e-04,3.307696757136616039e+00
1.194999999999999909e-04,3.295261463519250977e+00
1.195999999999999933e-04,3.295804487411015504e+00
1.196999999999999957e-04,3.299006097145895655e+00
1.197999999999999982e-04,3.293627722446920369e+00
1.199000000000000006e-04,3.292639387592689815e+00
1.199999999999999895e-04,3.299697155563311224e+00
1.200999999999999919e-04,3.294650823271967788e+00
1.201999999999999943e-04,3.295553888521326247e+00
1.202999999999999968e-04,3.295312853843118006e+00
1.203999999999999992e-04,3.303134161283006520e+00
1.204999999999999881e-04,3.298607245857027692e+00
1.205999999999999905e-04,3.298928568192636579e+00
1.206999999999999929e-04,3.303581675383853167e+00
1.207999999999999954e-04,3.299147762350602253e+00
1.208999999999999978e-04,3.298330477389256998e+00
1.210000000000000002e-04,3.302822702133420663e+00
1.210999999999999891e-04,3.304009187061345720e+00
1.211999999999999916e-04,3.299117559002948230e+00
1.212999999999999940e-04,3.300483646653722847e+00
1.213999999999999964e-04,3.295309258621599735e+00
1.214999999999999988e-04,3.294835901741012485e+00
1.216000000000000013e-04,3.304614885011800673e+00
1.216999999999999902e-04,3.302669652375267439e+00
1.217999999999999926e-04,3.302731790630499376e+00
1.218999999999999950e-04,3.301685126092352984e+00
1.219999999999999974e-04,3.300277219654889738e+00
1.220999999999999863e-04,3.304178471344936252e+00
1.221999999999999888e-04,3.305610652566136398e+00
1.222999999999999912e-04,3.305467368031143494e+00
1.223999999999999936e-04,3.299395332504323708e+00
1.224999999999999960e-04,3.308321956379452811e+00
1.225999999999999985e-04,3.301370764090393539e+00
1.227000000000000009e-04,3.303794257155394654e+00
1.228000000000000033e-04,3.301692527345009065e+00
1.229000000000000058e-04,3.301482040244904770e+00
1.229999999999999811e-04,3.295585488058498047e+00
1.230999999999999835e-04,3.304208105030068676e+00
1.231999999999999860e-04,3.317071766369445562e+00
1.232999999999999884e-04,3.297751229551259211e+00
1.233999999999999908e-04,3.300425968292549417e+00
1.234999999999999932e-04,3.297322768413916361e+00
1.235999999999999957e-04,3.297071880590628279e+00
1.236999999999999981e-04,3.309266696868711666e+00
1.238000000000000005e-04,3.295962173893634883e+00
1.239000000000000030e-04,3.297155517159801708e+00
1.240000000000000054e-04,3.290475043057611959e+00
1.241000000000000078e-04,3.295454329652746317e+00
1.241999999999999832e-04,3.289749600642279947e+00
1.242999999999999856e-04,3.303790828195271256e+00
1.243999999999999880e-04,3.316798183331023608e+00
1.244999999999999904e-04,3.297799927238096895e+00
1.245999999999999929e-04,3.289999452402058377e+00
1.246999999999999953e-04,3.305399997986578242e+00
1.247999999999999977e-04,3.295638450246418660e+00
1.249000000000000002e-04,3.307796081583321168e+00
1.250000000000000026e-04,3.298307825713260311e+00
1.251000000000000050e-04,3.296209105865503197e+00
1.252000000000000075e-04,3.298932254665525754e+00
1.252999999999999828e-04,3.304546660565617078e+00
1.253999999999999852e-04,3.298635476215465712e+00
1.254999999999999877e-04,3.297019651783237748e+00
1.255999999999999901e-04,3.298807010382126759e+00
1.256999999999999925e-04,3.292368868892994627e+00
1.257999999999999949e-04,3.302382189613763508e+00
1.258999999999999974e-04,3.289279640436930219e+00
1.259999999999999998e-04,3.297335271273806878e+00
1.261000000000000022e-04,3.304556311252984102e+00
1.262000000000000047e-04,3.301818289697596054e+00
1.263000000000000071e-04,3.303541923437918193e+00
1.263999999999999824e-04,3.299609725963687179e+00
1.264999999999999849e-04,3.307018477085912789e+00
1.265999999999999873e-04,3.305548195180618709e+00
1.266999999999999897e-04,3.302676846025486057e+00
1.267999999999999921e-04,3.305565274663881059e+00
1.268999999999999946e-04,3.304502541326421294e+00
1.269999999999999970e-04,3.297363218919918459e+00
1.270999999999999994e-04,3.291936606529851872e+00
1.272000000000000019e-04,3.302522172755055774e+00
1.273000000000000043e-04,3.303276535384988222e+00
1.274000000000000067e-04,3.306542831946831296e+00
1.274999999999999821e-04,3.294382072349728130e+00
1.275999999999999845e-04,3.294561413644336856e+00
1.276999999999999869e-04,3.302759401597846534e+00
1.277999999999999893e-04,3.299572998066881091e+00
1.278999999999999918e-04,3.288685430336573123e+00
1.279999999999999942e-04,3.302250648982524961e+00
1.280999999999999966e-04,3.288885462510066304e+00
1.281999999999999991e-04,3.294328460688759730e+00
1.283000000000000015e-04,3.308110088237160351e+00
1.284000000000000039e-04,3.310949274106842477e+00
1.285000000000000064e-04,3.292706061789167915e+00
1.285999999999999817e-04,3.298023650775523841e+00
1.286999999999999841e-04,3.300255735138472257e+00
1.287999999999999865e-04,3.310687361565489262e+00
1.288999999999999890e-04,3.297042786313053586e+00
1.289999999999999914e-04,3.297138695861800084e+00
1.290999999999999938e-04,3.309292353350777205e+00
1.291999999999999963e-04,3.297751265083690431e+00
1.292999999999999987e-04,3.304333210253798558e+00
1.294000000000000011e-04,3.291137142209325184e+00
1.295000000000000036e-04,3.298972603535446080e+00
1.296000000000000060e-04,3.290042418970041460e+00
1.296999999999999813e-04,3.293667397314265610e+00
1.297999999999999838e-04,3.305035208130913560e+00
1.298999999999999862e-04,3.299700567653479411e+00
1.299999999999999886e-04,3.298085365556682191e+00
1.300999999999999910e-04,3.295507502256114218e+00
1.301999999999999935e-04,3.298676063560552318e+00
1.302999999999999959e-04,3.301806679002603939e+00
1.303999999999999983e-04,3.305897497238770466e+00
1.305000000000000008e-04,3.284249119895418900e+00
1.306000000000000032e-04,3.295009432954422834e+00
1.307000000000000056e-04,3.300954577453133698e+00
1.307999999999999810e-04,3.299406821304226245e+00
1.308999999999999834e-04,3.302420257455159991e+00
1.309999999999999858e-04,3.301605241716758954e+00
1.310999999999999882e-04,3.298170792822039399e+00
1.311999999999999907e-04,3.296838880824076945e+00
1.312999999999999931e-04,3.298526991061586866e+00
1.313999999999999955e-04,3.306892454098936174e+00
1.314999999999999980e-04,3.295607952402565655e+00
1.316000000000000004e-04,3.299623159661136285e+00
1.317000000000000028e-04,3.301100053283990476e+00
1.318000000000000053e-04,3.309362105579246371e+00
1.318999999999999806e-04,3.298198150450581956e+00
1.319999999999999830e-04,3.305752839936065612e+00
1.320999999999999854e-04,3.307391876419589760e+00
1.321999999999999879e-04,3.299617474410056150e+00
1.322999999999999903e-04,3.298735686125539246e+00
1.323999999999999927e-04,3.298025677967710401e+00
1.324999999999999952e-04,3.298465061194544301e+00
1.325999999999999976e-04,3.305125439163461021e+00
1.327000000000000000e-04,3.301386059863532729e+00
1.328000000000000025e-04,3.301411738255019213e+00
1.329000000000000049e-04,3.293248658937721007e+00
1.330000000000000073e-04,3.294195059535748538e+00
1.330999999999999826e-04,3.312860680948661596e+00
1.331999999999999851e-04,3.298933045648267726e+00
1.332999999999999875e-04,3.295351368026529837e+00
1.333999999999999899e-04,3.308586594993535801e+00
1.334999999999999924e-04,3.301690851292101048e+00
1.335999999999999948e-04,3.303468929501186757e+00
1.336999999999999972e-04,3.299171717548310401e+00
1.337999999999999997e-04,3.298087961456539041e+00
1.339000000000000021e-04,3.298982481765015962e+00
1.340000000000000045e-04,3.291703570978207871e+00
1.341000000000000070e-04,3.299472435543480575e+00
1.341999999999999823e-04,3.301776198462255341e+00
1.342999999999999847e-04,3.311102779403062524e+00
1.343999999999999871e-04,3.300515994390031072e+00
1.344999999999999896e-04,3.285994937746738120e+00
1.345999999999999920e-04,3.299436087403292195e+00
1.346999999999999944e-04,3.316437024798649880e+00
1.347999999999999969e-04,3.305198197409910055e+00
1.348999999999999993e-04,3.295134666337148133e+00
1.350000000000000017e-04,3.303546639086583081e+00
1.351000000000000042e-04,3.295547919450661389e+00
1.352000000000000066e-04,3.291877154882718592e+00
1.352999999999999819e-04,3.297909783820595297e+00
1.353999999999999843e-04,3.300549158635432967e+00
1.354999999999999868e-04,3.288767066985399445e+00
1.355999999999999892e-04,3.293105044256768199e+00
1.356999999999999916e-04,3.300062013379093884e+00
1.357999999999999941e-04,3.297550960944066301e+00
1.358999999999999965e-04,3.302368867626876536e+00
1.359999999999999989e-04,3.292711990036148340e+00
1.361000000000000014e-04,3.304284682491319458e+00
1.362000000000000038e-04,3.292897445417638735e+00
1.363000000000000062e-04,3.309856405811625546e+00
1.363999999999999815e-04,3.289705450293729960e+00
1.364999999999999840e-04,3.293444674377699499e+00
1.365999999999999864e-04,3.302504224818190615e+00
1.366999999999999888e-04,3.309985399508985626e+00
1.367999999999999913e-04,3.301890258216696683e+00
1.368999999999999937e-04,3.303377147521094237e+00
1.369999999999999961e-04,3.300105221410038148e+00
1.370999999999999986e-04,3.293841609275308446e+00
1.372000000000000010e-04,3.297059169910563359e+00
1.373000000000000034e-04,3.292728541680112198e+00
1.374000000000000059e-04,3.292327740193338403e+00
1.374999999999999812e-04,3.302410493515918422e+00
1.375999999999999836e-04,3.293260932107472172e+00
1.376999999999999860e-04,3.301917324040339885e+00
1.377999999999999885e-04,3.292189063486673284e+00
1.378999999999999909e-04,3.301778298120700228e+00
1.379999999999999933e-04,3.297067904586222120e+00
1.380999999999999958e-04,3.308439693201903786e+00
1.381999999999999982e-04,3.301942313373474214e+00
1.383000000000000006e-04,3.307414697357964783e+00
1.384000000000000031e-04,3.295466119701448537e+00
1.385000000000000055e-04,3.300336860041464870e+00
1.385999999999999808e-04,3.294113477051302308e+00
1.386999999999999832e-04,3.297518368543533196e+00
1.387999999999999857e-04,3.298427374663531975e+00
1.388999999999999881e-04,3.295644850675877091e+00
1.389999999999999905e-04,3.292706982846925534e+00
1.390999999999999930e-04,3.291518896058084120e+00
1.391999999999999954e-04,3.285961511305755423e+00
1.392999999999999978e-04,3.293661921218979050e+00
1.394000000000000003e-04,3.303764963380031006e+00
1.395000000000000027e-04,3.290409008807920088e+00
1.396000000000000051e-04,3.291791262922480144e+00
1.396999999999999804e-04,3.310745391427397433e+00
1.397999999999999829e-04,3.296181023700910373e+00
1.398999999999999853e-04,3.301926276054989007e+00
1.399999999999999877e-04,3.303853902879002824e+00
1.400999999999999902e-04,3.303975156778687694e+00
1.401999999999999926e-04,3.290866114616351368e+00
1.402999999999999950e-04,3.298613641920602912e+00
1.403999999999999975e-04,3.290290636382889655e+00
1.404999999999999999e-04,3.314677907153461778e+00
1.406000000000000023e-04,3.290430748415906326e+00
1.407000000000000048e-04,3.293712958686780823e+00
1.408000000000000072e-04,3.293756394870950732e+00
1.408999999999999825e-04,3.291020037139662513e+00
1.409999999999999849e-04,3.308115563458539299e+00
1.410999999999999874e-04,3.314534687406500701e+00
1.411999999999999898e-04,3.297145505284124312e+00
1.412999999999999922e-04,3.292077461118933179e+00
1.413999999999999947e-04,3.286578447007643788e+00
1.414999999999999971e-04,3.298535347688867247e+00
1.415999999999999995e-04,3.298101807461031321e+00
1.417000000000000020e-04,3.296092223241839037e+00
1.418000000000000044e-04,3.301328251523857116e+00
1.419000000000000068e-04,3.302371038856892760e+00
1.419999999999999821e-04,3.301938499547627082e+00
1.420999999999999846e-04,3.298103250768189110e+00
1.421999999999999870e-04,3.293390269022554051e+00
1.422999999999999894e-04,3.303994998586840204e+00
1.423999999999999919e-04,3.300075082556528816e+00
1.424999999999999943e-04,3.305330145149007581e+00
1.425999999999999967e-04,3.304740453296833191e+00
1.426999999999999992e-04,3.291469427585717256e+00
1.428000000000000016e-04,3.291394666755254050e+00
1.429000000000000040e-04,3.295466755687556759e+00
1.430000000000000064e-04,3.293662407550255633e+00
1.430999999999999818e-04,3.304531510655856597e+00
1.431999999999999842e-04,3.302107858055927547e+00
1.432999999999999866e-04,3.306595103962711502e+00
1.433999999999999891e-04,3.302378920904465165e+00
1.434999999999999915e-04,3.301251897491240150e+00
1.435999999999999939e-04,3.307198378682064899e+00
1.436999999999999964e-04,3.302818364038409893e+00
1.437999999999999988e-04,3.300408605780626115e+00
1.439000000000000012e-04,3.308882718203583817e+00
1.440000000000000036e-04,3.300691085298916416e+00
1.441000000000000061e-04,3.298173956370492377e+00
1.441999999999999814e-04,3.294973060447333957e+00
1.442999999999999838e-04,3.304218152754272442e+00
1.443999999999999863e-04,3.307422303251054796e+00
1.444999999999999887e-04,3.299696475591399114e+00
1.445999999999999911e-04,3.307847493742678946e+00
1.446999999999999936e-04,3.288179909808170542e+00
1.447999999999999960e-04,3.299667279751152371e+00
1.448999999999999984e-04,3.299759430527373194e+00
1.450000000000000009e-04,3.295638033765555530e+00
1.451000000000000033e-04,3.314303166227891229e+00
1.452000000000000057e-04,3.299602844203867402e+00
1.452999999999999810e-04,3.297553615370373059e+00
1.453999999999999835e-04,3.300155772680601007e+00
1.454999999999999859e-04,3.287983117568844982e+00
1.455999999999999883e-04,3.295440792447930534e+00
1.456999999999999908e-04,3.305899439816672114e+00
1.457999999999999932e-04,3.296226327870403150e+00
1.458999999999999956e-04,3.295026749023198143e+00
1.459999999999999981e-04,3.307857153819086182e+00
1.461000000000000005e-04,3.308041526405710808e+00
1.462000000000000029e-04,3.303101942832966653e+00
1.463000000000000053e-04,3.297269295995767902e+00
1.463999999999999807e-04,3.298563173609301735e+00
1.464999999999999831e-04,3.295175100230550047e+00
1.465999999999999855e-04,3.294031361285827852e+00
1.466999999999999880e-04,3.293733501070149394e+00
1.467999999999999904e-04,3.296291673559288427e+00
1.468999999999999928e-04,3.293791674055891239e+00
1.469999999999999953e-04,3.290617769288740835e+00
1.470999999999999977e-04,3.301316416018523103e+00
1.472000000000000001e-04,3.301407573485360292e+00
1.473000000000000025e-04,3.310204756550569893e+00
1.474000000000000050e-04,3.295989969789871576e+00
1.474999999999999803e-04,3.301776603537739607e+00
1.475999999999999827e-04,3.301876275475648548e+00
1.476999999999999852e-04,3.298476974633246517e+00
1.477999999999999876e-04,3.304466001532497810e+00
1.478999999999999900e-04,3.304651375121104184e+00
1.479999999999999925e-04,3.301964466571185142e+00
1.480999999999999949e-04,3.298466161769713079e+00
1.481999999999999973e-04,3.297854819348672528e+00
1.482999999999999997e-04,3.291793476607217439e+00
1.484000000000000022e-04,3.295164493328293531e+00
1.485000000000000046e-04,3.296267954856589633e+00
1.485999999999999799e-04,3.293256169425423430e+00
1.486999999999999824e-04,3.302639543800125921e+00
1.487999999999999848e-04,3.307179767213921817e+00
1.488999999999999872e-04,3.294551625406024975e+00
1.489999999999999897e-04,3.301700648614467770e+00
1.490999999999999921e-04,3.293795333162821581e+00
1.491999999999999945e-04,3.298170466974364778e+00
1.492999999999999969e-04,3.295858022524932984e+00
1.493999999999999994e-04,3.303611373891638614e+00
1.495000000000000018e-04,3.295927270956946931e+00
1.496000000000000042e-04,3.306069962482239610e+00
1.497000000000000067e-04,3.298525675358026543e+00
1.497999999999999820e-04,3.296102377742430978e+00
1.498999999999999844e-04,3.292480168425929055e+00
1.499999999999999869e-04,3.301519227061771922e+00
1.500999999999999893e-04,3.305371310413356856e+00
1.501999999999999917e-04,3.301639927539221198e+00
1.502999999999999942e-04,3.313432989998486455e+00
1.503999999999999966e-04,3.308578724714822172e+00
1.504999999999999990e-04,3.298154833411697684e+00
1.506000000000000014e-04,3.298091835397157556e+00
1.507000000000000039e-04,3.302818180316911878e+00
1.508000000000000063e-04,3.294971884917445859e+00
1.508999999999999816e-04,3.306997729839194822e+00
1.509999999999999841e-04,3.302169603131061226e+00
1.510999999999999865e-04,3.301538753465151022e+00
1.511999999999999889e-04,3.304121722006624573e+00
1.512999999999999914e-04,3.310336979300214200e+00
1.513999999999999938e-04,3.301025732113124889e+00
1.514999999999999962e-04,3.299321757774771324e+00
1.515999999999999986e-04,3.309052317739935134e+00
1.517000000000000011e-04,3.305805302495946840e+00
1.518000000000000035e-04,3.298074120957697364e+00
1.519000000000000059e-04,3.300031118691953758e+00
1.519999999999999813e-04,3.301172285495632686e+00
1.520999999999999837e-04,3.302170877667629512e+00
1.521999999999999861e-04,3.291860400894365046e+00
1.522999999999999886e-04,3.290745092353190682e+00
1.523999999999999910e-04,3.294675659867984940e+00
1.524999999999999934e-04,3.294211569341931600e+00
1.525999999999999958e-04,3.296137055916164904e+00
1.526999999999999983e-04,3.303808263852539895e+00
1.528000000000000007e-04,3.298986425062051531e+00
1.529000000000000031e-04,3.301178367630060784e+00
1.530000000000000056e-04,3.292654179539746373e+00
1.530999999999999809e-04,3.297230146782474058e+00
1.531999999999999833e-04,3.303523545970469044e+00
1.532999999999999858e-04,3.303569714749060804e+00
1.533999999999999882e-04,3.295652557030872565e+00
1.534999999999999906e-04,3.300969974318276989e+00
1.535999999999999930e-04,3.313193087120893665e+00
1.536999999999999955e-04,3.299894412424465795e+00
1.537999999999999979e-04,3.295840878323144985e+00
1.539000000000000003e-04,3.298957425663826992e+00
1.540000000000000028e-04,3.300553062645160907e+00
1.541000000000000052e-04,3.299092989715856739e+00
1.541999999999999805e-04,3.299811871795940821e+00
1.542999999999999830e-04,3.291339319218378634e+00
1.543999999999999854e-04,3.294224217149483991e+00
1.544999999999999878e-04,3.299103988577571034e+00
1.545999999999999903e-04,3.299008392179865190e+00
1.546999999999999927e-04,3.296602864350839823e+00
1.547999999999999951e-04,3.298937918483541232e+00
1.548999999999999975e-04,3.300366089132484859e+00
1.550000000000000000e-04,3.305336480739146765e+00
1.551000000000000024e-04,3.299404729588643725e+00
1.552000000000000048e-04,3.302394619231789452e+00
1.552999999999999802e-04,3.296750398191396147e+00
1.553999999999999826e-04,3.303432574341590655e+00
1.554999999999999850e-04,3.302254381785673765e+00
1.555999999999999875e-04,3.305194902019078729e+00
1.556999999999999899e-04,3.304280762774666869e+00
1.557999999999999923e-04,3.303532413737286788e+00
1.558999999999999947e-04,3.299409495548053073e+00
1.559999999999999972e-04,3.301469635362266786e+00
1.560999999999999996e-04,3.306381053570708772e+00
1.562000000000000020e-04,3.296087552583582880e+00
1.563000000000000045e-04,3.296229553327818529e+00
1.563999999999999798e-04,3.301088588387702139e+00
1.564999999999999822e-04,3.302491678141592502e+00
1.565999999999999847e-04,3.295055361004415762e+00
1.566999999999999871e-04,3.299551424619520112e+00
1.567999999999999895e-04,3.299436007354627165e+00
1.568999999999999919e-04,3.286708319306379078e+00
1.569999999999999944e-04,3.298682436064447110e+00
1.570999999999999968e-04,3.299056093002909140e+00
1.571999999999999992e-04,3.299038242343061533e+00
1.573000000000000017e-04,3.308495485647463319e+00
1.574000000000000041e-04,3.292705210208946465e+00
1.574999999999999794e-04,3.295052264572772227e+00
1.575999999999999819e-04,3.284326825210083900e+00
1.576999999999999843e-04,3.297114500002955140e+00
1.577999999999999867e-04,3.297626138675243901e+00
1.578999999999999891e-04,3.296940136941994393e+00
1.579999999999999916e-04,3.306646064036902199e+00
1.580999999999999940e-04,3.305163705134021690e+00
1.581999999999999964e-04,3.300467140345603845e+00
1.582999999999999989e-04,3.297776321678760780e+00
1.584000000000000013e-04,3.306157138008641194e+00
1.585000000000000037e-04,3.299881452840984775e+00
1.586000000000000062e-04,3.295090379766488997e+00
1.586999999999999815e-04,3.289702507935092335e+00
1.587999999999999839e-04,3.297352113036625898e+00
1.588999999999999864e-04,3.304527861703035363e+00
1.589999999999999888e-04,3.313659232137258215e+00
1.590999999999999912e-04,3.300369662077136557e+00
1.591999999999999936e-04,3.295407866909278116e+00
1.592999999999999961e-04,3.292890208750294700e+00
1.593999999999999985e-04,3.303311729377833572e+00
1.595000000000000009e-04,3.289412303685694372e+00
1.596000000000000034e-04,3.303302070608429286e+00
1.597000000000000058e-04,3.304906269637577498e+00
1.597999999999999811e-04,3.302617676719397100e+00
1.598999999999999836e-04,3.298682029968368568e+00
1.599999999999999860e-04,3.303389643921280872e+00
1.600999999999999884e-04,3.301025630226769536e+00
1.601999999999999908e-04,3.295331256948836440e+00
1.602999999999999933e-04,3.311102473934250057e+00
1.603999999999999957e-04,3.297889923722336913e+00
1.604999999999999981e-04,3.304654513802699256e+00
1.606000000000000006e-04,3.285488314303825597e+00
1.607000000000000030e-04,3.307658825296685201e+00
1.608000000000000054e-04,3.308812582467927310e+00
1.608999999999999808e-04,3.300179002722759769e+00
1.609999999999999832e-04,3.303352626208426290e+00
1.610999999999999856e-04,3.303351091089645308e+00
1.611999999999999880e-04,3.296143298582155268e+00
1.612999999999999905e-04,3.303282733832635820e+00
1.613999999999999929e-04,3.295148217180764671e+00
1.614999999999999953e-04,3.296347458458127822e+00
1.615999999999999978e-04,3.306761658859273645e+00
1.617000000000000002e-04,3.305847946144201188e+00
1.618000000000000026e-04,3.295761746987305063e+00
1.619000000000000051e-04,3.295598541938993709e+00
1.619999999999999804e-04,3.296126420385253830e+00
1.620999999999999828e-04,3.304395837398792946e+00
1.621999999999999852e-04,3.294000091315137269e+00
1.622999999999999877e-04,3.302140275834215544e+00
1.623999999999999901e-04,3.304481080863805431e+00
1.624999999999999925e-04,3.299470527298241418e+00
1.625999999999999950e-04,3.306060382181189361e+00
1.626999999999999974e-04,3.298174138983060999e+00
1.627999999999999998e-04,3.298716866394036273e+00
1.629000000000000023e-04,3.294136522613208662e+00
1.630000000000000047e-04,3.306103064085720966e+00
1.630999999999999800e-04,3.295400877318126476e+00
1.631999999999999825e-04,3.302098630906290300e+00
1.632999999999999849e-04,3.299572103597244066e+00
1.633999999999999873e-04,3.293683301621329829e+00
1.634999999999999897e-04,3.296345381137059771e+00
1.635999999999999922e-04,3.308297233434244422e+00
1.636999999999999946e-04,3.301209945255806577e+00
1.637999999999999970e-04,3.293945097951798573e+00
1.638999999999999995e-04,3.301831969724092097e+00
1.640000000000000019e-04,3.299123315810432722e+00
1.641000000000000043e-04,3.320724278413464958e+00
1.641999999999999797e-04,3.301710743048053676e+00
1.642999999999999821e-04,3.297716250917601677e+00
1.643999999999999845e-04,3.308520167506722398e+00
1.644999999999999869e-04,3.288953782996242747e+00
1.645999999999999894e-04,3.300565920938286268e+00
1.646999999999999918e-04,3.311966570968086110e+00
1.647999999999999942e-04,3.299302804293841263e+00
1.648999999999999967e-04,3.289600193732111322e+00
1.649999999999999991e-04,3.297624492213536040e+00
1.651000000000000015e-04,3.308727108245753890e+00
1.652000000000000040e-04,3.302256417577924541e+00
1.652999999999999793e-04,3.294966863342924768e+00
1.653999999999999817e-04,3.295888543156925810e+00
1.654999999999999841e-04,3.296641798373101118e+00
1.655999999999999866e-04,3.302167187304323903e+00
1.656999999999999890e-04,3.308029176797631532e+00
1.657999999999999914e-04,3.306314538076794651e+00
1.658999999999999939e-04,3.302736073092654490e+00
1.659999999999999963e-04,3.292010131439655041e+00
1.660999999999999987e-04,3.292032404916039212e+00
1.662000000000000012e-04,3.303199512127282578e+00
1.663000000000000036e-04,3.291927173412402485e+00
1.663999999999999789e-04,3.298646597873588160e+00
1.664999999999999813e-04,3.301824902677116924e+00
1.665999999999999838e-04,3.293174436027823671e+00
1.666999999999999862e-04,3.293854425993846480e+00
1.667999999999999886e-04,3.299435273612592923e+00
1.668999999999999911e-04,3.303021901725144094e+00
1.669999999999999935e-04,3.306369112622482564e+00
1.670999999999999959e-04,3.303642320608623173e+00
1.671999999999999984e-04,3.300441939569953131e+00
1.673000000000000008e-04,3.295522831478657544e+00
1.674000000000000032e-04,3.293574558024932486e+00
1.675000000000000057e-04,3.296934737470024857e+00
1.675999999999999810e-04,3.302459613509883152e+00
1.676999999999999834e-04,3.302019742239763911e+00
1.677999999999999858e-04,3.287400588085648945e+00
1.678999999999999883e-04,3.295285937830394918e+00
1.679999999999999907e-04,3.307227045309636626e+00
1.680999999999999931e-04,3.300475290286824848e+00
1.681999999999999956e-04,3.291497946521381834e+00
1.682999999999999980e-04,3.314134927089588789e+00
1.684000000000000004e-04,3.299826349606111098e+00
1.685000000000000029e-04,3.302306003755880237e+00
1.686000000000000053e-04,3.302397148536270421e+00
1.686999999999999806e-04,3.297794427203038836e+00
1.687999999999999830e-04,3.295634557909071560e+00
1.688999999999999855e-04,3.312730049910395547e+00
1.689999999999999879e-04,3.306019235217706242e+00
1.690999999999999903e-04,3.304931623206651903e+00
1.691999999999999928e-04,3.303457735150308938e+00
1.692999999999999952e-04,3.293980095657829565e+00
1.693999999999999976e-04,3.307665181150441391e+00
1.695000000000000001e-04,3.294941204051929251e+00
1.696000000000000025e-04,3.301699720788903836e+00
1.697000000000000049e-04,3.290163660567212212e+00
1.697999999999999802e-04,3.287754846896114636e+00
1.698999999999999827e-04,3.301909747215918678e+00
1.699999999999999851e-04,3.295145404396830457e+00
1.700999999999999875e-04,3.288064994572216015e+00
1.701999999999999900e-04,3.303243657017682189e+00
1.702999999999999924e-04,3.312720484626304529e+00
1.703999999999999948e-04,3.308337361551480171e+00
1.704999999999999973e-04,3.298456092688405672e+00
1.705999999999999997e-04,3.300053071840181484e+00
1.707000000000000021e-04,3.305326237540703094e+00
1.708000000000000046e-04,3.306732768119009069e+00
1.708999999999999799e-04,3.297938785687045460e+00
1.709999999999999823e-04,3.300205066294347400e+00
1.710999999999999847e-04,3.301803688840586837e+00
1.711999999999999872e-04,3.303323257921672695e+00
1.712999999999999896e-04,3.299201541347932309e+00
1.713999999999999920e-04,3.299279488529587301e+00
1.714999999999999945e-04,3.308278993978526206e+00
1.715999999999999969e-04,3.307257124214657118e+00
1.716999999999999993e-04,3.302864463440616571e+00
1.718000000000000018e-04,3.310314654420137614e+00
1.719000000000000042e-04,3.297681325426641497e+00
1.719999999999999795e-04,3.309737840691775901e+00
1.720999999999999819e-04,3.303255092661212977e+00
1.721999999999999844e-04,3.319626156733287203e+00
1.722999999999999868e-04,3.292845108439304891e+00
1.723999999999999892e-04,3.295863928486695738e+00
1.724999999999999917e-04,3.302512786969203251e+00
1.725999999999999941e-04,3.302383404317873694e+00
1.726999999999999965e-04,3.311700833905049990e+00
1.727999999999999990e-04,3.295989751900202602e+00
1.729000000000000014e-04,3.305429511112162988e+00
1.730000000000000038e-04,3.306974778028091588e+00
1.730999999999999791e-04,3.304227886993323704e+00
1.731999999999999816e-04,3.294234021948454050e+00
1.732999999999999840e-04,3.308446552831525000e+00
1.733999999999999864e-04,3.307375949587892272e+00
1.734999999999999889e-04,3.303597507118742005e+00
1.735999999999999913e-04,3.301226086123253634e+00
1.736999999999999937e-04,3.301356648060266075e+00
1.737999999999999962e-04,3.299527585246563532e+00
1.738999999999999986e-04,3.303844710805515561e+00
1.740000000000000010e-04,3.300186809117669817e+00
1.741000000000000035e-04,3.294908850147884039e+00
1.741999999999999788e-04,3.293708450131034304e+00
1.742999999999999812e-04,3.295487782478085936e+00
1.743999999999999836e-04,3.301332793455296510e+00
1.744999999999999861e-04,3.299838264981388658e+00
1.745999999999999885e-04,3.301292062759732193e+00
1.746999999999999909e-04,3.303004878801276689e+00
1.747999999999999934e-04,3.296236074444498509e+00
1.748999999999999958e-04,3.308793961010072060e+00
1.749999999999999982e-04,3.298393735037715047e+00
1.751000000000000007e-04,3.297399438091310753e+00
1.752000000000000031e-04,3.302894317423994419e+00
1.753000000000000055e-04,3.288980938785749597e+00
1.753999999999999808e-04,3.295256793301662324e+00
1.754999999999999833e-04,3.305886436792150995e+00
1.755999999999999857e-04,3.289575468425627314e+00
1.756999999999999881e-04,3.306705445181598702e+00
1.757999999999999906e-04,3.309066819398154724e+00
1.758999999999999930e-04,3.297783267973057431e+00
1.759999999999999954e-04,3.301750876604557572e+00
1.760999999999999979e-04,3.306714522509106136e+00
1.762000000000000003e-04,3.297199264871738755e+00
1.763000000000000027e-04,3.305206653123156979e+00
1.764000000000000051e-04,3.295973107229215771e+00
1.764999999999999805e-04,3.297134386240000659e+00
1.765999999999999829e-04,3.295203981214049893e+00
1.766999999999999853e-04,3.302055883195168740e+00
1.767999999999999878e-04,3.306947814315392975e+00
1.768999999999999902e-04,3.298895322407296771e+00
1.769999999999999926e-04,3.292372505040525255e+00
1.770999999999999951e-04,3.293503759066279013e+00
1.771999999999999975e-04,3.302367596528223093e+00
1.772999999999999999e-04,3.311064698480365553e+00
1.774000000000000023e-04,3.302362349995886071e+00
1.775000000000000048e-04,3.297678620696092189e+00
1.775999999999999801e-04,3.304597103801101721e+00
1.776999999999999825e-04,3.298563008186479184e+00
1.777999999999999850e-04,3.297730288695814416e+00
1.778999999999999874e-04,3.294249245365828305e+00
1.779999999999999898e-04,3.308450693065478010e+00
1.780999999999999923e-04,3.284764752495025864e+00
1.781999999999999947e-04,3.304787155201675652e+00
1.782999999999999971e-04,3.297217530373214522e+00
1.783999999999999996e-04,3.297537955611290261e+00
1.785000000000000020e-04,3.310153890936706755e+00
1.786000000000000044e-04,3.295715213446799297e+00
1.786999999999999797e-04,3.295919585075829161e+00
1.787999999999999822e-04,3.299217634566482538e+00
1.788999999999999846e-04,3.302483084314873363e+00
1.789999999999999870e-04,3.297348865306242605e+00
1.790999999999999895e-04,3.290556846416784698e+00
1.791999999999999919e-04,3.294805810914709365e+00
1.792999999999999943e-04,3.307688003138786748e+00
1.793999999999999968e-04,3.300448660734812911e+00
1.794999999999999992e-04,3.302706523702222619e+00
1.796000000000000016e-04,3.298431472756961469e+00
1.797000000000000040e-04,3.296043013822960166e+00
1.797999999999999794e-04,3.310065416699252250e+00
1.798999999999999818e-04,3.298870848857693439e+00
1.799999999999999842e-04,3.297339780722837066e+00
1.800999999999999867e-04,3.306576854198131965e+00
1.801999999999999891e-04,3.295665837846795565e+00
1.802999999999999915e-04,3.296431635937355775e+00
1.803999999999999940e-04,3.300061480104101275e+00
1.804999999999999964e-04,3.300001620624529064e+00
1.805999999999999988e-04,3.301557668087419017e+00
1.807000000000000012e-04,3.312550014536372878e+00
1.808000000000000037e-04,3.302017489478114243e+00
1.808999999999999790e-04,3.285731676223495157e+00
1.809999999999999814e-04,3.301957793660589058e+00
1.810999999999999839e-04,3.300227279966937211e+00
1.811999999999999863e-04,3.300260700146108395e+00
1.812999999999999887e-04,3.301475683856376797e+00
1.813999999999999912e-04,3.299827930273950827e+00
1.814999999999999936e-04,3.299684327441667619e+00
1.815999999999999960e-04,3.303678265258624513e+00
1.816999999999999984e-04,3.296747515216832625e+00
1.818000000000000009e-04,3.294313881986164816e+00
1.819000000000000033e-04,3.318142688715734145e+00
1.819999999999999786e-04,3.295704855337312278e+00
1.820999999999999811e-04,3.300600857474760286e+00
1.821999999999999835e-04,3.291026038494747397e+00
1.822999999999999859e-04,3.300698810490308333e+00
1.823999999999999884e-04,3.294400646695863966e+00
1.824999999999999908e-04,3.297345162342899538e+00
1.825999999999999932e-04,3.306270387994626692e+00
1.826999999999999957e-04,3.302832057410268085e+00
1.827999999999999981e-04,3.303410457147448742e+00
1.829000000000000005e-04,3.289372770969648752e+00
1.830000000000000029e-04,3.311021371018973980e+00
1.830999999999999783e-04,3.292848712134348599e+00
1.831999999999999807e-04,3.309171364885763023e+00
1.832999999999999831e-04,3.306129263195888957e+00
1.833999999999999856e-04,3.303463996450707985e+00
1.834999999999999880e-04,3.294870091314549665e+00
1.835999999999999904e-04,3.300909539068916931e+00
1.836999999999999929e-04,3.297174471536130635e+00
1.837999999999999953e-04,3.300174237429031709e+00
1.838999999999999977e-04,3.298500766445486398e+00
1.840000000000000001e-04,3.287768336960565474e+00
1.841000000000000026e-04,3.306730704905907370e+00
1.842000000000000050e-04,3.299513357060703811e+00
1.842999999999999803e-04,3.297091197602986412e+00
1.843999999999999828e-04,3.296638036603021238e+00
1.844999999999999852e-04,3.302150757458200303e+00
1.845999999999999876e-04,3.294637461970232994e+00
1.846999999999999901e-04,3.286468946649155676e+00
1.847999999999999925e-04,3.302442778819249636e+00
1.848999999999999949e-04,3.303114617987740864e+00
1.849999999999999973e-04,3.298802209051934220e+00
1.850999999999999998e-04,3.293112582748859651e+00
1.852000000000000022e-04,3.300533613245335562e+00
1.853000000000000046e-04,3.291212805790118434e+00
1.853999999999999800e-04,3.293836616419874019e+00
1.854999999999999824e-04,3.295495812380974776e+00
1.855999999999999848e-04,3.305063634425349228e+00
1.856999999999999873e-04,3.297824334297378535e+00
1.857999999999999897e-04,3.297312801529340920e+00
1.858999999999999921e-04,3.311728155092467318e+00
1.859999999999999945e-04,3.302114774983132328e+00
1.860999999999999970e-04,3.302033967062848685e+00
1.861999999999999994e-04,3.297781795528747395e+00
1.863000000000000018e-04,3.296421769994179130e+00
1.864000000000000043e-04,3.286881561359896953e+00
1.864999999999999796e-04,3.305812443191541217e+00
1.865999999999999820e-04,3.302689858234538089e+00
1.866999999999999845e-04,3.298925004040719422e+00
1.867999999999999869e-04,3.299176639788982346e+00
1.868999999999999893e-04,3.304416865573565953e+00
1.869999999999999917e-04,3.290671739561520592e+00
1.870999999999999942e-04,3.296460712010676808e+00
1.871999999999999966e-04,3.293182182822644855e+00
1.872999999999999990e-04,3.310629055694920275e+00
1.874000000000000015e-04,3.305253933191119486e+00
1.875000000000000039e-04,3.286783844153187584e+00
1.875999999999999792e-04,3.290917430240159813e+00
1.876999999999999817e-04,3.299205925959854735e+00
1.877999999999999841e-04,3.297165358727565110e+00
1.878999999999999865e-04,3.292053706751538300e+00
1.879999999999999890e-04,3.311668573425902817e+00
1.880999999999999914e-04,3.301875239483895275e+00
1.881999999999999938e-04,3.302848897937178396e+00
1.882999999999999962e-04,3.295847910304606554e+00
1.883999999999999987e-04,3.304333644883068022e+00
1.885000000000000011e-04,3.297717403434107908e+00
1.886000000000000035e-04,3.298299940957754917e+00
1.886999999999999789e-04,3.303666011758951360e+00
1.887999999999999813e-04,3.290226014609638039e+00
1.888999999999999837e-04,3.309582167159105914e+00
1.889999999999999862e-04,3.301094335288343284e+00
1.890999999999999886e-04,3.307685665252682483e+00
1.891999999999999910e-04,3.293547481460286974e+00
1.892999999999999934e-04,3.294461009255830852e+00
1.893999999999999959e-04,3.293028598670400875e+00
1.894999999999999983e-04,3.301501786035988761e+00
1.896000000000000007e-04,3.300395899811509270e+00
1.897000000000000032e-04,3.297213529084612738e+00
1.897999999999999785e-04,3.293915584842688205e+00
1.898999999999999809e-04,3.292400422381614788e+00
1.899999999999999834e-04,3.299709096597176039e+00
1.900999999999999858e-04,3.297206479322468020e+00
1.901999999999999882e-04,3.295886358045850173e+00
1.902999999999999906e-04,3.309282536916789308e+00
1.903999999999999931e-04,3.299506045930843623e+00
1.904999999999999955e-04,3.307620257603561154e+00
1.905999999999999979e-04,3.296800486903903593e+00
1.907000000000000004e-04,3.301468657702791631e+00
1.908000000000000028e-04,3.299667143902461852e+00
1.908999999999999781e-04,3.289814266142891075e+00
1.909999999999999806e-04,3.308570029837583082e+00
1.910999999999999830e-04,3.299189078357805283e+00
1.911999999999999854e-04,3.304478509317797741e+00
1.912999999999999878e-04,3.295487827665230629e+00
1.913999999999999903e-04,3.299010933710521343e+00
1.914999999999999927e-04,3.294798885840459768e+00
1.915999999999999951e-04,3.307415990896580116e+00
1.916999999999999976e-04,3.301868456084704029e+00
1.918000000000000000e-04,3.302202321160085052e+00
1.919000000000000024e-04,3.308149104882629477e+00
1.920000000000000049e-04,3.306938047781394108e+00
1.920999999999999802e-04,3.304592055216817315e+00
1.921999999999999826e-04,3.291469635917775083e+00
1.922999999999999851e-04,3.295825925282899860e+00
1.923999999999999875e-04,3.293976671183931781e+00
1.924999999999999899e-04,3.304365202161754667e+00
1.925999999999999923e-04,3.301023911650500242e+00
1.926999999999999948e-04,3.291656925398216416e+00
1.927999999999999972e-04,3.298867534721932504e+00
1.928999999999999996e-04,3.291035325985687265e+00
1.930000000000000021e-04,3.299681061071581212e+00
1.931000000000000045e-04,3.290067764976076781e+00
1.931999999999999798e-04,3.303172964960307656e+00
1.932999999999999823e-04,3.302267775756204227e+00
1.933999999999999847e-04,3.311447690960080958e+00
1.934999999999999871e-04,3.305087239736983928e+00
1.935999999999999895e-04,3.297462514465064665e+00
1.936999999999999920e-04,3.304908420559646842e+00
1.937999999999999944e-04,3.291614016714328628e+00
1.938999999999999968e-04,3.294225164377913462e+00
1.939999999999999993e-04,3.301998855192450399e+00
1.941000000000000017e-04,3.287050502023512344e+00
1.942000000000000041e-04,3.299777035290396565e+00
1.942999999999999795e-04,3.293878420247289274e+00
1.943999999999999819e-04,3.300607842330919528e+00
1.944999999999999843e-04,3.293533581851716185e+00
1.945999999999999867e-04,3.302545488824730757e+00
1.946999999999999892e-04,3.300115964542003955e+00
1.947999999999999916e-04,3.308402195501287668e+00
1.948999999999999940e-04,3.300040407204609672e+00
1.949999999999999965e-04,3.295388143170231210e+00
1.950999999999999989e-04,3.298518684865036299e+00
1.952000000000000013e-04,3.291934581617899536e+00
1.953000000000000038e-04,3.302436823528232424e+00
1.953999999999999791e-04,3.303539101477891649e+00
1.954999999999999815e-04,3.314815176220156534e+00
1.955999999999999839e-04,3.296268984056373252e+00
1.956999999999999864e-04,3.298393232557948807e+00
1.957999999999999888e-04,3.296545448853370530e+00
1.958999999999999912e-04,3.301272682206787046e+00
1.959999999999999937e-04,3.302290143206877637e+00
1.960999999999999961e-04,3.299679750933428579e+00
1.961999999999999985e-04,3.306517955501238060e+00
1.963000000000000010e-04,3.296298122977471046e+00
1.964000000000000034e-04,3.305917044287344009e+00
1.964999999999999787e-04,3.303230987121846152e+00
1.965999999999999812e-04,3.299927820480605956e+00
1.966999999999999836e-04,3.298110380155456767e+00
1.967999999999999860e-04,3.314560006552388138e+00
1.968999999999999884e-04,3.295097948095547125e+00
1.969999999999999909e-04,3.301787599061810408e+00
1.970999999999999933e-04,3.295498685578547082e+00
1.971999999999999957e-04,3.310713724491727739e+00
1.972999999999999982e-04,3.305320957972794904e+00
1.974000000000000006e-04,3.295929900726953132e+00
1.975000000000000030e-04,3.303075569960587377e+00
1.975999999999999784e-04,3.301546174327659067e+00
1.976999999999999808e-04,3.296900251428151574e+00
1.977999999999999832e-04,3.304548985303368713e+00
1.978999999999999856e-04,3.302335832346626088e+00
1.979999999999999881e-04,3.301294192283315443e+00
1.980999999999999905e-04,3.299748481732545979e+00
1.981999999999999929e-04,3.302586326955597951e+00
1.982999999999999954e-04,3.301376325968954362e+00
1.983999999999999978e-04,3.300354559998150084e+00
1.985000000000000002e-04,3.296153904504074639e+00
1.986000000000000027e-04,3.310162597444574750e+00
1.986999999999999780e-04,3.293697480339908612e+00
1.987999999999999804e-04,3.302565817313278362e+00
1.988999999999999828e-04,3.298078555546191115e+00
1.989999999999999853e-04,3.310557283616695656e+00
1.990999999999999877e-04,3.294579104776656830e+00
1.991999999999999901e-04,3.295588420429437893e+00
1.992999999999999926e-04,3.294181091620429047e+00
1.993999999999999950e-04,3.301940790305703644e+00
1.994999999999999974e-04,3.291761696042588170e+00
1.995999999999999999e-04,3.297128829031453101e+00
1.997000000000000023e-04,3.287085805062873956e+00
1.997999999999999776e-04,3.301442528124768572e+00
1.998999999999999800e-04,3.296998710847462100e+00
1.999999999999999825e-04,3.291071659536408678e+00
2.000999999999999849e-04,3.306513656417844338e+00
2.001999999999999873e-04,3.292153998609690380e+00
2.002999999999999898e-04,3.304781662140169107e+00
2.003999999999999922e-04,3.295793755056072971e+00
2.004999999999999946e-04,3.309609428267372255e+00
2.005999999999999971e-04,3.304497303233556504e+00
2.006999999999999995e-04,3.293951712774755514e+00
2.008000000000000019e-04,3.294497504686737965e+00
2.009000000000000044e-04,3.303633151231345710e+00
2.009999999999999797e-04,3.298425731215739010e+00
2.010999999999999821e-04,3.298983944957871728e+00
2.011999999999999845e-04,3.307633433170632298e+00
2.012999999999999870e-04,3.295507866759780136e+00
2.013999999999999894e-04,3.300547762633052606e+00
2.014999999999999918e-04,3.305727766761913600e+00
2.015999999999999943e-04,3.304854704930313414e+00
2.016999999999999967e-04,3.299042323994875847e+00
2.017999999999999991e-04,3.298266564714883664e+00
2.019000000000000016e-04,3.289567107224874221e+00
2.020000000000000040e-04,3.293662530044008552e+00
2.020999999999999793e-04,3.301910155359448318e+00
2.021999999999999817e-04,3.299172706866346338e+00
2.022999999999999842e-04,3.300449562471396980e+00
2.023999999999999866e-04,3.306235521657804100e+00
2.024999999999999890e-04,3.292876061345626049e+00
2.025999999999999915e-04,3.298582918186603763e+00
2.026999999999999939e-04,3.301132265780466923e+00
2.027999999999999963e-04,3.295775040374552933e+00
2.028999999999999988e-04,3.308588862683564447e+00
2.030000000000000012e-04,3.305451520809678634e+00
2.031000000000000036e-04,3.301740799962532336e+00
2.031999999999999789e-04,3.310765390675971531e+00
2.032999999999999814e-04,3.291006628322338923e+00
2.033999999999999838e-04,3.299953642313365521e+00
2.034999999999999862e-04,3.302198021813604001e+00
2.035999999999999887e-04,3.294512669719236175e+00
2.036999999999999911e-04,3.301804287250906356e+00
2.037999999999999935e-04,3.293360505037272734e+00
2.038999999999999960e-04,3.304143343909645480e+00
2.039999999999999984e-04,3.306347008608773397e+00
2.041000000000000008e-04,3.301634000406769687e+00
2.042000000000000033e-04,3.288883213109610182e+00
2.042999999999999786e-04,3.294199238873003477e+00
2.043999999999999810e-04,3.303388260019278988e+00
2.044999999999999834e-04,3.300127191861073950e+00
2.045999999999999859e-04,3.283835984293844934e+00
2.046999999999999883e-04,3.307456982303209170e+00
2.047999999999999907e-04,3.300819939037523021e+00
2.048999999999999932e-04,3.295085552015999397e+00
2.049999999999999956e-04,3.305969733585399695e+00
2.050999999999999980e-04,3.295934759922558577e+00
2.052000000000000005e-04,3.295869287294374672e+00
2.053000000000000029e-04,3.302150115906083983e+00
2.053999999999999782e-04,3.310686230755453430e+00
2.054999999999999806e-04,3.309741523067837310e+00
2.055999999999999831e-04,3.302158268993424350e+00
2.056999999999999855e-04,3.302774313953101615e+00
2.057999999999999879e-04,3.304748993592508732e+00
2.058999999999999904e-04,3.292458097947783546e+00
2.059999999999999928e-04,3.303864890022911727e+00
2.060999999999999952e-04,3.295595559191138779e+00
2.061999999999999977e-04,3.301910868400779187e+00
2.063000000000000001e-04,3.298635194234355694e+00
2.064000000000000025e-04,3.303007249962685243e+00
2.064999999999999778e-04,3.300708620790038683e+00
2.065999999999999803e-04,3.281561818375072104e+00
2.066999999999999827e-04,3.301073350270230744e+00
2.067999999999999851e-04,3.303852917713795190e+00
2.068999999999999876e-04,3.302675570090030543e+00
2.069999999999999900e-04,3.299384484322748445e+00
2.070999999999999924e-04,3.309852970151582419e+00
2.071999999999999949e-04,3.301868238774729569e+00
2.072999999999999973e-04,3.302626039801158431e+00
2.073999999999999997e-04,3.306266951364303264e+00
2.075000000000000022e-04,3.302175557998179301e+00
2.075999999999999775e-04,3.294611893479514553e+00
2.076999999999999799e-04,3.285369975517322239e+00
2.077999999999999823e-04,3.297137274587891298e+00
2.078999999999999848e-04,3.304565673155286376e+00
2.079999999999999872e-04,3.297881422011493147e+00
2.080999999999999896e-04,3.304807070233690247e+00
2.081999999999999921e-04,3.300892369055521414e+00
2.082999999999999945e-04,3.307728396421572903e+00
2.083999999999999969e-04,3.298228699757276061e+00
2.084999999999999994e-04,3.302805688959405739e+00
2.086000000000000018e-04,3.303035310387211876e+00
2.086999999999999771e-04,3.309009611235786963e+00
2.087999999999999795e-04,3.289760176161994121e+00
2.088999999999999820e-04,3.297249550352681080e+00
2.089999999999999844e-04,3.305091096632331027e+00
2.090999999999999868e-04,3.309275378878671514e+00
2.091999999999999893e-04,3.301440429075852112e+00
2.092999999999999917e-04,3.298243775013470991e+00
2.093999999999999941e-04,3.304542710212046597e+00
2.094999999999999966e-04,3.305212216051389706e+00
2.095999999999999990e-04,3.297842029927995799e+00
2.097000000000000014e-04,3.301981843873065259e+00
2.098000000000000038e-04,3.307083163574471740e+00
2.098999999999999792e-04,3.311342753959646501e+00
2.099999999999999816e-04,3.304455629755411739e+00
2.100999999999999840e-04,3.300264833379993323e+00
2.101999999999999865e-04,3.299675548943772352e+00
2.102999999999999889e-04,3.303344379343161386e+00
2.103999999999999913e-04,3.299305962945123127e+00
2.104999999999999938e-04,3.301137842994134264e+00
2.105999999999999962e-04,3.293652742412814582e+00
2.106999999999999986e-04,3.307782343178946594e+00
2.108000000000000010e-04,3.293158891637107732e+00
2.109000000000000035e-04,3.297407329437281653e+00
2.109999999999999788e-04,3.300585559565110572e+00
2.110999999999999812e-04,3.311945921279331628e+00
2.111999999999999837e-04,3.297463902090886023e+00
2.112999999999999861e-04,3.296003905116237309e+00
2.113999999999999885e-04,3.296695098495996845e+00
2.114999999999999910e-04,3.309953383005667771e+00
2.115999999999999934e-04,3.283125918038963587e+00
2.116999999999999958e-04,3.293983571927108223e+00
2.117999999999999983e-04,3.316387732254957310e+00
2.119000000000000007e-04,3.303545292440949854e+00
2.120000000000000031e-04,3.293364090303964709e+00
2.120999999999999784e-04,3.299748492106951314e+00
2.121999999999999809e-04,3.300404727396407001e+00
2.122999999999999833e-04,3.305076751475433561e+00
2.123999999999999857e-04,3.311037012016935233e+00
2.124999999999999882e-04,3.302331310087675220e+00
2.125999999999999906e-04,3.296761270181922221e+00
2.126999999999999930e-04,3.304722506652589153e+00
2.127999999999999955e-04,3.295810483818822689e+00
2.128999999999999979e-04,3.293799975024065851e+00
2.130000000000000003e-04,3.289440546768261253e+00
2.131000000000000027e-04,3.290609229632997401e+00
2.131999999999999781e-04,3.294621329063254223e+00
2.132999999999999805e-04,3.292933261393794719e+00
2.133999999999999829e-04,3.301879419164248208e+00
2.134999999999999854e-04,3.292803589045055546e+00
2.135999999999999878e-04,3.281138002187851566e+00
2.136999999999999902e-04,3.293736529352463194e+00
2.137999999999999927e-04,3.297168842113671339e+00
2.138999999999999951e-04,3.296367303072767818e+00
2.139999999999999975e-04,3.309117148075854775e+00
2.140999999999999999e-04,3.296318744644264775e+00
2.142000000000000024e-04,3.305285540779195230e+00
2.142999999999999777e-04,3.299886104401914544e+00
2.143999999999999801e-04,3.299746171645964399e+00
2.144999999999999826e-04,3.294987718266911614e+00
2.145999999999999850e-04,3.299647304090515210e+00
2.146999999999999874e-04,3.295409423238615521e+00
2.147999999999999899e-04,3.301020145885527057e+00
2.148999999999999923e-04,3.298582502204257860e+00
2.149999999999999947e-04,3.294332232400850380e+00
2.150999999999999971e-04,3.305951366038203609e+00
2.151999999999999996e-04,3.302561042880128195e+00
2.153000000000000020e-04,3.297311623595146290e+00
2.153999999999999773e-04,3.300872958282211833e+00
2.154999999999999798e-04,3.299497064870988261e+00
2.155999999999999822e-04,3.294794454376420045e+00
2.156999999999999846e-04,3.300422977374126710e+00
2.157999999999999871e-04,3.296273929471155384e+00
2.158999999999999895e-04,3.294330396986279386e+00
2.159999999999999919e-04,3.290263396018400677e+00
2.160999999999999944e-04,3.297848355878767901e+00
2.161999999999999968e-04,3.303401823957502259e+00
2.162999999999999992e-04,3.295832043879726836e+00
2.164000000000000016e-04,3.315124252152947815e+00
2.164999999999999770e-04,3.305314113921916430e+00
2.165999999999999794e-04,3.307825980795962906e+00
2.166999999999999818e-04,3.304771458072442325e+00
2.167999999999999843e-04,3.311117189849631437e+00
2.168999999999999867e-04,3.295277988099164723e+00
2.169999999999999891e-04,3.284635575686047915e+00
2.170999999999999916e-04,3.297323246349882719e+00
2.171999999999999940e-04,3.303349311453285253e+00
2.172999999999999964e-04,3.300909101830487913e+00
2.173999999999999988e-04,3.301652835665806585e+00
2.175000000000000013e-04,3.307925460016019059e+00
2.175999999999999766e-04,3.302292345446774746e+00
2.176999999999999790e-04,3.304793477565545867e+00
2.177999999999999815e-04,3.294362623548883207e+00
2.178999999999999839e-04,3.293427637864703605e+00
2.179999999999999863e-04,3.309684683538146821e+00
2.180999999999999888e-04,3.300605409210882080e+00
2.181999999999999912e-04,3.296260624899323144e+00
2.182999999999999936e-04,3.296271633038716953e+00
2.183999999999999960e-04,3.296105261270170228e+00
2.184999999999999985e-04,3.295746245873724778e+00
2.186000000000000009e-04,3.292301113184378014e+00
2.187000000000000033e-04,3.290997477586676823e+00
2.187999999999999787e-04,3.298829973734073384e+00
2.188999999999999811e-04,3.296442444778077352e+00
2.189999999999999835e-04,3.306642955712659759e+00
2.190999999999999860e-04,3.301758459919601485e+00
2.191999999999999884e-04,3.301591906080467709e+00
2.192999999999999908e-04,3.295541277554673076e+00
2.193999999999999932e-04,3.299273829505319888e+00
2.194999999999999957e-04,3.302166006621788608e+00
2.195999999999999981e-04,3.304297174438275864e+00
2.197000000000000005e-04,3.299436649040889513e+00
2.198000000000000030e-04,3.306474742675944878e+00
2.198999999999999783e-04,3.300047935853447356e+00
2.199999999999999807e-04,3.304757082711105909e+00
2.200999999999999832e-04,3.297060886748464981e+00
2.201999999999999856e-04,3.289124469800587924e+00
2.202999999999999880e-04,3.301610153928110858e+00
2.203999999999999905e-04,3.304351944378879580e+00
2.204999999999999929e-04,3.303452083990845445e+00
2.205999999999999953e-04,3.302533119968624309e+00
2.206999999999999977e-04,3.297908478204270022e+00
2.208000000000000002e-04,3.295159522491326154e+00
2.209000000000000026e-04,3.303310369614262498e+00
2.209999999999999779e-04,3.302558684497189478e+00
2.210999999999999804e-04,3.296634605454936917e+00
2.211999999999999828e-04,3.306656545135151948e+00
2.212999999999999852e-04,3.294702806912713999e+00
2.213999999999999877e-04,3.296498859727253539e+00
2.214999999999999901e-04,3.309818551274049891e+00
2.215999999999999925e-04,3.305211491626403486e+00
2.216999999999999949e-04,3.297851944164653659e+00
2.217999999999999974e-04,3.301724284257860909e+00
2.218999999999999998e-04,3.300928753467142762e+00
2.220000000000000022e-04,3.283526316810135626e+00
2.220999999999999776e-04,3.294561156303159599e+00
2.221999999999999800e-04,3.299694920297344236e+00
2.222999999999999824e-04,3.297860331140643808e+00
2.223999999999999849e-04,3.301482615388982467e+00
2.224999999999999873e-04,3.306776893877687140e+00
2.225999999999999897e-04,3.298070785292076312e+00
2.226999999999999921e-04,3.293654071223262481e+00
2.227999999999999946e-04,3.301949109951066053e+00
2.228999999999999970e-04,3.298040259998593182e+00
2.229999999999999994e-04,3.299063618995068392e+00
2.231000000000000019e-04,3.298249357685081318e+00
2.231999999999999772e-04,3.313451026800065868e+00
2.232999999999999796e-04,3.286555774434012367e+00
2.233999999999999821e-04,3.297669996581203744e+00
2.234999999999999845e-04,3.299977865846109637e+00
2.235999999999999869e-04,3.295313145046303127e+00
2.236999999999999893e-04,3.305398954992769589e+00
2.237999999999999918e-04,3.304879546072317709e+00
2.238999999999999942e-04,3.299713472289068417e+00
2.239999999999999966e-04,3.298375957467937436e+00
2.240999999999999991e-04,3.299328258994609797e+00
2.242000000000000015e-04,3.299371280078112978e+00
2.242999999999999768e-04,3.299529761831245356e+00
2.243999999999999793e-04,3.298872005390899087e+00
2.244999999999999817e-04,3.301514695887554307e+00
2.245999999999999841e-04,3.304519272388966922e+00
2.246999999999999865e-04,3.292618439114408435e+00
2.247999999999999890e-04,3.293696016604600985e+00
2.248999999999999914e-04,3.289508891823098580e+00
2.249999999999999938e-04,3.305198384402145528e+00
2.250999999999999963e-04,3.301501939759142523e+00
2.251999999999999987e-04,3.303031605095596568e+00
2.253000000000000011e-04,3.291423010569819230e+00
2.253999999999999765e-04,3.310709688737280665e+00
2.254999999999999789e-04,3.296346894551127615e+00
2.255999999999999813e-04,3.301009234842667173e+00
2.256999999999999838e-04,3.305126307964070254e+00
2.257999999999999862e-04,3.294078121465223497e+00
2.258999999999999886e-04,3.296722053848923917e+00
2.259999999999999910e-04,3.301075030647604880e+00
2.260999999999999935e-04,3.317144838452787958e+00
2.261999999999999959e-04,3.301806748457111862e+00
2.262999999999999983e-04,3.309638166903784207e+00
2.264000000000000008e-04,3.307234038871151416e+00
2.265000000000000032e-04,3.302208060218966956e+00
2.265999999999999785e-04,3.294064825370215832e+00
2.266999999999999810e-04,3.306358521664909400e+00
2.267999999999999834e-04,3.291011337950111582e+00
2.268999999999999858e-04,3.309605250742062577e+00
2.269999999999999882e-04,3.301200031849309546e+00
2.270999999999999907e-04,3.284098658716210650e+00
2.271999999999999931e-04,3.297956963429808930e+00
2.272999999999999955e-04,3.303923686925537506e+00
2.273999999999999980e-04,3.298577856761761407e+00
2.275000000000000004e-04,3.304290034865961179e+00
2.276000000000000028e-04,3.294899854993726063e+00
2.276999999999999782e-04,3.292164105763274229e+00
2.277999999999999806e-04,3.299571327581714009e+00
2.278999999999999830e-04,3.300189394003739451e+00
2.279999999999999854e-04,3.297909693893625871e+00
2.280999999999999879e-04,3.307363746879853128e+00
2.281999999999999903e-04,3.294898755749165353e+00
2.282999999999999927e-04,3.301878993643994065e+00
2.283999999999999952e-04,3.300407819826981726e+00
2.284999999999999976e-04,3.290659704287183462e+00
2.286000000000000000e-04,3.292085818897988680e+00
2.287000000000000025e-04,3.300071466097491690e+00
2.287999999999999778e-04,3.311887199992121555e+00
2.288999999999999802e-04,3.303475618871392516e+00
2.289999999999999826e-04,3.289646191049131918e+00
2.290999999999999851e-04,3.281337071609284006e+00
2.291999999999999875e-04,3.304398321558025930e+00
2.292999999999999899e-04,3.299422719102430790e+00
2.293999999999999924e-04,3.306847595817062224e+00
2.294999999999999948e-04,3.294715692475731039e+00
2.295999999999999972e-04,3.302101274987150781e+00
2.296999999999999997e-04,3.305077040778166886e+00
2.298000000000000021e-04,3.297315218170760787e+00
2.298999999999999774e-04,3.297443486578613303e+00
2.299999999999999799e-04,3.300151576986590118e+00
2.300999999999999823e-04,3.303256058079361956e+00
2.301999999999999847e-04,3.299913995972928227e+00
2.302999999999999871e-04,3.305843978026556940e+00
2.303999999999999896e-04,3.297228388864397619e+00
2.304999999999999920e-04,3.292029628767221272e+00
2.305999999999999944e-04,3.311861852208679124e+00
2.306999999999999969e-04,3.296372197580744956e+00
2.307999999999999993e-04,3.296589347497693279e+00
2.309000000000000017e-04,3.299605180073566846e+00
2.309999999999999771e-04,3.300403086657923701e+00
2.310999999999999795e-04,3.297679898145070343e+00
2.311999999999999819e-04,3.299895396618305554e+00
2.312999999999999843e-04,3.299761426611430792e+00
2.313999999999999868e-04,3.301048915962124575e+00
2.314999999999999892e-04,3.285855075246075785e+00
2.315999999999999916e-04,3.311285257842047081e+00
2.316999999999999941e-04,3.299116270118792382e+00
2.317999999999999965e-04,3.303483735716681746e+00
2.318999999999999989e-04,3.291731391950795782e+00
2.320000000000000014e-04,3.297173998432504138e+00
2.320999999999999767e-04,3.295966104802077190e+00
2.321999999999999791e-04,3.308818342587051209e+00
2.322999999999999815e-04,3.296485118358984501e+00
2.323999999999999840e-04,3.304548479921640247e+00
2.324999999999999864e-04,3.296097477283960853e+00
2.325999999999999888e-04,3.297284286362076156e+00
2.326999999999999913e-04,3.298526699008795582e+00
2.327999999999999937e-04,3.307703070760975805e+00
2.328999999999999961e-04,3.288660884045818911e+00
2.329999999999999986e-04,3.292106018668353062e+00
2.331000000000000010e-04,3.288316169005860878e+00
2.331999999999999763e-04,3.293474987281431066e+00
2.332999999999999787e-04,3.295130399692847156e+00
2.333999999999999812e-04,3.290313112475457658e+00
2.334999999999999836e-04,3.295595113520311870e+00
2.335999999999999860e-04,3.287911713114399337e+00
2.336999999999999885e-04,3.293892067657393952e+00
2.337999999999999909e-04,3.307202522399461220e+00
2.338999999999999933e-04,3.302421528421686236e+00
2.339999999999999958e-04,3.301124806033035153e+00
2.340999999999999982e-04,3.293983328662325238e+00
2.342000000000000006e-04,3.290783490245731358e+00
2.342999999999999760e-04,3.293165063546794169e+00
2.343999999999999784e-04,3.299740741038623693e+00
2.344999999999999808e-04,3.305209060678359734e+00
2.345999999999999832e-04,3.305414204502811870e+00
2.346999999999999857e-04,3.303783674174900042e+00
2.347999999999999881e-04,3.295574658815592084e+00
2.348999999999999905e-04,3.300147298994423828e+00
2.349999999999999930e-04,3.298071944819776391e+00
2.350999999999999954e-04,3.298792861419031386e+00
2.351999999999999978e-04,3.312222767381758803e+00
2.353000000000000003e-04,3.289427998577977963e+00
2.354000000000000027e-04,3.298591939104466242e+00
2.354999999999999780e-04,3.307270493443176917e+00
2.355999999999999804e-04,3.291204651029798534e+00
2.356999999999999829e-04,3.296137515448402500e+00
2.357999999999999853e-04,3.296825769014593899e+00
2.358999999999999877e-04,3.298660261667675897e+00
2.359999999999999902e-04,3.290424257042362299e+00
2.360999999999999926e-04,3.303571716362028177e+00
2.361999999999999950e-04,3.303997723695078825e+00
2.362999999999999975e-04,3.303050251950107707e+00
2.363999999999999999e-04,3.294777757954253428e+00
2.365000000000000023e-04,3.300519064744723785e+00
2.365999999999999776e-04,3.294603358562585349e+00
2.366999999999999801e-04,3.298004420035370643e+00
2.367999999999999825e-04,3.312920807563024983e+00
2.368999999999999849e-04,3.300574172265577477e+00
2.369999999999999874e-04,3.292874840544076864e+00
2.370999999999999898e-04,3.301082012043983216e+00
2.371999999999999922e-04,3.291889224443619977e+00
2.372999999999999947e-04,3.292805937644909697e+00
2.373999999999999971e-04,3.293753261184307224e+00
2.374999999999999995e-04,3.297334143286825725e+00
2.376000000000000020e-04,3.305621813973535161e+00
2.376999999999999773e-04,3.303470389188100764e+00
2.377999999999999797e-04,3.303137971969483999e+00
2.378999999999999821e-04,3.293406452606456369e+00
2.379999999999999846e-04,3.296752113867385869e+00
2.380999999999999870e-04,3.301632006641298744e+00
2.381999999999999894e-04,3.296230080087669378e+00
2.382999999999999919e-04,3.298329801358193425e+00
2.383999999999999943e-04,3.302648152155179595e+00
2.384999999999999967e-04,3.297907363912791823e+00
2.385999999999999992e-04,3.301356357534611874e+00
2.387000000000000016e-04,3.309556370736117081e+00
2.387999999999999769e-04,3.298968847206077637e+00
2.388999999999999793e-04,3.307076026858315032e+00
2.389999999999999818e-04,3.303356220403844024e+00
2.390999999999999842e-04,3.291196548039079239e+00
2.391999999999999866e-04,3.293387177824418810e+00
2.392999999999999891e-04,3.294998424701580664e+00
2.393999999999999915e-04,3.294870990498403263e+00
2.394999999999999939e-04,3.299458261523358971e+00
2.395999999999999964e-04,3.303687864288490594e+00
2.396999999999999988e-04,3.307530950500228162e+00
2.398000000000000012e-04,3.301849050532350116e+00
2.398999999999999765e-04,3.297325922663680409e+00
2.399999999999999790e-04,3.287506552538220550e+00
2.400999999999999814e-04,3.300423537452503719e+00
2.401999999999999838e-04,3.300154621162169732e+00
2.402999999999999863e-04,3.301097572521233481e+00
2.403999999999999887e-04,3.312637441786219661e+00
2.404999999999999911e-04,3.307443579277158374e+00
2.405999999999999936e-04,3.304710365509499592e+00
2.406999999999999960e-04,3.294227537219570401e+00
2.407999999999999984e-04,3.296922031504819550e+00
2.409000000000000009e-04,3.299430932358428770e+00
2.409999999999999762e-04,3.295347557255937865e+00
2.410999999999999786e-04,3.303002787149910358e+00
2.411999999999999810e-04,3.302141453095293944e+00
2.412999999999999835e-04,3.293470153241671472e+00
2.413999999999999859e-04,3.307180900254576450e+00
2.414999999999999883e-04,3.300613862002852894e+00
2.415999999999999908e-04,3.289625573119546509e+00
2.416999999999999932e-04,3.299691942849929838e+00
2.417999999999999956e-04,3.301687238735537377e+00
2.418999999999999981e-04,3.305836754168614444e+00
2.420000000000000005e-04,3.297975141581240166e+00
2.420999999999999758e-04,3.304967629604683044e+00
2.421999999999999782e-04,3.301122851920621049e+00
2.422999999999999807e-04,3.292109672345774563e+00
2.423999999999999831e-04,3.291508999359104681e+00
2.424999999999999855e-04,3.306735359220895898e+00
2.425999999999999880e-04,3.307175905070290245e+00
2.426999999999999904e-04,3.301937455382428332e+00
2.427999999999999928e-04,3.308974240327080096e+00
2.428999999999999953e-04,3.306339659094249317e+00
2.429999999999999977e-04,3.304101772376878188e+00
2.431000000000000001e-04,3.294532131067597902e+00
2.432000000000000025e-04,3.310388572506193672e+00
2.432999999999999779e-04,3.303217808593249316e+00
2.433999999999999803e-04,3.297684967352330077e+00
2.434999999999999827e-04,3.295990379968168238e+00
2.435999999999999852e-04,3.301540702689083062e+00
2.436999999999999876e-04,3.289973645490968934e+00
2.437999999999999900e-04,3.304198039652117114e+00
2.438999999999999925e-04,3.294278575111835750e+00
2.439999999999999949e-04,3.302223648652945709e+00
2.440999999999999973e-04,3.296870277975850971e+00
2.441999999999999726e-04,3.298413487723651727e+00
2.442999999999999751e-04,3.295458540763409605e+00
2.443999999999999775e-04,3.299032623412915033e+00
2.444999999999999799e-04,3.311336277276104134e+00
2.445999999999999824e-04,3.308310357762291876e+00
2.446999999999999848e-04,3.302126873729972711e+00
2.447999999999999872e-04,3.299848234406610015e+00
2.448999999999999897e-04,3.305065207144157302e+00
2.449999999999999921e-04,3.306779822364644961e+00
2.450999999999999945e-04,3.295021089706754669e+00
2.451999999999999970e-04,3.299535366794206670e+00
2.452999999999999994e-04,3.289068250622591449e+00
2.454000000000000018e-04,3.306738612661565213e+00
2.455000000000000042e-04,3.312390145546205034e+00
2.456000000000000067e-04,3.300480495747738274e+00
2.457000000000000091e-04,3.287249939250581843e+00
2.458000000000000115e-04,3.303653343099461903e+00
2.459000000000000140e-04,3.294575465003105386e+00
2.459999999999999622e-04,3.296019903350013269e+00
2.460999999999999646e-04,3.303759458338745958e+00
2.461999999999999670e-04,3.301527324753076087e+00
2.462999999999999695e-04,3.297071347347968029e+00
2.463999999999999719e-04,3.296102366204389789e+00
2.464999999999999743e-04,3.300755016331324843e+00
2.465999999999999768e-04,3.297543206684925732e+00
2.466999999999999792e-04,3.293344577198381806e+00
2.467999999999999816e-04,3.298004620911129781e+00
2.468999999999999841e-04,3.302037555739530728e+00
2.469999999999999865e-04,3.298931379199081970e+00
2.470999999999999889e-04,3.291518948410510514e+00
2.471999999999999914e-04,3.305934387728253210e+00
2.472999999999999938e-04,3.283567131378339887e+00
2.473999999999999962e-04,3.297321809069829079e+00
2.474999999999999986e-04,3.296278809272676469e+00
2.476000000000000011e-04,3.300889073267228468e+00
2.477000000000000035e-04,3.303369970846816273e+00
2.478000000000000059e-04,3.306760588849566140e+00
2.479000000000000084e-04,3.295725570759886924e+00
2.480000000000000108e-04,3.303519494024000913e+00
2.481000000000000132e-04,3.301174910327288714e+00
2.482000000000000157e-04,3.289730763748900610e+00
2.482999999999999639e-04,3.311403241532604458e+00
2.483999999999999663e-04,3.291367349236558493e+00
2.484999999999999687e-04,3.302516983633858150e+00
2.485999999999999712e-04,3.302339759665186225e+00
2.486999999999999736e-04,3.301653820693974506e+00
2.487999999999999760e-04,3.297032538707030280e+00
2.488999999999999785e-04,3.304963515906842897e+00
2.489999999999999809e-04,3.290637795156341028e+00
2.490999999999999833e-04,3.299605027267956459e+00
2.491999999999999858e-04,3.296616751940685042e+00
2.492999999999999882e-04,3.295936212347597483e+00
2.493999999999999906e-04,3.302572486724721035e+00
2.494999999999999931e-04,3.306464871256317828e+00
2.495999999999999955e-04,3.297940465428978563e+00
2.496999999999999979e-04,3.304684086539554588e+00
2.498000000000000003e-04,3.300298443992667252e+00
2.499000000000000028e-04,3.294643606744571684e+00
