time,V(OUT)
0.000000000000000000e+00,1.027380718601384052e-01
9.999999999999999547e-08,1.542382711638125570e-01
1.999999999999999909e-07,2.954393851312417940e-01
2.999999999999999864e-07,4.904864743929837068e-01
3.999999999999999819e-07,6.191019692815570297e-01
4.999999999999999774e-07,7.323796504525958984e-01
5.999999999999999728e-07,8.740852110071408720e-01
6.999999999999999683e-07,9.932151516798085611e-01
7.999999999999999638e-07,1.107370820356808228e+00
8.999999999999999593e-07,1.225062436732650584e+00
9.999999999999999547e-07,1.328905772367163785e+00
1.100000000000000056e-06,1.416062320743891600e+00
1.199999999999999946e-06,1.518976444118135705e+00
1.299999999999999835e-06,1.613839772523592897e+00
1.399999999999999937e-06,1.689199231174443483e+00
1.500000000000000038e-06,1.765386764014990062e+00
1.599999999999999928e-06,1.841958464321030498e+00
1.699999999999999817e-06,1.919937463726639093e+00
1.799999999999999919e-06,1.983370391495830054e+00
1.900000000000000020e-06,2.050934493261135749e+00
1.999999999999999909e-06,2.112897373269590151e+00
2.099999999999999799e-06,2.180155926882324291e+00
2.200000000000000112e-06,2.229477181620344695e+00
2.300000000000000002e-06,2.280075599724574076e+00
2.399999999999999891e-06,2.332563672617979034e+00
2.499999999999999781e-06,2.380829374833747902e+00
2.599999999999999671e-06,2.436146972134988875e+00
2.699999999999999984e-06,2.474744821213304302e+00
2.799999999999999873e-06,2.514908989119821747e+00
2.899999999999999763e-06,2.549514292608024757e+00
3.000000000000000076e-06,2.592758424541295348e+00
3.099999999999999966e-06,2.630918398942496239e+00
3.199999999999999855e-06,2.657346815345547952e+00
3.299999999999999745e-06,2.694061542935993536e+00
3.399999999999999634e-06,2.721442720251153968e+00
3.499999999999999947e-06,2.743496258947639710e+00
3.599999999999999837e-06,2.785444571347806431e+00
3.699999999999999727e-06,2.808999505856850210e+00
3.800000000000000040e-06,2.833460397251365670e+00
3.899999999999999929e-06,2.847141914222753201e+00
3.999999999999999819e-06,2.874617671707943689e+00
4.099999999999999709e-06,2.899154176187673571e+00
4.199999999999999598e-06,2.913845360297543596e+00
4.299999999999999488e-06,2.936350143667493917e+00
4.400000000000000224e-06,2.948762478684575861e+00
4.500000000000000114e-06,2.979792956151215311e+00
4.600000000000000004e-06,2.991980700194101672e+00
4.699999999999999893e-06,3.001941679746129132e+00
4.799999999999999783e-06,3.016401750534793980e+00
4.899999999999999672e-06,3.030826135590301895e+00
4.999999999999999562e-06,3.042816300912435601e+00
5.099999999999999452e-06,3.055300459644274991e+00
5.199999999999999341e-06,3.069611481121969021e+00
5.300000000000000078e-06,3.079763306287198077e+00
5.399999999999999967e-06,3.093796767672996939e+00
5.499999999999999857e-06,3.106613852042561241e+00
5.599999999999999747e-06,3.119122106928493121e+00
5.699999999999999636e-06,3.118946541732868560e+00
5.799999999999999526e-06,3.132531177356742802e+00
5.899999999999999415e-06,3.145364111243977856e+00
6.000000000000000152e-06,3.143739858536197751e+00
6.100000000000000042e-06,3.159405818864850612e+00
6.199999999999999931e-06,3.156738547188350452e+00
6.299999999999999821e-06,3.170766399833178983e+00
6.399999999999999710e-06,3.170650829290919681e+00
6.499999999999999600e-06,3.184521530418988444e+00
6.599999999999999490e-06,3.180805719089673467e+00
6.699999999999999379e-06,3.198211364722394201e+00
6.799999999999999269e-06,3.195859514478581520e+00
6.900000000000000005e-06,3.211595569942165440e+00
6.999999999999999895e-06,3.209048377613225700e+00
7.099999999999999785e-06,3.209692359621398872e+00
7.199999999999999674e-06,3.225526929060102521e+00
7.299999999999999564e-06,3.222240242686809530e+00
7.399999999999999453e-06,3.224514524827010398e+00
7.499999999999999343e-06,3.235605442628346484e+00
7.600000000000000080e-06,3.236170003245439908e+00
7.699999999999999122e-06,3.235651812884116740e+00
7.799999999999999859e-06,3.236818652439449995e+00
7.899999999999998901e-06,3.247409202580719967e+00
7.999999999999999638e-06,3.246961427215470763e+00
8.100000000000000375e-06,3.247479635714434210e+00
8.199999999999999417e-06,3.248587065564485954e+00
8.300000000000000154e-06,3.248106271821673996e+00
8.399999999999999196e-06,3.262393537314706826e+00
8.499999999999999933e-06,3.263285222549732190e+00
8.599999999999998976e-06,3.259864367494147430e+00
8.699999999999999712e-06,3.260227201812579079e+00
8.800000000000000449e-06,3.259173765872530826e+00
8.899999999999999491e-06,3.264373684486138405e+00
9.000000000000000228e-06,3.261785129248682580e+00
9.099999999999999271e-06,3.274938453480077172e+00
9.200000000000000007e-06,3.272208437422453375e+00
9.299999999999999050e-06,3.274216995016489218e+00
9.399999999999999786e-06,3.274982621976619157e+00
9.499999999999998829e-06,3.273839613464198273e+00
9.599999999999999566e-06,3.275832308437239160e+00
9.700000000000000302e-06,3.277686496688463791e+00
9.799999999999999345e-06,3.272798155759358618e+00
9.900000000000000081e-06,3.272685619131034507e+00
9.999999999999999124e-06,3.272902115901706654e+00
1.009999999999999986e-05,3.289518673740024823e+00
1.019999999999999890e-05,3.288672907975544568e+00
1.029999999999999964e-05,3.286906083273309687e+00
1.039999999999999868e-05,3.287164214496601122e+00
1.049999999999999942e-05,3.285884559560705132e+00
1.060000000000000016e-05,3.288444415736614612e+00
1.069999999999999920e-05,3.286539522263837387e+00
1.079999999999999993e-05,3.286719260190817504e+00
1.089999999999999898e-05,3.288022559657294064e+00
1.099999999999999971e-05,3.286827382592875324e+00
1.109999999999999876e-05,3.286756926009753332e+00
1.119999999999999949e-05,3.287125237808293576e+00
1.130000000000000023e-05,3.288302408120689524e+00
1.139999999999999927e-05,3.289579114613225830e+00
1.150000000000000001e-05,3.287987604348369342e+00
1.159999999999999905e-05,3.288314346335436511e+00
1.169999999999999979e-05,3.286809593906848459e+00
1.179999999999999883e-05,3.286047678205247013e+00
1.189999999999999957e-05,3.288090354348352840e+00
1.200000000000000030e-05,3.287366236236900718e+00
1.209999999999999935e-05,3.284975432026875364e+00
1.220000000000000008e-05,3.299507895564861570e+00
1.229999999999999913e-05,3.299875654464777597e+00
1.239999999999999986e-05,3.299234313199457258e+00
1.249999999999999890e-05,3.302222603391812950e+00
1.259999999999999964e-05,3.300719758555353156e+00
1.269999999999999868e-05,3.302059762376832630e+00
1.279999999999999942e-05,3.300395137892477848e+00
1.290000000000000016e-05,3.300122081754637282e+00
1.299999999999999920e-05,3.298595103273584517e+00
1.309999999999999994e-05,3.300017894299794641e+00
1.319999999999999898e-05,3.300019580888513104e+00
1.329999999999999972e-05,3.297949329173948563e+00
1.339999999999999876e-05,3.299190708795344040e+00
1.349999999999999949e-05,3.299515076102225386e+00
1.359999999999999854e-05,3.300620219316083404e+00
1.369999999999999927e-05,3.300692025167978549e+00
1.380000000000000001e-05,3.299128022277051819e+00
1.389999999999999905e-05,3.300703304403812766e+00
1.399999999999999979e-05,3.299726881605977269e+00
1.409999999999999883e-05,3.295695569962717286e+00
1.419999999999999957e-05,3.299272946952072516e+00
1.429999999999999861e-05,3.301618482960213541e+00
1.439999999999999935e-05,3.297477291365058516e+00
1.450000000000000009e-05,3.300169036800623346e+00
1.459999999999999913e-05,3.302377891821277611e+00
1.469999999999999986e-05,3.298859080570484270e+00
1.479999999999999891e-05,3.300003223620641357e+00
1.489999999999999964e-05,3.298043975614157741e+00
1.499999999999999869e-05,3.302440846712495048e+00
1.509999999999999942e-05,3.299875001059505042e+00
1.520000000000000016e-05,3.300069940264190649e+00
1.529999999999999920e-05,3.302031450698258208e+00
1.539999999999999824e-05,3.300992217591967925e+00
1.550000000000000068e-05,3.298686556901254896e+00
1.559999999999999972e-05,3.299029083113868666e+00
1.569999999999999876e-05,3.300742396956784841e+00
1.579999999999999780e-05,3.299063818417405258e+00
1.590000000000000023e-05,3.296824135031819036e+00
1.599999999999999928e-05,3.299920138802041158e+00
1.609999999999999832e-05,3.297779681008312647e+00
1.620000000000000075e-05,3.302424422630345191e+00
1.629999999999999979e-05,3.300265181456644381e+00
1.639999999999999883e-05,3.298642237414884271e+00
1.649999999999999788e-05,3.298952051378006178e+00
1.660000000000000031e-05,3.297165903618188842e+00
1.669999999999999935e-05,3.298350807169828869e+00
1.679999999999999839e-05,3.301524484803810999e+00
1.690000000000000082e-05,3.303347679218238575e+00
1.699999999999999987e-05,3.301089594769798463e+00
1.709999999999999891e-05,3.299861936192068246e+00
1.719999999999999795e-05,3.299352060936518782e+00
1.730000000000000038e-05,3.298565256279635260e+00
1.739999999999999942e-05,3.303089648849009574e+00
1.749999999999999847e-05,3.299716876947203392e+00
1.760000000000000090e-05,3.303173444745093779e+00
1.769999999999999994e-05,3.302090279264414896e+00
1.779999999999999898e-05,3.297388805352980512e+00
1.789999999999999803e-05,3.299001071406360897e+00
1.800000000000000046e-05,3.298996432313739291e+00
1.809999999999999950e-05,3.299880230453841268e+00
1.819999999999999854e-05,3.299909528620329269e+00
1.829999999999999758e-05,3.304494358643097041e+00
1.840000000000000001e-05,3.298384158188287785e+00
1.849999999999999906e-05,3.300343454903496454e+00
1.859999999999999810e-05,3.300924761613701630e+00
1.870000000000000053e-05,3.299997641993296149e+00
1.879999999999999957e-05,3.300165270866671996e+00
1.889999999999999862e-05,3.298432786658540117e+00
1.899999999999999766e-05,3.300159729291904043e+00
1.910000000000000009e-05,3.300767098494261198e+00
1.919999999999999913e-05,3.300491400876406356e+00
1.929999999999999817e-05,3.300855301355868132e+00
1.940000000000000060e-05,3.302118911850953964e+00
1.949999999999999965e-05,3.301405449812871318e+00
1.959999999999999869e-05,3.300106941920245784e+00
1.969999999999999773e-05,3.298242362472175060e+00
1.980000000000000016e-05,3.299099992087933142e+00
1.989999999999999921e-05,3.299670553272123552e+00
1.999999999999999825e-05,3.300378518747011825e+00
2.010000000000000068e-05,3.299282500857750655e+00
2.019999999999999972e-05,3.298596400201223133e+00
2.029999999999999876e-05,3.298217701966319471e+00
2.039999999999999781e-05,3.297523233361416395e+00
2.050000000000000024e-05,3.299647573944338053e+00
2.059999999999999928e-05,3.297795501836894516e+00
2.069999999999999832e-05,3.298499211473763904e+00
2.079999999999999736e-05,3.299409147190733194e+00
2.089999999999999980e-05,3.297996124035912580e+00
2.099999999999999884e-05,3.300569628282747914e+00
2.109999999999999788e-05,3.301110334595408258e+00
2.120000000000000031e-05,3.299175859470336647e+00
2.129999999999999935e-05,3.299344459038584976e+00
2.139999999999999840e-05,3.300806144655208385e+00
2.149999999999999744e-05,3.298929007354147735e+00
2.159999999999999987e-05,3.298825899132603823e+00
2.169999999999999891e-05,3.301794747717279321e+00
2.179999999999999795e-05,3.301326281608068847e+00
2.190000000000000039e-05,3.300902325003515880e+00
2.199999999999999943e-05,3.301388466932090981e+00
2.209999999999999847e-05,3.297034081911948800e+00
2.219999999999999751e-05,3.302030753320189582e+00
2.229999999999999994e-05,3.300588093174875226e+00
2.239999999999999899e-05,3.301516172076008448e+00
2.249999999999999803e-05,3.300580742668674183e+00
2.260000000000000046e-05,3.300073387237020039e+00
2.269999999999999950e-05,3.299587036181456767e+00
2.279999999999999854e-05,3.300550716565329168e+00
2.289999999999999759e-05,3.299532378136643018e+00
2.300000000000000002e-05,3.301301814150097602e+00
2.309999999999999906e-05,3.297620315033171323e+00
2.319999999999999810e-05,3.299187636207308483e+00
2.330000000000000053e-05,3.303067234872714586e+00
2.339999999999999958e-05,3.299060879304641425e+00
2.349999999999999862e-05,3.299641974415404633e+00
2.359999999999999766e-05,3.298676128599974611e+00
2.370000000000000009e-05,3.300503768509328584e+00
2.379999999999999913e-05,3.298895602664786431e+00
2.389999999999999818e-05,3.299721583597789110e+00
2.400000000000000061e-05,3.301273299804052375e+00
2.409999999999999965e-05,3.298951854871777556e+00
2.419999999999999869e-05,3.301182916678897517e+00
2.429999999999999774e-05,3.301233343973340340e+00
2.440000000000000017e-05,3.301582434142078970e+00
2.449999999999999921e-05,3.300210811492376717e+00
2.459999999999999825e-05,3.304861888615465038e+00
2.469999999999999729e-05,3.301581800544812761e+00
2.479999999999999972e-05,3.300487316436610197e+00
2.489999999999999877e-05,3.298686113378877405e+00
2.499999999999999781e-05,3.299854411311188507e+00
2.510000000000000024e-05,3.302139490465350047e+00
2.519999999999999928e-05,3.302564301923439416e+00
2.529999999999999833e-05,3.302217493650660085e+00
2.539999999999999737e-05,3.301177788460094131e+00
2.549999999999999980e-05,3.298116509690556253e+00
2.559999999999999884e-05,3.300730742726738498e+00
2.569999999999999788e-05,3.298137896432920435e+00
2.580000000000000031e-05,3.297768793209928884e+00
2.589999999999999936e-05,3.300358738026865524e+00
2.599999999999999840e-05,3.300784799170904282e+00
2.609999999999999744e-05,3.301355065647721077e+00
2.619999999999999987e-05,3.300745704360578792e+00
2.629999999999999892e-05,3.300797378978614027e+00
2.639999999999999796e-05,3.298523021122511167e+00
2.650000000000000039e-05,3.299842534972972974e+00
2.659999999999999943e-05,3.297739324821548301e+00
2.669999999999999847e-05,3.296994946305899621e+00
2.679999999999999752e-05,3.301110964064764453e+00
2.689999999999999995e-05,3.298870313409313582e+00
2.699999999999999899e-05,3.301308747753214590e+00
2.709999999999999803e-05,3.301662521366819814e+00
2.719999999999999708e-05,3.299071024013064957e+00
2.729999999999999951e-05,3.300885466641832799e+00
2.739999999999999855e-05,3.299008264907079546e+00
2.749999999999999759e-05,3.297231181688059731e+00
2.760000000000000002e-05,3.300184964106663621e+00
2.769999999999999906e-05,3.299293689180426092e+00
2.779999999999999811e-05,3.299339866484118922e+00
2.789999999999999715e-05,3.302963014676767894e+00
2.799999999999999958e-05,3.297711214525900658e+00
2.809999999999999862e-05,3.300574306703056848e+00
2.819999999999999767e-05,3.298507789144282665e+00
2.830000000000000010e-05,3.301362392113900590e+00
2.839999999999999914e-05,3.300447646854262285e+00
2.849999999999999818e-05,3.300569016523770660e+00
2.859999999999999722e-05,3.298582665573596362e+00
2.869999999999999965e-05,3.298851618130067553e+00
2.879999999999999870e-05,3.301390875761018862e+00
2.889999999999999774e-05,3.302656196582591352e+00
2.900000000000000017e-05,3.300720461725835886e+00
2.909999999999999921e-05,3.298653868918842491e+00
2.919999999999999826e-05,3.300508407783692810e+00
2.929999999999999730e-05,3.303641208066506074e+00
2.939999999999999973e-05,3.300153634216078213e+00
2.949999999999999877e-05,3.302192761289090228e+00
2.959999999999999781e-05,3.298889505951241752e+00
2.970000000000000024e-05,3.299936870922545396e+00
2.979999999999999929e-05,3.300929347809188119e+00
2.989999999999999833e-05,3.300595992462393991e+00
2.999999999999999737e-05,3.298850416979833167e+00
3.009999999999999980e-05,3.298785723814304127e+00
3.019999999999999885e-05,3.301482426604653853e+00
3.029999999999999789e-05,3.301787326218974972e+00
3.040000000000000032e-05,3.302268215337182511e+00
3.049999999999999936e-05,3.302705895724879159e+00
3.059999999999999840e-05,3.300201929154483516e+00
3.070000000000000083e-05,3.299533201133652227e+00
3.079999999999999649e-05,3.302026486408167649e+00
3.089999999999999892e-05,3.301069603922777151e+00
3.100000000000000135e-05,3.298526317111998285e+00
3.109999999999999700e-05,3.298449546501721397e+00
3.119999999999999944e-05,3.300737895302034097e+00
3.130000000000000187e-05,3.299734088007773902e+00
3.139999999999999752e-05,3.299960355067888873e+00
3.149999999999999995e-05,3.301608800047064918e+00
3.159999999999999561e-05,3.301138555717477274e+00
3.169999999999999804e-05,3.301994809872627279e+00
3.180000000000000047e-05,3.297102695840439690e+00
3.189999999999999612e-05,3.300380096875831448e+00
3.199999999999999855e-05,3.301042032783595648e+00
3.210000000000000098e-05,3.297710121214968204e+00
3.219999999999999664e-05,3.299017656538034693e+00
3.229999999999999907e-05,3.298739272256506538e+00
3.240000000000000150e-05,3.300032547256589677e+00
3.249999999999999715e-05,3.302441780953040862e+00
3.259999999999999958e-05,3.303033884106997053e+00
3.269999999999999524e-05,3.298778568670389877e+00
3.279999999999999767e-05,3.300789835875740152e+00
3.290000000000000010e-05,3.300838196778213440e+00
3.299999999999999575e-05,3.300581438657272049e+00
3.309999999999999818e-05,3.300598469452108663e+00
3.320000000000000062e-05,3.300455613753676687e+00
3.329999999999999627e-05,3.302531355181209438e+00
3.339999999999999870e-05,3.301653699771551764e+00
3.350000000000000113e-05,3.298409769153602511e+00
3.359999999999999679e-05,3.301193581621320483e+00
3.369999999999999922e-05,3.301338560061767069e+00
3.380000000000000165e-05,3.300472450930727497e+00
3.389999999999999730e-05,3.301697136555753698e+00
3.399999999999999973e-05,3.300282111051448197e+00
3.409999999999999539e-05,3.300300701581614149e+00
3.419999999999999782e-05,3.300181860817015256e+00
3.430000000000000025e-05,3.296972633871300129e+00
3.439999999999999590e-05,3.299879402409140905e+00
3.449999999999999833e-05,3.298997624138317875e+00
3.460000000000000076e-05,3.298220328032710924e+00
3.469999999999999642e-05,3.302151027427109309e+00
3.479999999999999885e-05,3.300756311277801558e+00
3.490000000000000128e-05,3.299955253378583198e+00
3.499999999999999693e-05,3.299152794973346126e+00
3.509999999999999936e-05,3.300444254376942776e+00
3.520000000000000180e-05,3.301487154139976177e+00
3.529999999999999745e-05,3.298759551234679233e+00
3.539999999999999988e-05,3.299992757441585045e+00
3.549999999999999553e-05,3.301302099748276486e+00
3.559999999999999797e-05,3.297095998306373676e+00
3.570000000000000040e-05,3.299913645356391534e+00
3.579999999999999605e-05,3.299356062944178714e+00
3.589999999999999848e-05,3.299799255213367477e+00
3.600000000000000091e-05,3.299247557165442046e+00
3.609999999999999657e-05,3.300206436907810570e+00
3.619999999999999900e-05,3.302885440830634067e+00
3.630000000000000143e-05,3.299514116289107069e+00
3.639999999999999708e-05,3.300437566513640952e+00
3.649999999999999951e-05,3.302992119627613299e+00
3.659999999999999517e-05,3.299174976632440970e+00
3.669999999999999760e-05,3.302722013023393188e+00
3.680000000000000003e-05,3.300007984509940595e+00
3.689999999999999568e-05,3.302672844338797375e+00
3.699999999999999811e-05,3.301125301687419356e+00
3.710000000000000054e-05,3.300460662543873269e+00
3.719999999999999620e-05,3.299901553977170110e+00
3.729999999999999863e-05,3.299063937840180927e+00
3.740000000000000106e-05,3.300113687324946365e+00
3.749999999999999671e-05,3.301346042188529673e+00
3.759999999999999915e-05,3.299980332853504894e+00
3.770000000000000158e-05,3.299525065792407119e+00
3.779999999999999723e-05,3.299623826198732957e+00
3.789999999999999966e-05,3.301488714920374434e+00
3.799999999999999532e-05,3.301837742182649471e+00
3.809999999999999775e-05,3.298999274229347467e+00
3.820000000000000018e-05,3.298997118213828461e+00
3.829999999999999583e-05,3.300569038379500331e+00
3.839999999999999826e-05,3.302291298097135730e+00
3.850000000000000069e-05,3.301718985462468670e+00
3.859999999999999635e-05,3.298122221681730082e+00
3.869999999999999878e-05,3.299603886045011869e+00
3.880000000000000121e-05,3.298604094667965558e+00
3.889999999999999686e-05,3.299598731217126879e+00
3.899999999999999929e-05,3.302406614994052969e+00
3.909999999999999495e-05,3.297866099026825371e+00
3.919999999999999738e-05,3.297571702060079435e+00
3.929999999999999981e-05,3.298757168769849368e+00
3.939999999999999546e-05,3.300430965903863978e+00
3.949999999999999789e-05,3.300931132230961129e+00
3.960000000000000033e-05,3.300656172652292053e+00
3.969999999999999598e-05,3.301763528104846301e+00
3.979999999999999841e-05,3.297355371608648777e+00
3.990000000000000084e-05,3.301782504807538210e+00
3.999999999999999650e-05,3.299531857019930570e+00
4.009999999999999893e-05,3.301097241464707288e+00
4.020000000000000136e-05,3.298014861859854818e+00
4.029999999999999701e-05,3.300007435045513304e+00
4.039999999999999944e-05,3.300354406155883158e+00
4.049999999999999510e-05,3.301733626556247359e+00
4.059999999999999753e-05,3.297622118066088071e+00
4.069999999999999996e-05,3.300046128822802238e+00
4.079999999999999561e-05,3.298372147063286519e+00
4.089999999999999804e-05,3.300758244066312130e+00
4.100000000000000047e-05,3.301165824804683790e+00
4.109999999999999613e-05,3.301930755363761794e+00
4.119999999999999856e-05,3.299197455818537073e+00
4.130000000000000099e-05,3.301390839728532978e+00
4.139999999999999664e-05,3.302041352381215322e+00
4.149999999999999907e-05,3.297535129545216659e+00
4.159999999999999473e-05,3.300918517380147410e+00
4.169999999999999716e-05,3.301437766880670033e+00
4.179999999999999959e-05,3.299611910420418681e+00
4.189999999999999525e-05,3.298183839633712200e+00
4.199999999999999768e-05,3.301414433634164425e+00
4.210000000000000011e-05,3.298200736758662988e+00
4.219999999999999576e-05,3.299732472848233567e+00
4.229999999999999819e-05,3.299939813913294717e+00
4.240000000000000062e-05,3.301073307077555974e+00
4.249999999999999628e-05,3.299060052660731213e+00
4.259999999999999871e-05,3.298973124466757945e+00
4.270000000000000114e-05,3.300148373218144471e+00
4.279999999999999679e-05,3.301509585716429385e+00
4.289999999999999922e-05,3.303431175000979714e+00
4.299999999999999488e-05,3.297738778200331566e+00
4.309999999999999731e-05,3.300473013026679503e+00
4.319999999999999974e-05,3.298370197460648523e+00
4.329999999999999539e-05,3.301528216864809906e+00
4.339999999999999782e-05,3.298592183179036130e+00
4.350000000000000026e-05,3.298988027672726364e+00
4.359999999999999591e-05,3.299116093711403686e+00
4.369999999999999834e-05,3.299885701591920295e+00
4.380000000000000077e-05,3.300484796395287912e+00
4.389999999999999643e-05,3.300725552090412407e+00
4.399999999999999886e-05,3.299991348680725523e+00
4.410000000000000129e-05,3.298005163466338985e+00
4.419999999999999694e-05,3.301091679225465203e+00
4.429999999999999937e-05,3.299920562004505342e+00
4.439999999999999503e-05,3.301742602185021802e+00
4.449999999999999746e-05,3.298938391830779970e+00
4.459999999999999989e-05,3.297596587908973476e+00
4.469999999999999554e-05,3.299948960995975344e+00
4.479999999999999797e-05,3.301943929032426173e+00
4.490000000000000040e-05,3.300241413204923813e+00
4.499999999999999606e-05,3.299700495301240544e+00
4.509999999999999849e-05,3.298694479473513574e+00
4.520000000000000092e-05,3.302636649700021021e+00
4.529999999999999657e-05,3.298455596107672694e+00
4.539999999999999900e-05,3.298911908613557653e+00
4.549999999999999466e-05,3.300855051294125708e+00
4.559999999999999709e-05,3.297215968965169441e+00
4.569999999999999952e-05,3.301911885998071838e+00
4.579999999999999517e-05,3.300936289671325685e+00
4.589999999999999761e-05,3.301348846607716325e+00
4.600000000000000004e-05,3.300837175517924216e+00
4.609999999999999569e-05,3.299758314723815200e+00
4.619999999999999812e-05,3.298405276934766484e+00
4.630000000000000055e-05,3.299789886838162545e+00
4.639999999999999621e-05,3.298537145532370651e+00
4.649999999999999864e-05,3.300729232965114335e+00
4.660000000000000107e-05,3.301210169745822043e+00
4.669999999999999672e-05,3.302215212946796985e+00
4.679999999999999915e-05,3.300557651460829245e+00
4.689999999999999481e-05,3.301386863034892816e+00
4.699999999999999724e-05,3.299554282894154422e+00
4.709999999999999967e-05,3.299282584292987597e+00
4.719999999999999532e-05,3.300710507836225105e+00
4.729999999999999775e-05,3.299420290690924240e+00
4.740000000000000018e-05,3.300403778683241196e+00
4.749999999999999584e-05,3.298408211715996519e+00
4.759999999999999827e-05,3.298677558476285299e+00
4.770000000000000070e-05,3.300953113951527129e+00
4.779999999999999635e-05,3.301330035113108963e+00
4.789999999999999879e-05,3.298521515746549948e+00
4.800000000000000122e-05,3.301005921465759663e+00
4.809999999999999687e-05,3.299200896490447121e+00
4.819999999999999930e-05,3.300024757764300265e+00
4.829999999999999496e-05,3.302125416623685972e+00
4.839999999999999739e-05,3.301211230851034184e+00
4.849999999999999982e-05,3.301193807982033324e+00
4.859999999999999547e-05,3.302863185537685098e+00
4.869999999999999790e-05,3.298944180988425234e+00
4.880000000000000033e-05,3.298521187537510890e+00
4.889999999999999599e-05,3.298916816594656964e+00
4.899999999999999842e-05,3.299618248419889710e+00
4.910000000000000085e-05,3.296468174078562186e+00
4.919999999999999650e-05,3.299688857644954787e+00
4.929999999999999893e-05,3.299183143902157500e+00
4.939999999999999459e-05,3.301175639651096727e+00
4.949999999999999702e-05,3.300528629068514963e+00
4.959999999999999945e-05,3.299098955058345606e+00
4.969999999999999510e-05,3.300884941268044326e+00
4.979999999999999753e-05,3.301084894589735530e+00
4.989999999999999997e-05,3.298847181315312849e+00
4.999999999999999562e-05,3.299260463616926042e+00
5.009999999999999805e-05,3.296661955219352791e+00
5.020000000000000048e-05,3.298364010038445926e+00
5.029999999999999614e-05,3.298886295659364531e+00
5.039999999999999857e-05,3.300111249264908952e+00
5.050000000000000100e-05,3.298581925980959895e+00
5.059999999999999665e-05,3.299229822019426273e+00
5.069999999999999908e-05,3.298162003977625822e+00
5.079999999999999474e-05,3.300256670847796947e+00
5.089999999999999717e-05,3.300638571891877149e+00
5.099999999999999960e-05,3.300603548022629674e+00
5.109999999999999525e-05,3.300018541697857799e+00
5.119999999999999768e-05,3.297688390505247646e+00
5.130000000000000011e-05,3.299070069504160596e+00
5.139999999999999577e-05,3.299389039991522221e+00
5.149999999999999820e-05,3.299395057030618972e+00
5.160000000000000063e-05,3.300112471826984528e+00
5.169999999999999628e-05,3.302138312058556568e+00
5.179999999999999871e-05,3.301218144319026937e+00
5.189999999999999437e-05,3.298518723330226887e+00
5.199999999999999680e-05,3.301017604312944886e+00
5.209999999999999923e-05,3.300960453551498475e+00
5.219999999999999488e-05,3.298790898790572523e+00
5.229999999999999732e-05,3.301273298883952823e+00
5.239999999999999975e-05,3.299759435046081713e+00
5.249999999999999540e-05,3.297885069764978194e+00
5.259999999999999783e-05,3.300682804086955358e+00
5.270000000000000026e-05,3.300325442735421611e+00
5.279999999999999592e-05,3.299658483556221267e+00
5.289999999999999835e-05,3.299943820372524872e+00
5.300000000000000078e-05,3.298921371781667222e+00
5.309999999999999643e-05,3.300915195755695475e+00
5.319999999999999886e-05,3.299934824048236237e+00
5.329999999999999452e-05,3.300249673265922112e+00
5.339999999999999695e-05,3.300535712886643047e+00
5.349999999999999938e-05,3.298268121578360468e+00
5.359999999999999503e-05,3.298658575467176668e+00
5.369999999999999746e-05,3.296685083310575415e+00
5.379999999999999989e-05,3.300847113387735288e+00
5.389999999999999555e-05,3.298181684964379468e+00
5.399999999999999798e-05,3.300198854564843298e+00
5.410000000000000041e-05,3.300556482337408948e+00
5.419999999999999607e-05,3.300903529258338409e+00
5.429999999999999850e-05,3.298193974629245684e+00
5.439999999999999415e-05,3.299902257572788766e+00
5.449999999999999658e-05,3.302505420631181465e+00
5.459999999999999901e-05,3.302571472019976362e+00
5.469999999999999467e-05,3.301480984641040450e+00
5.479999999999999710e-05,3.300506239708227874e+00
5.489999999999999953e-05,3.298492340416731672e+00
5.499999999999999518e-05,3.301077932438086560e+00
5.509999999999999761e-05,3.299762968156879417e+00
5.520000000000000004e-05,3.300840792412909064e+00
5.529999999999999570e-05,3.299050734817721597e+00
5.539999999999999813e-05,3.299740600330740126e+00
5.550000000000000056e-05,3.300246221040114669e+00
5.559999999999999621e-05,3.300369417137240635e+00
5.569999999999999864e-05,3.300740584071690353e+00
5.579999999999999430e-05,3.299131207523212428e+00
5.589999999999999673e-05,3.297985073321834548e+00
5.599999999999999916e-05,3.302437177559849335e+00
5.609999999999999481e-05,3.303733881253534843e+00
5.619999999999999725e-05,3.300671131066803543e+00
5.629999999999999968e-05,3.298014011857904659e+00
5.639999999999999533e-05,3.298840207324735374e+00
5.649999999999999776e-05,3.300763676353576148e+00
5.660000000000000019e-05,3.302011673417521553e+00
5.669999999999999585e-05,3.298180664048186994e+00
5.679999999999999828e-05,3.299813500768726371e+00
5.690000000000000071e-05,3.300293898096665846e+00
5.699999999999999636e-05,3.301296867676928759e+00
5.709999999999999879e-05,3.299484598358399356e+00
5.719999999999999445e-05,3.297654277963017133e+00
5.729999999999999688e-05,3.300931796339179325e+00
5.739999999999999931e-05,3.301687193947756782e+00
5.749999999999999496e-05,3.299876112807381912e+00
5.759999999999999739e-05,3.300607860136959282e+00
5.769999999999999982e-05,3.299288263155859102e+00
5.779999999999999548e-05,3.298731340807910861e+00
5.789999999999999791e-05,3.301539638520820663e+00
5.800000000000000034e-05,3.300581243771721685e+00
5.809999999999999599e-05,3.300735552899102476e+00
5.819999999999999843e-05,3.302253172721991703e+00
5.829999999999999408e-05,3.298417736498521879e+00
5.839999999999999651e-05,3.299171960597760744e+00
5.849999999999999894e-05,3.300236900023251874e+00
5.859999999999999460e-05,3.299153530143358104e+00
5.869999999999999703e-05,3.301174704802908533e+00
5.879999999999999946e-05,3.299718901168643637e+00
5.889999999999999511e-05,3.298511200788754039e+00
5.899999999999999754e-05,3.300098657512781308e+00
5.909999999999999997e-05,3.300255508156209938e+00
5.919999999999999563e-05,3.301402023094344163e+00
5.929999999999999806e-05,3.300589711354720901e+00
5.940000000000000049e-05,3.300691719587039774e+00
5.949999999999999614e-05,3.300480437526010835e+00
5.959999999999999857e-05,3.299717666218061840e+00
5.969999999999999423e-05,3.298925671327332942e+00
5.979999999999999666e-05,3.300433257527489062e+00
5.989999999999999909e-05,3.299500312851174399e+00
5.999999999999999474e-05,3.302534733930661215e+00
6.009999999999999717e-05,3.302013273442159669e+00
6.019999999999999961e-05,3.300949258698527178e+00
6.029999999999999526e-05,3.300567700408939320e+00
6.039999999999999769e-05,3.299868061423528065e+00
6.050000000000000012e-05,3.298108314402979246e+00
6.059999999999999578e-05,3.299675741665017092e+00
6.069999999999999821e-05,3.300152100050107506e+00
6.080000000000000064e-05,3.300344184711666795e+00
6.089999999999999629e-05,3.300704304550523549e+00
6.099999999999999872e-05,3.301381995296816196e+00
6.109999999999999438e-05,3.298961768892460622e+00
6.119999999999999681e-05,3.298975386589186432e+00
6.129999999999999924e-05,3.302176285019614355e+00
6.140000000000000167e-05,3.301156472383789620e+00
6.149999999999999055e-05,3.299413843586799899e+00
6.159999999999999298e-05,3.299839183246571661e+00
6.169999999999999541e-05,3.299845929079987528e+00
6.179999999999999784e-05,3.300047361183422012e+00
6.190000000000000027e-05,3.300709024638357914e+00
6.200000000000000270e-05,3.303802489119149755e+00
6.209999999999999158e-05,3.300284634841743614e+00
6.219999999999999401e-05,3.300993897225637852e+00
6.229999999999999644e-05,3.297470284940714702e+00
6.239999999999999887e-05,3.299272650010831587e+00
6.250000000000000130e-05,3.301843222504074582e+00
6.260000000000000373e-05,3.300603473087034612e+00
6.269999999999999261e-05,3.293416328122702463e+00
6.279999999999999504e-05,3.301011034803474242e+00
6.289999999999999747e-05,3.302877246591942928e+00
6.299999999999999990e-05,3.297006138620820259e+00
6.310000000000000233e-05,3.302279081513467940e+00
6.319999999999999121e-05,3.295842066554060867e+00
6.329999999999999364e-05,3.301406998417579786e+00
6.339999999999999607e-05,3.299987027060981681e+00
6.349999999999999850e-05,3.296475043177133024e+00
6.360000000000000093e-05,3.300669206740859618e+00
6.370000000000000336e-05,3.301726259623727788e+00
6.379999999999999224e-05,3.300545830505732248e+00
6.389999999999999467e-05,3.300877241455589139e+00
6.399999999999999710e-05,3.299382485831491074e+00
6.409999999999999953e-05,3.297207915367168507e+00
6.420000000000000197e-05,3.301037796033505334e+00
6.429999999999999084e-05,3.302624630879169132e+00
6.439999999999999327e-05,3.301694371281341134e+00
6.449999999999999570e-05,3.297018186255597616e+00
6.459999999999999814e-05,3.297727658389183247e+00
6.470000000000000057e-05,3.298731048387304021e+00
6.480000000000000300e-05,3.297610536823079475e+00
6.489999999999999188e-05,3.300066284879334066e+00
6.499999999999999431e-05,3.300590123707770385e+00
6.509999999999999674e-05,3.297854620075136189e+00
6.519999999999999917e-05,3.301165692688913023e+00
6.530000000000000160e-05,3.300901655916030020e+00
6.539999999999999048e-05,3.299177761312734436e+00
6.549999999999999291e-05,3.299741217021023854e+00
6.559999999999999534e-05,3.297075298236520347e+00
6.569999999999999777e-05,3.299501606765569139e+00
6.580000000000000020e-05,3.300011077461195264e+00
6.590000000000000263e-05,3.300253121392842104e+00
6.599999999999999151e-05,3.300568315368030081e+00
6.609999999999999394e-05,3.300366362614845617e+00
6.619999999999999637e-05,3.299603484454101121e+00
6.629999999999999880e-05,3.300429292413831206e+00
6.640000000000000123e-05,3.301503047989965189e+00
6.650000000000000366e-05,3.299856752890035327e+00
6.659999999999999254e-05,3.300476392336247233e+00
6.669999999999999497e-05,3.299720743406003631e+00
6.679999999999999740e-05,3.299029861625280446e+00
6.689999999999999983e-05,3.300784319500376096e+00
6.700000000000000226e-05,3.299167161083744304e+00
6.709999999999999114e-05,3.300579220351488097e+00
6.719999999999999357e-05,3.300042383057264939e+00
6.729999999999999600e-05,3.299544097985219526e+00
6.739999999999999843e-05,3.299507785751779831e+00
6.750000000000000086e-05,3.299237818511376208e+00
6.760000000000000329e-05,3.297531298241866082e+00
6.769999999999999217e-05,3.300574342642742298e+00
6.779999999999999460e-05,3.300347320237917437e+00
6.789999999999999703e-05,3.301274505378672508e+00
6.799999999999999946e-05,3.299202814646539750e+00
6.810000000000000189e-05,3.302843075438214981e+00
6.819999999999999077e-05,3.299430396078225414e+00
6.829999999999999320e-05,3.298687335536707899e+00
6.839999999999999563e-05,3.298509472620235972e+00
6.849999999999999806e-05,3.297399116395155261e+00
6.860000000000000050e-05,3.302298941838589297e+00
6.870000000000000293e-05,3.302056601086152732e+00
6.879999999999999180e-05,3.300901117744326818e+00
6.889999999999999424e-05,3.298655866788336333e+00
6.899999999999999667e-05,3.302716901522338322e+00
6.909999999999999910e-05,3.299472421257717336e+00
6.920000000000000153e-05,3.299596461253159863e+00
6.929999999999999041e-05,3.302155888620653901e+00
6.939999999999999284e-05,3.300988365876721176e+00
6.949999999999999527e-05,3.303301654708131530e+00
6.959999999999999770e-05,3.300373083390478524e+00
6.970000000000000013e-05,3.299404453800631742e+00
6.980000000000000256e-05,3.299082292674810013e+00
6.989999999999999144e-05,3.297229505734213806e+00
6.999999999999999387e-05,3.299582106340790411e+00
7.009999999999999630e-05,3.301716890008240757e+00
7.019999999999999873e-05,3.300898251258983951e+00
7.030000000000000116e-05,3.300030462009840626e+00
7.040000000000000359e-05,3.298507598334275315e+00
7.049999999999999247e-05,3.300340309527018956e+00
7.059999999999999490e-05,3.301519220557792789e+00
7.069999999999999733e-05,3.300646078884704959e+00
7.079999999999999976e-05,3.300250102754449966e+00
7.090000000000000219e-05,3.298804563520078226e+00
7.099999999999999107e-05,3.301300772721167842e+00
7.109999999999999350e-05,3.295302142771883602e+00
7.119999999999999593e-05,3.300574268563297498e+00
7.129999999999999836e-05,3.303855482971416624e+00
7.140000000000000079e-05,3.297737439919002256e+00
7.150000000000000322e-05,3.299637945817947671e+00
7.159999999999999210e-05,3.299988133514812905e+00
7.169999999999999453e-05,3.299306125778914911e+00
7.179999999999999696e-05,3.301554561363838403e+00
7.189999999999999939e-05,3.300708676521532769e+00
7.200000000000000182e-05,3.300228450558820636e+00
7.209999999999999070e-05,3.301195908841753734e+00
7.219999999999999313e-05,3.300025126063607317e+00
7.229999999999999556e-05,3.304769796733235232e+00
7.239999999999999799e-05,3.300227020400484879e+00
7.250000000000000043e-05,3.300292923147734481e+00
7.260000000000000286e-05,3.297434297925639690e+00
7.269999999999999173e-05,3.299184824509044489e+00
7.279999999999999416e-05,3.301721066522699477e+00
7.289999999999999660e-05,3.297996814724459824e+00
7.299999999999999903e-05,3.296763664238546720e+00
7.310000000000000146e-05,3.300048473206781185e+00
7.319999999999999033e-05,3.302056116761212134e+00
7.329999999999999277e-05,3.300063571843044219e+00
7.339999999999999520e-05,3.299495813096060104e+00
7.349999999999999763e-05,3.297212268093388410e+00
7.360000000000000006e-05,3.300678381184053212e+00
7.370000000000000249e-05,3.300991912663324257e+00
7.379999999999999137e-05,3.297327401251348267e+00
7.389999999999999380e-05,3.301701798673045474e+00
7.399999999999999623e-05,3.301148543288837889e+00
7.409999999999999866e-05,3.301698473913820653e+00
7.420000000000000109e-05,3.300875287637749622e+00
7.429999999999998997e-05,3.300980524063216848e+00
7.439999999999999240e-05,3.300781081348052481e+00
7.449999999999999483e-05,3.301302708482251713e+00
7.459999999999999726e-05,3.297271863346313836e+00
7.469999999999999969e-05,3.297748410849567602e+00
7.480000000000000212e-05,3.298895988149715297e+00
7.489999999999999100e-05,3.299805269742491109e+00
7.499999999999999343e-05,3.300582205384962275e+00
7.509999999999999586e-05,3.300487022479843269e+00
7.519999999999999829e-05,3.301675658717183826e+00
7.530000000000000072e-05,3.301722742947870159e+00
7.540000000000000315e-05,3.298691422337558965e+00
7.549999999999999203e-05,3.300357864165075483e+00
7.559999999999999446e-05,3.298728252678416961e+00
7.569999999999999689e-05,3.299717629442469491e+00
7.579999999999999932e-05,3.300482687053572395e+00
7.590000000000000175e-05,3.294886931885292469e+00
7.599999999999999063e-05,3.303616866059459145e+00
7.609999999999999306e-05,3.300849613016096029e+00
7.619999999999999549e-05,3.299106445086879891e+00
7.629999999999999792e-05,3.302891054632845158e+00
7.640000000000000035e-05,3.299478853244270482e+00
7.650000000000000279e-05,3.300198779078741929e+00
7.659999999999999166e-05,3.299269326284403281e+00
7.669999999999999409e-05,3.302477987756164968e+00
7.679999999999999652e-05,3.299842522940541034e+00
7.689999999999999896e-05,3.300224226151108997e+00
7.700000000000000139e-05,3.301805673229537774e+00
7.709999999999999026e-05,3.300877709186191389e+00
7.719999999999999269e-05,3.299918477902298530e+00
7.729999999999999513e-05,3.301665586458535806e+00
7.739999999999999756e-05,3.303807724844141536e+00
7.749999999999999999e-05,3.300476115673198763e+00
7.760000000000000242e-05,3.300175140131808682e+00
7.769999999999999130e-05,3.300255940625428597e+00
7.779999999999999373e-05,3.301965644251247056e+00
7.789999999999999616e-05,3.299101203397450277e+00
7.799999999999999859e-05,3.299582523660432365e+00
7.810000000000000102e-05,3.297693835576309684e+00
7.819999999999998990e-05,3.298224198206039848e+00
7.829999999999999233e-05,3.299223299995952985e+00
7.839999999999999476e-05,3.299916094508909215e+00
7.849999999999999719e-05,3.302653624988654890e+00
7.859999999999999962e-05,3.300803989207387712e+00
7.870000000000000205e-05,3.298631882234714929e+00
7.879999999999999093e-05,3.298908029271953701e+00
7.889999999999999336e-05,3.302062123024845697e+00
7.899999999999999579e-05,3.301689915522943775e+00
7.909999999999999822e-05,3.300042224865336049e+00
7.920000000000000065e-05,3.299336210301691441e+00
7.930000000000000308e-05,3.301687399253556698e+00
7.939999999999999196e-05,3.298510009309912672e+00
7.949999999999999439e-05,3.300588045597085962e+00
7.959999999999999682e-05,3.303408988486340014e+00
7.969999999999999925e-05,3.300308033523377205e+00
7.980000000000000168e-05,3.298836585781107278e+00
7.989999999999999056e-05,3.300615553054007112e+00
7.999999999999999299e-05,3.299294986921476713e+00
8.009999999999999542e-05,3.297908826234369872e+00
8.019999999999999785e-05,3.301051554040308034e+00
8.030000000000000028e-05,3.301676751600824300e+00
8.040000000000000271e-05,3.299533639991890865e+00
8.049999999999999159e-05,3.299434146488855468e+00
8.059999999999999402e-05,3.298557651913317290e+00
8.069999999999999645e-05,3.299775096599298685e+00
8.079999999999999888e-05,3.299156447425615202e+00
8.090000000000000132e-05,3.298483450969944997e+00
8.099999999999999019e-05,3.302838253245599098e+00
8.109999999999999262e-05,3.300699739225124052e+00
8.119999999999999505e-05,3.300858592662043733e+00
8.129999999999999749e-05,3.301325099353398684e+00
8.139999999999999992e-05,3.301156554325139325e+00
8.150000000000000235e-05,3.299380335070804637e+00
8.159999999999999123e-05,3.300408828934457084e+00
8.169999999999999366e-05,3.299596454273608703e+00
8.179999999999999609e-05,3.300657695437164918e+00
8.189999999999999852e-05,3.300512536328937152e+00
8.200000000000000095e-05,3.299426009608703581e+00
8.209999999999998983e-05,3.298006051915617132e+00
8.219999999999999226e-05,3.300219355585447989e+00
8.229999999999999469e-05,3.299693595768288912e+00
8.239999999999999712e-05,3.297164441628436471e+00
8.249999999999999955e-05,3.300761492653332851e+00
8.260000000000000198e-05,3.301448013168363893e+00
8.269999999999999086e-05,3.303792534712813200e+00
8.279999999999999329e-05,3.299413203745019008e+00
8.289999999999999572e-05,3.299191932155176143e+00
8.299999999999999815e-05,3.298335868454341124e+00
8.310000000000000058e-05,3.300312962859730526e+00
8.319999999999998946e-05,3.300303477270837504e+00
8.329999999999999189e-05,3.298783055497819916e+00
8.339999999999999432e-05,3.299737605176994215e+00
8.349999999999999675e-05,3.297032001499665910e+00
8.359999999999999918e-05,3.301389565121749747e+00
8.370000000000000161e-05,3.298843981110491708e+00
8.379999999999999049e-05,3.299948015472880414e+00
8.389999999999999292e-05,3.297859959868053359e+00
8.399999999999999535e-05,3.299126469600807354e+00
8.409999999999999778e-05,3.299580613269723628e+00
8.420000000000000021e-05,3.299983063729558630e+00
8.430000000000000264e-05,3.300719598773283803e+00
8.439999999999999152e-05,3.302158612625229139e+00
8.449999999999999395e-05,3.301099066414153960e+00
8.459999999999999638e-05,3.301443246814719235e+00
8.469999999999999881e-05,3.302169156164914465e+00
8.480000000000000124e-05,3.300854561822283983e+00
8.489999999999999012e-05,3.299944939206571171e+00
8.499999999999999255e-05,3.301513667859382384e+00
8.509999999999999498e-05,3.301609513928942086e+00
8.519999999999999742e-05,3.300972848756948963e+00
8.529999999999999985e-05,3.297818058604445657e+00
8.540000000000000228e-05,3.298737809770357909e+00
8.549999999999999115e-05,3.299587718843953965e+00
8.559999999999999359e-05,3.301169431531103537e+00
8.569999999999999602e-05,3.299967980371393939e+00
8.579999999999999845e-05,3.301705302950175724e+00
8.590000000000000088e-05,3.301972854943116431e+00
8.599999999999998976e-05,3.301798755703015509e+00
8.609999999999999219e-05,3.301808310846720218e+00
8.619999999999999462e-05,3.298444509143011683e+00
8.629999999999999705e-05,3.300723953249183662e+00
8.639999999999999948e-05,3.299088706438566554e+00
8.650000000000000191e-05,3.297526400502960975e+00
8.659999999999999079e-05,3.299568793301915992e+00
8.669999999999999322e-05,3.301987105448440651e+00
8.679999999999999565e-05,3.300691113015177702e+00
8.689999999999999808e-05,3.303026714057408775e+00
8.700000000000000051e-05,3.300265845217901894e+00
8.709999999999998939e-05,3.303671704130389131e+00
8.719999999999999182e-05,3.300266281838275528e+00
8.729999999999999425e-05,3.300033720444230489e+00
8.739999999999999668e-05,3.298080914868117386e+00
8.749999999999999911e-05,3.301665844110439174e+00
8.760000000000000154e-05,3.299246812306589227e+00
8.769999999999999042e-05,3.299029428540886766e+00
8.779999999999999285e-05,3.301921845845643855e+00
8.789999999999999528e-05,3.301737334003193691e+00
8.799999999999999771e-05,3.301698077050815971e+00
8.810000000000000014e-05,3.299456713298917432e+00
8.820000000000000257e-05,3.299923536202042040e+00
8.829999999999999145e-05,3.299910218403455886e+00
8.839999999999999388e-05,3.301173777271008358e+00
8.849999999999999631e-05,3.302330347002741195e+00
8.859999999999999874e-05,3.300552219832797451e+00
8.870000000000000117e-05,3.302962336628036066e+00
8.879999999999999005e-05,3.301345791627049220e+00
8.889999999999999248e-05,3.299647800908828366e+00
8.899999999999999491e-05,3.301243067109193241e+00
8.909999999999999734e-05,3.302558910418063043e+00
8.919999999999999978e-05,3.302997433475011846e+00
8.930000000000000221e-05,3.301780337016898326e+00
8.939999999999999108e-05,3.300038511680486675e+00
8.949999999999999351e-05,3.299674960118915923e+00
8.959999999999999595e-05,3.300864104255341935e+00
8.969999999999999838e-05,3.302510961742906481e+00
8.980000000000000081e-05,3.300650653683321334e+00
8.989999999999998968e-05,3.300681797807802909e+00
8.999999999999999212e-05,3.300077096781475650e+00
9.009999999999999455e-05,3.299508163406053018e+00
9.019999999999999698e-05,3.299756798240033984e+00
9.029999999999999941e-05,3.300203138977868100e+00
9.040000000000000184e-05,3.302577149994359473e+00
9.049999999999999072e-05,3.299640429332203695e+00
9.059999999999999315e-05,3.300078918113866777e+00
9.069999999999999558e-05,3.298701933509390116e+00
9.079999999999999801e-05,3.301074946599709570e+00
9.090000000000000044e-05,3.302050018768077244e+00
9.099999999999998932e-05,3.302436746768934839e+00
9.109999999999999175e-05,3.300305046787043395e+00
9.119999999999999418e-05,3.300861531424918560e+00
9.129999999999999661e-05,3.299769674516744633e+00
9.139999999999999904e-05,3.300792028019541746e+00
9.150000000000000147e-05,3.300470947728748605e+00
9.159999999999999035e-05,3.300087396580877019e+00
9.169999999999999278e-05,3.300206630538415453e+00
9.179999999999999521e-05,3.300677883425090275e+00
9.189999999999999764e-05,3.299558771347731678e+00
9.200000000000000007e-05,3.299636254811882718e+00
9.210000000000000250e-05,3.302561043020507014e+00
9.219999999999999138e-05,3.304065820153269328e+00
9.229999999999999381e-05,3.298193449577198955e+00
9.239999999999999624e-05,3.298110793193435697e+00
9.249999999999999867e-05,3.298564270758287620e+00
9.260000000000000110e-05,3.299845067377442209e+00
9.269999999999998998e-05,3.301343670766555771e+00
9.279999999999999241e-05,3.300886879413072350e+00
9.289999999999999484e-05,3.300258046705170312e+00
9.299999999999999727e-05,3.300793403320436692e+00
9.309999999999999970e-05,3.298961870765057203e+00
9.320000000000000214e-05,3.299633815842371032e+00
9.329999999999999101e-05,3.299969858177436155e+00
9.339999999999999344e-05,3.297623675491692108e+00
9.349999999999999587e-05,3.298258034692915786e+00
9.359999999999999831e-05,3.298317650908083376e+00
9.370000000000000074e-05,3.301146162335525602e+00
9.379999999999998961e-05,3.300368032422858366e+00
9.389999999999999205e-05,3.300916591800110655e+00
9.399999999999999448e-05,3.297240517515296343e+00
9.409999999999999691e-05,3.297774649970922400e+00
9.419999999999999934e-05,3.300994823160384506e+00
9.430000000000000177e-05,3.295831995537500614e+00
9.439999999999999065e-05,3.301836944036399490e+00
9.449999999999999308e-05,3.297265024284715462e+00
9.459999999999999551e-05,3.301265017337887464e+00
9.469999999999999794e-05,3.298667123062864359e+00
9.480000000000000037e-05,3.301573355572757329e+00
9.489999999999998925e-05,3.304812241370874482e+00
9.499999999999999168e-05,3.296590233554818283e+00
9.509999999999999411e-05,3.301043065721790626e+00
9.519999999999999654e-05,3.297287755929609432e+00
9.529999999999999897e-05,3.300640153383326059e+00
9.540000000000000140e-05,3.299689841754672059e+00
9.549999999999999028e-05,3.300194673483692664e+00
9.559999999999999271e-05,3.298632470585507459e+00
9.569999999999999514e-05,3.301170811664244642e+00
9.579999999999999757e-05,3.297827463243044210e+00
9.590000000000000000e-05,3.301862455894347903e+00
9.600000000000000243e-05,3.299386124540084619e+00
9.609999999999999131e-05,3.297895963983895395e+00
9.619999999999999374e-05,3.302392405235010653e+00
9.629999999999999617e-05,3.299898986020786129e+00
9.639999999999999860e-05,3.302861453955662885e+00
9.650000000000000103e-05,3.301832034193969978e+00
9.659999999999998991e-05,3.298802781442820020e+00
9.669999999999999234e-05,3.299872515298594600e+00
9.679999999999999477e-05,3.300181556909495217e+00
9.689999999999999720e-05,3.302289454799979485e+00
9.699999999999999963e-05,3.300656276570050451e+00
9.710000000000000206e-05,3.300264438931644673e+00
9.719999999999999094e-05,3.299700180619352441e+00
9.729999999999999337e-05,3.299924164446217834e+00
9.739999999999999580e-05,3.301956888128517509e+00
9.749999999999999823e-05,3.300005558026195995e+00
9.760000000000000067e-05,3.299407504093052612e+00
9.769999999999998954e-05,3.299153239251579439e+00
9.779999999999999197e-05,3.299169352269245792e+00
9.789999999999999441e-05,3.297896856005935629e+00
9.799999999999999684e-05,3.298874437037510265e+00
9.809999999999999927e-05,3.302247630413475132e+00
9.820000000000000170e-05,3.299690101109148621e+00
9.829999999999999058e-05,3.301056617502834190e+00
9.839999999999999301e-05,3.296281865223148699e+00
9.849999999999999544e-05,3.300852466963448695e+00
9.859999999999999787e-05,3.299757970943446139e+00
9.870000000000000030e-05,3.299277839965664150e+00
9.879999999999998918e-05,3.300271439936131479e+00
9.889999999999999161e-05,3.299256262119281580e+00
9.899999999999999404e-05,3.296814187620167313e+00
9.909999999999999647e-05,3.301383371911757791e+00
9.919999999999999890e-05,3.300364526342022042e+00
9.930000000000000133e-05,3.299529086317877891e+00
9.939999999999999021e-05,3.298550721941891251e+00
9.949999999999999264e-05,3.297795213725839059e+00
9.959999999999999507e-05,3.300335839060601906e+00
9.969999999999999750e-05,3.302420161440337676e+00
9.979999999999999993e-05,3.300304749715111452e+00
9.989999999999998881e-05,3.297925857590860765e+00
9.999999999999999124e-05,3.300337675090557532e+00
1.000999999999999937e-04,3.299919985556629687e+00
1.001999999999999961e-04,3.301296065439111249e+00
1.002999999999999985e-04,3.300910099766117600e+00
1.004000000000000010e-04,3.295521266198834898e+00
1.004999999999999898e-04,3.300817863306642508e+00
1.005999999999999923e-04,3.298494780885743882e+00
1.006999999999999947e-04,3.297867406887826647e+00
1.007999999999999971e-04,3.299717289884439353e+00
1.008999999999999996e-04,3.300616456663544973e+00
1.010000000000000020e-04,3.297538898084569681e+00
1.010999999999999909e-04,3.301056864625586229e+00
1.011999999999999933e-04,3.301145008271297421e+00
1.012999999999999957e-04,3.300070464294448946e+00
1.013999999999999982e-04,3.298698564554659374e+00
1.015000000000000006e-04,3.298530932993716025e+00
1.015999999999999895e-04,3.301538898197370120e+00
1.016999999999999919e-04,3.297733165970255786e+00
1.017999999999999943e-04,3.301596705691228539e+00
1.018999999999999968e-04,3.299752201261304307e+00
1.019999999999999992e-04,3.299856248250535362e+00
1.021000000000000016e-04,3.297437868441879694e+00
1.021999999999999905e-04,3.299779925054806995e+00
1.022999999999999929e-04,3.300920378274017075e+00
1.023999999999999954e-04,3.297995384868221969e+00
1.024999999999999978e-04,3.300747953800877710e+00
1.026000000000000002e-04,3.300133518380518272e+00
1.026999999999999891e-04,3.299034366579251198e+00
1.027999999999999915e-04,3.301282009629736613e+00
1.028999999999999940e-04,3.296696614846532203e+00
1.029999999999999964e-04,3.300520021123115377e+00
1.030999999999999988e-04,3.302429152737109685e+00
1.032000000000000013e-04,3.302159914708650668e+00
1.032999999999999901e-04,3.300584710080807671e+00
1.033999999999999926e-04,3.299547478835803460e+00
1.034999999999999950e-04,3.299046296165178305e+00
1.035999999999999974e-04,3.299545611309141258e+00
1.036999999999999999e-04,3.300815710871876529e+00
1.037999999999999887e-04,3.298789134291810754e+00
1.038999999999999912e-04,3.301136135727075427e+00
1.039999999999999936e-04,3.303199740777004845e+00
1.040999999999999960e-04,3.299907175147308802e+00
1.041999999999999985e-04,3.297983407795074928e+00
1.043000000000000009e-04,3.297982882880525324e+00
1.043999999999999898e-04,3.301164848327567292e+00
1.044999999999999922e-04,3.299910380731559290e+00
1.045999999999999946e-04,3.301315246344096010e+00
1.046999999999999971e-04,3.299199548626260636e+00
1.047999999999999995e-04,3.301245935321309499e+00
1.049000000000000019e-04,3.299762551239825203e+00
1.049999999999999908e-04,3.298901243917014003e+00
1.050999999999999932e-04,3.299398502281796208e+00
1.051999999999999957e-04,3.298204418466864851e+00
1.052999999999999981e-04,3.302984039337872435e+00
1.054000000000000005e-04,3.299855427279662301e+00
1.054999999999999894e-04,3.300966771133023059e+00
1.055999999999999918e-04,3.299194696300693508e+00
1.056999999999999943e-04,3.298422108267029973e+00
1.057999999999999967e-04,3.299649179233623109e+00
1.058999999999999991e-04,3.301651788800068488e+00
1.060000000000000016e-04,3.299218902312902379e+00
1.060999999999999904e-04,3.298694202040905576e+00
1.061999999999999929e-04,3.300233196366553656e+00
1.062999999999999953e-04,3.300748533901076254e+00
1.063999999999999977e-04,3.302464272253279542e+00
1.065000000000000002e-04,3.300530625717558397e+00
1.065999999999999890e-04,3.300965989017796698e+00
1.066999999999999915e-04,3.301078912855380132e+00
1.067999999999999939e-04,3.298270476927100958e+00
1.068999999999999963e-04,3.298555001894295291e+00
1.069999999999999988e-04,3.298374155565591437e+00
1.071000000000000012e-04,3.298001781366462382e+00
1.071999999999999901e-04,3.301193189812305473e+00
1.072999999999999925e-04,3.300435075137495566e+00
1.073999999999999949e-04,3.300119244094636972e+00
1.074999999999999974e-04,3.296110925226896526e+00
1.075999999999999998e-04,3.303083215287927921e+00
1.076999999999999887e-04,3.298658591993769651e+00
1.077999999999999911e-04,3.303077719133908463e+00
1.078999999999999935e-04,3.297826137779023004e+00
1.079999999999999960e-04,3.298781398262164988e+00
1.080999999999999984e-04,3.296695725926235276e+00
1.082000000000000008e-04,3.300543187463913952e+00
1.082999999999999897e-04,3.298348114768782757e+00
1.083999999999999921e-04,3.298390499768852457e+00
1.084999999999999946e-04,3.297941228674238445e+00
1.085999999999999970e-04,3.301166032594106792e+00
1.086999999999999994e-04,3.301067195477350946e+00
1.087999999999999883e-04,3.302718050836618069e+00
1.088999999999999907e-04,3.298971440068390493e+00
1.089999999999999932e-04,3.300328229056570084e+00
1.090999999999999956e-04,3.298065997203897037e+00
1.091999999999999980e-04,3.299497441465896852e+00
1.093000000000000005e-04,3.299221732030078069e+00
1.093999999999999893e-04,3.300696674936242747e+00
1.094999999999999918e-04,3.301525532709626898e+00
1.095999999999999942e-04,3.301486600036247054e+00
1.096999999999999966e-04,3.298735781591673355e+00
1.097999999999999991e-04,3.301497701856934253e+00
1.099000000000000015e-04,3.299933872294338322e+00
1.099999999999999904e-04,3.299513104656154105e+00
1.100999999999999928e-04,3.298937232769771466e+00
1.101999999999999952e-04,3.299160096308457302e+00
1.102999999999999977e-04,3.302613470769294235e+00
1.104000000000000001e-04,3.300461116149740803e+00
1.104999999999999890e-04,3.300261917771251774e+00
1.105999999999999914e-04,3.299606629712194206e+00
1.106999999999999938e-04,3.303668967917156696e+00
1.107999999999999963e-04,3.301957515733269677e+00
1.108999999999999987e-04,3.298918406827801686e+00
1.110000000000000011e-04,3.299589577417942898e+00
1.110999999999999900e-04,3.299678633184943255e+00
1.111999999999999924e-04,3.300218807967423729e+00
1.112999999999999949e-04,3.298948161011052704e+00
1.113999999999999973e-04,3.300658224785042449e+00
1.114999999999999997e-04,3.302178132198058780e+00
1.115999999999999886e-04,3.298029557836493542e+00
1.116999999999999910e-04,3.298307779894361857e+00
1.117999999999999935e-04,3.299275262167054024e+00
1.118999999999999959e-04,3.299344806659838092e+00
1.119999999999999983e-04,3.302997698812118799e+00
1.121000000000000008e-04,3.301502563830021941e+00
1.121999999999999896e-04,3.301416483528177181e+00
1.122999999999999921e-04,3.299603451459729886e+00
1.123999999999999945e-04,3.299570529889819692e+00
1.124999999999999969e-04,3.297822441879351807e+00
1.125999999999999994e-04,3.301172610342071767e+00
1.126999999999999882e-04,3.300736581907213196e+00
1.127999999999999907e-04,3.301928996047017062e+00
1.128999999999999931e-04,3.299683755429965615e+00
1.129999999999999955e-04,3.299787331280699121e+00
1.130999999999999980e-04,3.300255068292840654e+00
1.132000000000000004e-04,3.301337846363260553e+00
1.132999999999999893e-04,3.297794676566853767e+00
1.133999999999999917e-04,3.301104084200607414e+00
1.134999999999999941e-04,3.299969256656740679e+00
1.135999999999999966e-04,3.298412044098069096e+00
1.136999999999999990e-04,3.296873091371018916e+00
1.138000000000000014e-04,3.299795289432182255e+00
1.138999999999999903e-04,3.302171569474910751e+00
1.139999999999999927e-04,3.302512027000112038e+00
1.140999999999999952e-04,3.300533064316005127e+00
1.141999999999999976e-04,3.302943008495763166e+00
1.143000000000000000e-04,3.299935588375564777e+00
1.143999999999999889e-04,3.301429955327463972e+00
1.144999999999999913e-04,3.299323153666640085e+00
1.145999999999999938e-04,3.299228101741073615e+00
1.146999999999999962e-04,3.298983736324678784e+00
1.147999999999999986e-04,3.296909206579313523e+00
1.149000000000000010e-04,3.301930638389920070e+00
1.149999999999999899e-04,3.299037551341292840e+00
1.150999999999999924e-04,3.298797841830367172e+00
1.151999999999999948e-04,3.298230042477580781e+00
1.152999999999999972e-04,3.299693460845195325e+00
1.153999999999999996e-04,3.302645238465839572e+00
1.154999999999999885e-04,3.303140668276233871e+00
1.155999999999999910e-04,3.297508699686296563e+00
1.156999999999999934e-04,3.299468328006035289e+00
1.157999999999999958e-04,3.298448463344859416e+00
1.158999999999999982e-04,3.301482506611816969e+00
1.160000000000000007e-04,3.300429890320940807e+00
1.160999999999999896e-04,3.299045146008930285e+00
1.161999999999999920e-04,3.300108859620886292e+00
1.162999999999999944e-04,3.299283872067888090e+00
1.163999999999999969e-04,3.302421369141562035e+00
1.164999999999999993e-04,3.300820439272523998e+00
1.165999999999999882e-04,3.301004735131374268e+00
1.166999999999999906e-04,3.295999623782950305e+00
1.167999999999999930e-04,3.299899816981756384e+00
1.168999999999999955e-04,3.303124816438588240e+00
1.169999999999999979e-04,3.301989193605054940e+00
1.171000000000000003e-04,3.297229365621119346e+00
1.171999999999999892e-04,3.299529861250974250e+00
1.172999999999999916e-04,3.298197720801121946e+00
1.173999999999999941e-04,3.302566652340543918e+00
1.174999999999999965e-04,3.300366417423413523e+00
1.175999999999999989e-04,3.298848306660402852e+00
1.177000000000000013e-04,3.300051236915311215e+00
1.177999999999999902e-04,3.296088951706396930e+00
1.178999999999999927e-04,3.298372558044814884e+00
1.179999999999999951e-04,3.300054665588739500e+00
1.180999999999999975e-04,3.301268513052679765e+00
1.181999999999999999e-04,3.297088028819104011e+00
1.182999999999999888e-04,3.299428267038446272e+00
1.183999999999999913e-04,3.301514528607778054e+00
1.184999999999999937e-04,3.297822820013439848e+00
1.185999999999999961e-04,3.300343774252175955e+00
1.186999999999999985e-04,3.300098961754658777e+00
1.188000000000000010e-04,3.302571570480534735e+00
1.188999999999999899e-04,3.299654795710332156e+00
1.189999999999999923e-04,3.299742599102437168e+00
1.190999999999999947e-04,3.301282439629746879e+00
1.191999999999999971e-04,3.298010476997925711e+00
1.192999999999999996e-04,3.299668675190173595e+00
1.193999999999999885e-04,3.299316412483738858e+00
1.194999999999999909e-04,3.299791632280942189e+00
1.195999999999999933e-04,3.301272609673444158e+00
1.196999999999999957e-04,3.300831242227622919e+00
1.197999999999999982e-04,3.298876976537207018e+00
1.199000000000000006e-04,3.300205048804990771e+00
1.199999999999999895e-04,3.302235662421150408e+00
1.200999999999999919e-04,3.298752951451803916e+00
1.201999999999999943e-04,3.300217750170595377e+00
1.202999999999999968e-04,3.299710258984591693e+00
1.203999999999999992e-04,3.299905492476244540e+00
1.204999999999999881e-04,3.297554013566625919e+00
1.205999999999999905e-04,3.302116144281467935e+00
1.206999999999999929e-04,3.298838472148667655e+00
1.207999999999999954e-04,3.301539107955230090e+00
1.208999999999999978e-04,3.299067935087928394e+00
1.210000000000000002e-04,3.299061743022156268e+00
1.210999999999999891e-04,3.301819684875697991e+00
1.211999999999999916e-04,3.301490826905216558e+00
1.212999999999999940e-04,3.300312998848445645e+00
1.213999999999999964e-04,3.301141725824709106e+00
1.214999999999999988e-04,3.299567170829615037e+00
1.216000000000000013e-04,3.299987448558421299e+00
1.216999999999999902e-04,3.299007563411304300e+00
1.217999999999999926e-04,3.301356097423950420e+00
1.218999999999999950e-04,3.298959880003248912e+00
1.219999999999999974e-04,3.302227734517406699e+00
1.220999999999999863e-04,3.299526248747520096e+00
1.221999999999999888e-04,3.300030762846024146e+00
1.222999999999999912e-04,3.301138092030981408e+00
1.223999999999999936e-04,3.300035796631784368e+00
1.224999999999999960e-04,3.299553137528572044e+00
1.225999999999999985e-04,3.299954964828287096e+00
1.227000000000000009e-04,3.301340727530336139e+00
1.228000000000000033e-04,3.299005721666794955e+00
1.229000000000000058e-04,3.299810644489090006e+00
1.229999999999999811e-04,3.300015430091006063e+00
1.230999999999999835e-04,3.301296877793291173e+00
1.231999999999999860e-04,3.299850231939192469e+00
1.232999999999999884e-04,3.302712448641740295e+00
1.233999999999999908e-04,3.299765192133427227e+00
1.234999999999999932e-04,3.299643474542391708e+00
1.235999999999999957e-04,3.299743451817573003e+00
1.236999999999999981e-04,3.298025037857012620e+00
1.238000000000000005e-04,3.298444909729861596e+00
1.239000000000000030e-04,3.299203999665391240e+00
1.240000000000000054e-04,3.301703744773274884e+00
1.241000000000000078e-04,3.299950310910956919e+00
1.241999999999999832e-04,3.299273033715576453e+00
1.242999999999999856e-04,3.301839802118409661e+00
1.243999999999999880e-04,3.302326765699338029e+00
1.244999999999999904e-04,3.301883073691361581e+00
1.245999999999999929e-04,3.298720365004147226e+00
1.246999999999999953e-04,3.299257127069709306e+00
1.247999999999999977e-04,3.302720604105471747e+00
1.249000000000000002e-04,3.300361709538000010e+00
1.250000000000000026e-04,3.299598559402655784e+00
1.251000000000000050e-04,3.301077521941996107e+00
1.252000000000000075e-04,3.301510948601036777e+00
1.252999999999999828e-04,3.299142825643607502e+00
1.253999999999999852e-04,3.300329159937929635e+00
1.254999999999999877e-04,3.301389840103825524e+00
1.255999999999999901e-04,3.298259569281059900e+00
1.256999999999999925e-04,3.300018518186139005e+00
1.257999999999999949e-04,3.298328415520423551e+00
1.258999999999999974e-04,3.298524629254609764e+00
1.259999999999999998e-04,3.299155349883779564e+00
1.261000000000000022e-04,3.300715679306819084e+00
1.262000000000000047e-04,3.299516966057042477e+00
1.263000000000000071e-04,3.299027372812547210e+00
1.263999999999999824e-04,3.300077331844987416e+00
1.264999999999999849e-04,3.298279555907600358e+00
1.265999999999999873e-04,3.300643204826750665e+00
1.266999999999999897e-04,3.301697080142937502e+00
1.267999999999999921e-04,3.299881193938517754e+00
1.268999999999999946e-04,3.299696026510049673e+00
1.269999999999999970e-04,3.300560160529823150e+00
1.270999999999999994e-04,3.296957295871752347e+00
1.272000000000000019e-04,3.300805226184896579e+00
1.273000000000000043e-04,3.304652828705616940e+00
1.274000000000000067e-04,3.299815985668327567e+00
1.274999999999999821e-04,3.299821312449425115e+00
1.275999999999999845e-04,3.301115410500149228e+00
1.276999999999999869e-04,3.302467999002296928e+00
1.277999999999999893e-04,3.301462451766651096e+00
1.278999999999999918e-04,3.296766589682124327e+00
1.279999999999999942e-04,3.300845098256493859e+00
1.280999999999999966e-04,3.303857895217862328e+00
1.281999999999999991e-04,3.300933661570139233e+00
1.283000000000000015e-04,3.298268097130092169e+00
1.284000000000000039e-04,3.300422744436627642e+00
1.285000000000000064e-04,3.298078969122988369e+00
1.285999999999999817e-04,3.301849205533903042e+00
1.286999999999999841e-04,3.298566176117958104e+00
1.287999999999999865e-04,3.300111365452037759e+00
1.288999999999999890e-04,3.298713329997012167e+00
1.289999999999999914e-04,3.299180327913677768e+00
1.290999999999999938e-04,3.302229225968790427e+00
1.291999999999999963e-04,3.300155185747340347e+00
1.292999999999999987e-04,3.299161196289411180e+00
1.294000000000000011e-04,3.298282158043669643e+00
1.295000000000000036e-04,3.297192447770400658e+00
1.296000000000000060e-04,3.298123079049715578e+00
1.296999999999999813e-04,3.300167938862166306e+00
1.297999999999999838e-04,3.301470350653084029e+00
1.298999999999999862e-04,3.299159472761366452e+00
1.299999999999999886e-04,3.302355815401078143e+00
1.300999999999999910e-04,3.298923749366657443e+00
1.301999999999999935e-04,3.299642982415679882e+00
1.302999999999999959e-04,3.298380634919493737e+00
1.303999999999999983e-04,3.301486142601851803e+00
1.305000000000000008e-04,3.303146265921066860e+00
1.306000000000000032e-04,3.297357274558595730e+00
1.307000000000000056e-04,3.299480756897047673e+00
1.307999999999999810e-04,3.301897169770574791e+00
1.308999999999999834e-04,3.297829581717861558e+00
1.309999999999999858e-04,3.300850025860456505e+00
1.310999999999999882e-04,3.301832208300311322e+00
1.311999999999999907e-04,3.300117343221534938e+00
1.312999999999999931e-04,3.300825394606409890e+00
1.313999999999999955e-04,3.302641353579191197e+00
1.314999999999999980e-04,3.302922639831151752e+00
1.316000000000000004e-04,3.299907049180448304e+00
1.317000000000000028e-04,3.299201433226051083e+00
1.318000000000000053e-04,3.298620029833389200e+00
1.318999999999999806e-04,3.301465446225642975e+00
1.319999999999999830e-04,3.297942336663313156e+00
1.320999999999999854e-04,3.299621138943013232e+00
1.321999999999999879e-04,3.300154034656431534e+00
1.322999999999999903e-04,3.299245496230921670e+00
1.323999999999999927e-04,3.300419730397528451e+00
1.324999999999999952e-04,3.303846769977438758e+00
1.325999999999999976e-04,3.299817602114480053e+00
1.327000000000000000e-04,3.299346891558858630e+00
1.328000000000000025e-04,3.301522997736572762e+00
1.329000000000000049e-04,3.300359375466217937e+00
1.330000000000000073e-04,3.302159003656816694e+00
1.330999999999999826e-04,3.300247031429729194e+00
1.331999999999999851e-04,3.299627365188043449e+00
1.332999999999999875e-04,3.297324412667857807e+00
1.333999999999999899e-04,3.297570397959282307e+00
1.334999999999999924e-04,3.297246451964359171e+00
1.335999999999999948e-04,3.300569008749426381e+00
1.336999999999999972e-04,3.297956625780198436e+00
1.337999999999999997e-04,3.301883366048878887e+00
1.339000000000000021e-04,3.300045369847283805e+00
1.340000000000000045e-04,3.299633719621347439e+00
1.341000000000000070e-04,3.298734217387193191e+00
1.341999999999999823e-04,3.300933388122404999e+00
1.342999999999999847e-04,3.298793253270686066e+00
1.343999999999999871e-04,3.298521932993895067e+00
1.344999999999999896e-04,3.301782524880907843e+00
1.345999999999999920e-04,3.300531931741162328e+00
1.346999999999999944e-04,3.299647605857627397e+00
1.347999999999999969e-04,3.300962149477100205e+00
1.348999999999999993e-04,3.300013397809665960e+00
1.350000000000000017e-04,3.300574519725677280e+00
1.351000000000000042e-04,3.298774728146436797e+00
1.352000000000000066e-04,3.303105597913365887e+00
1.352999999999999819e-04,3.299130570048485644e+00
1.353999999999999843e-04,3.302334024490424902e+00
1.354999999999999868e-04,3.299716696726043175e+00
1.355999999999999892e-04,3.301210645673482436e+00
1.356999999999999916e-04,3.301101335248539215e+00
1.357999999999999941e-04,3.301720277632724798e+00
1.358999999999999965e-04,3.298739064439253799e+00
1.359999999999999989e-04,3.301613453101917894e+00
1.361000000000000014e-04,3.302769659776366939e+00
1.362000000000000038e-04,3.299611960531136923e+00
1.363000000000000062e-04,3.300052059100713198e+00
1.363999999999999815e-04,3.299214830036279800e+00
1.364999999999999840e-04,3.299480345621722321e+00
1.365999999999999864e-04,3.302567134198398424e+00
1.366999999999999888e-04,3.298493648210804707e+00
1.367999999999999913e-04,3.298586821767223842e+00
1.368999999999999937e-04,3.302416351404621420e+00
1.369999999999999961e-04,3.300936822638832258e+00
1.370999999999999986e-04,3.303180555373563809e+00
1.372000000000000010e-04,3.299324342043261193e+00
1.373000000000000034e-04,3.300189421705856052e+00
1.374000000000000059e-04,3.299008984584342219e+00
1.374999999999999812e-04,3.300214951752971526e+00
1.375999999999999836e-04,3.297338854954073195e+00
1.376999999999999860e-04,3.301027431834982373e+00
1.377999999999999885e-04,3.300485211125238294e+00
1.378999999999999909e-04,3.299913668006301037e+00
1.379999999999999933e-04,3.299414453513100476e+00
1.380999999999999958e-04,3.298657869018947864e+00
1.381999999999999982e-04,3.301091569368049150e+00
1.383000000000000006e-04,3.298243365021444884e+00
1.384000000000000031e-04,3.300767843868073648e+00
1.385000000000000055e-04,3.303111677092214205e+00
1.385999999999999808e-04,3.302228282232966272e+00
1.386999999999999832e-04,3.297742308085994001e+00
1.387999999999999857e-04,3.299194892909484977e+00
1.388999999999999881e-04,3.300632176110832816e+00
1.389999999999999905e-04,3.299894577116978311e+00
1.390999999999999930e-04,3.297900891422576031e+00
1.391999999999999954e-04,3.300577973927210085e+00
1.392999999999999978e-04,3.299984974657325321e+00
1.394000000000000003e-04,3.302871488112905318e+00
1.395000000000000027e-04,3.299620156946073468e+00
1.396000000000000051e-04,3.301752005077989605e+00
1.396999999999999804e-04,3.298099367395304959e+00
1.397999999999999829e-04,3.298457986053155100e+00
1.398999999999999853e-04,3.301082492939714008e+00
1.399999999999999877e-04,3.301625596170910892e+00
1.400999999999999902e-04,3.298563910910888186e+00
1.401999999999999926e-04,3.300036116109725803e+00
1.402999999999999950e-04,3.297927631239706336e+00
1.403999999999999975e-04,3.299728170260541660e+00
1.404999999999999999e-04,3.301255384178436003e+00
1.406000000000000023e-04,3.299347562251295773e+00
1.407000000000000048e-04,3.299626447941084173e+00
1.408000000000000072e-04,3.298305306902555856e+00
1.408999999999999825e-04,3.299027462379562348e+00
1.409999999999999849e-04,3.302637166374321254e+00
1.410999999999999874e-04,3.300109387337575306e+00
1.411999999999999898e-04,3.298496538350023766e+00
1.412999999999999922e-04,3.299527842075122841e+00
1.413999999999999947e-04,3.297603858568249890e+00
1.414999999999999971e-04,3.298478760461789339e+00
1.415999999999999995e-04,3.302040509608569430e+00
1.417000000000000020e-04,3.299786276363419812e+00
1.418000000000000044e-04,3.302836095264151783e+00
1.419000000000000068e-04,3.299856978242255767e+00
1.419999999999999821e-04,3.299946031955712566e+00
1.420999999999999846e-04,3.300961341237813151e+00
1.421999999999999870e-04,3.295991118626670602e+00
1.422999999999999894e-04,3.300307408985480251e+00
1.423999999999999919e-04,3.299926520267908447e+00
1.424999999999999943e-04,3.302229058340272694e+00
1.425999999999999967e-04,3.301447019091245050e+00
1.426999999999999992e-04,3.298299462471679711e+00
1.428000000000000016e-04,3.301863207927941080e+00
1.429000000000000040e-04,3.299606528211628476e+00
1.430000000000000064e-04,3.298643320160555614e+00
1.430999999999999818e-04,3.300295654876306717e+00
1.431999999999999842e-04,3.299695845966504226e+00
1.432999999999999866e-04,3.302307697971042622e+00
1.433999999999999891e-04,3.300510933042736461e+00
1.434999999999999915e-04,3.300308488381328953e+00
1.435999999999999939e-04,3.301350970624282954e+00
1.436999999999999964e-04,3.301639307427139070e+00
1.437999999999999988e-04,3.301175407641445680e+00
1.439000000000000012e-04,3.302129195209222434e+00
1.440000000000000036e-04,3.300913023619370446e+00
1.441000000000000061e-04,3.300251477197089667e+00
1.441999999999999814e-04,3.301858758093132007e+00
1.442999999999999838e-04,3.299863655789876393e+00
1.443999999999999863e-04,3.300049869774516864e+00
1.444999999999999887e-04,3.302582365375945184e+00
1.445999999999999911e-04,3.302432886191932759e+00
1.446999999999999936e-04,3.299987736289614837e+00
1.447999999999999960e-04,3.299319672634041467e+00
1.448999999999999984e-04,3.302194760250312555e+00
1.450000000000000009e-04,3.301200627536872823e+00
1.451000000000000033e-04,3.300473371881295748e+00
1.452000000000000057e-04,3.299517190934714961e+00
1.452999999999999810e-04,3.300497544868071564e+00
1.453999999999999835e-04,3.299967437310168172e+00
1.454999999999999859e-04,3.299003492730640197e+00
1.455999999999999883e-04,3.300193563492880511e+00
1.456999999999999908e-04,3.300398136068459110e+00
1.457999999999999932e-04,3.299436907399619479e+00
1.458999999999999956e-04,3.301355738532913975e+00
1.459999999999999981e-04,3.301933248588466263e+00
1.461000000000000005e-04,3.301454846540483157e+00
1.462000000000000029e-04,3.299585627422178646e+00
1.463000000000000053e-04,3.301133732256282372e+00
1.463999999999999807e-04,3.300116942096189998e+00
1.464999999999999831e-04,3.298146381032150742e+00
1.465999999999999855e-04,3.301009094067746563e+00
1.466999999999999880e-04,3.300219197461435439e+00
1.467999999999999904e-04,3.303890322003103730e+00
1.468999999999999928e-04,3.302185906294917483e+00
1.469999999999999953e-04,3.301066725235401567e+00
1.470999999999999977e-04,3.300373755751932148e+00
1.472000000000000001e-04,3.300245583382587000e+00
1.473000000000000025e-04,3.298494465894550309e+00
1.474000000000000050e-04,3.297391519159199813e+00
1.474999999999999803e-04,3.298691161336377409e+00
1.475999999999999827e-04,3.299928424472744037e+00
1.476999999999999852e-04,3.296841691082686321e+00
1.477999999999999876e-04,3.299183517311590652e+00
1.478999999999999900e-04,3.299628580450313375e+00
1.479999999999999925e-04,3.299676860169771686e+00
1.480999999999999949e-04,3.299007414602717514e+00
1.481999999999999973e-04,3.299487729278427928e+00
1.482999999999999997e-04,3.302585840742185752e+00
1.484000000000000022e-04,3.300993217922235878e+00
1.485000000000000046e-04,3.299159548834652789e+00
1.485999999999999799e-04,3.299897478317456834e+00
1.486999999999999824e-04,3.299957529996521366e+00
1.487999999999999848e-04,3.298848066849389582e+00
1.488999999999999872e-04,3.298846304673384022e+00
1.489999999999999897e-04,3.301515786030489785e+00
1.490999999999999921e-04,3.299370323433724383e+00
1.491999999999999945e-04,3.298357955419453535e+00
1.492999999999999969e-04,3.299935289483895584e+00
1.493999999999999994e-04,3.300177014629693595e+00
1.495000000000000018e-04,3.297040943663708923e+00
1.496000000000000042e-04,3.299938880463273883e+00
1.497000000000000067e-04,3.301301969901522249e+00
1.497999999999999820e-04,3.300676844078282546e+00
1.498999999999999844e-04,3.303344692672792071e+00
1.499999999999999869e-04,3.301876664223468261e+00
1.500999999999999893e-04,3.302173401037125977e+00
1.501999999999999917e-04,3.304200128903871381e+00
1.502999999999999942e-04,3.301137234392661934e+00
1.503999999999999966e-04,3.300244605311899004e+00
1.504999999999999990e-04,3.301460610440146937e+00
1.506000000000000014e-04,3.299161145349907454e+00
1.507000000000000039e-04,3.300161529479242351e+00
1.508000000000000063e-04,3.299028408535382262e+00
1.508999999999999816e-04,3.300596976836344343e+00
1.509999999999999841e-04,3.299022136367970148e+00
1.510999999999999865e-04,3.298969607250207048e+00
1.511999999999999889e-04,3.300620209939657990e+00
1.512999999999999914e-04,3.299793432838828977e+00
1.513999999999999938e-04,3.297108718296424712e+00
1.514999999999999962e-04,3.297816664618031801e+00
1.515999999999999986e-04,3.298279100262807795e+00
1.517000000000000011e-04,3.298675542140828920e+00
1.518000000000000035e-04,3.300621634994217679e+00
1.519000000000000059e-04,3.300328408270607472e+00
1.519999999999999813e-04,3.301597919057548403e+00
1.520999999999999837e-04,3.301129202734412349e+00
1.521999999999999861e-04,3.301607854434273737e+00
1.522999999999999886e-04,3.300912594287188639e+00
1.523999999999999910e-04,3.300314518963637145e+00
1.524999999999999934e-04,3.301649027613431375e+00
1.525999999999999958e-04,3.301379119187609845e+00
1.526999999999999983e-04,3.300564143051330834e+00
1.528000000000000007e-04,3.301906607806289973e+00
1.529000000000000031e-04,3.296481317636244857e+00
1.530000000000000056e-04,3.299564305238789075e+00
1.530999999999999809e-04,3.299541314301522199e+00
1.531999999999999833e-04,3.301729024316222283e+00
1.532999999999999858e-04,3.302357092495426194e+00
1.533999999999999882e-04,3.297824730944684646e+00
1.534999999999999906e-04,3.302116750761223685e+00
1.535999999999999930e-04,3.298242832220960263e+00
1.536999999999999955e-04,3.298288177131658561e+00
1.537999999999999979e-04,3.299648571446508694e+00
1.539000000000000003e-04,3.299522690291801119e+00
1.540000000000000028e-04,3.297662374080424286e+00
1.541000000000000052e-04,3.300974816960238645e+00
1.541999999999999805e-04,3.301019103637089724e+00
1.542999999999999830e-04,3.301581062394245425e+00
1.543999999999999854e-04,3.299349817005333030e+00
1.544999999999999878e-04,3.299940625927541227e+00
1.545999999999999903e-04,3.299954359252645908e+00
1.546999999999999927e-04,3.302531993162202362e+00
1.547999999999999951e-04,3.295748632826049906e+00
1.548999999999999975e-04,3.298564583476516265e+00
1.550000000000000000e-04,3.300008311264187366e+00
1.551000000000000024e-04,3.298371644647626777e+00
1.552000000000000048e-04,3.299612519464093285e+00
1.552999999999999802e-04,3.299810886695444978e+00
1.553999999999999826e-04,3.299013470836811290e+00
1.554999999999999850e-04,3.300096703389153951e+00
1.555999999999999875e-04,3.300942223916636387e+00
1.556999999999999899e-04,3.299645600332453466e+00
1.557999999999999923e-04,3.299320207899046675e+00
1.558999999999999947e-04,3.299751352625019063e+00
1.559999999999999972e-04,3.299988845480031241e+00
1.560999999999999996e-04,3.297389520651998307e+00
1.562000000000000020e-04,3.300692330876941583e+00
1.563000000000000045e-04,3.299323498155829704e+00
1.563999999999999798e-04,3.301892302612216223e+00
1.564999999999999822e-04,3.300886580213463706e+00
1.565999999999999847e-04,3.301755099606329402e+00
1.566999999999999871e-04,3.298483494309427666e+00
1.567999999999999895e-04,3.299442920038218485e+00
1.568999999999999919e-04,3.298136312268813874e+00
1.569999999999999944e-04,3.298942213186605965e+00
1.570999999999999968e-04,3.301878158136762664e+00
1.571999999999999992e-04,3.302231235866883718e+00
1.573000000000000017e-04,3.298277800057793030e+00
1.574000000000000041e-04,3.299312583497524098e+00
1.574999999999999794e-04,3.299885706491963777e+00
1.575999999999999819e-04,3.300878408462714297e+00
1.576999999999999843e-04,3.297360284604695213e+00
1.577999999999999867e-04,3.297595499877707059e+00
1.578999999999999891e-04,3.300734439215808447e+00
1.579999999999999916e-04,3.297076442146622988e+00
1.580999999999999940e-04,3.299329803890791446e+00
1.581999999999999964e-04,3.300243137712838060e+00
1.582999999999999989e-04,3.300623498954899482e+00
1.584000000000000013e-04,3.299787422856684138e+00
1.585000000000000037e-04,3.299451364921428542e+00
1.586000000000000062e-04,3.301266856289574392e+00
1.586999999999999815e-04,3.300427808889548675e+00
1.587999999999999839e-04,3.299029475067072781e+00
1.588999999999999864e-04,3.300056584345023136e+00
1.589999999999999888e-04,3.300574753533984218e+00
1.590999999999999912e-04,3.302577355862176933e+00
1.591999999999999936e-04,3.301179485502437227e+00
1.592999999999999961e-04,3.301821835283930806e+00
1.593999999999999985e-04,3.299084088905550161e+00
1.595000000000000009e-04,3.299213725640617323e+00
1.596000000000000034e-04,3.299646930010780466e+00
1.597000000000000058e-04,3.299784641030042653e+00
1.597999999999999811e-04,3.298487962563295461e+00
1.598999999999999836e-04,3.301898900439835138e+00
1.599999999999999860e-04,3.301325027456638139e+00
1.600999999999999884e-04,3.299541483208047410e+00
1.601999999999999908e-04,3.300962565973520668e+00
1.602999999999999933e-04,3.300334348744505597e+00
1.603999999999999957e-04,3.301079741971396864e+00
1.604999999999999981e-04,3.297983539314711443e+00
1.606000000000000006e-04,3.299781508390203566e+00
1.607000000000000030e-04,3.299912942208141242e+00
1.608000000000000054e-04,3.300935463149417437e+00
1.608999999999999808e-04,3.299057343598226666e+00
1.609999999999999832e-04,3.296250103913876295e+00
1.610999999999999856e-04,3.298377450423475299e+00
1.611999999999999880e-04,3.299908428021433249e+00
1.612999999999999905e-04,3.300095826338254934e+00
1.613999999999999929e-04,3.302525622183937415e+00
1.614999999999999953e-04,3.300874119660986761e+00
1.615999999999999978e-04,3.300122295418847163e+00
1.617000000000000002e-04,3.299951413084827756e+00
1.618000000000000026e-04,3.301656275073254321e+00
1.619000000000000051e-04,3.299114834321763556e+00
1.619999999999999804e-04,3.299789574318388929e+00
1.620999999999999828e-04,3.298366112819792306e+00
1.621999999999999852e-04,3.302128359073042585e+00
1.622999999999999877e-04,3.300588748405502315e+00
1.623999999999999901e-04,3.298938715055994120e+00
1.624999999999999925e-04,3.299828317484522433e+00
1.625999999999999950e-04,3.300764476144809390e+00
1.626999999999999974e-04,3.299623921630916445e+00
1.627999999999999998e-04,3.299198294067430925e+00
1.629000000000000023e-04,3.299018589471023333e+00
1.630000000000000047e-04,3.300508442848861357e+00
1.630999999999999800e-04,3.299462918581183679e+00
1.631999999999999825e-04,3.299319363397855920e+00
1.632999999999999849e-04,3.297995907367416546e+00
1.633999999999999873e-04,3.300116460864790380e+00
1.634999999999999897e-04,3.299728164841811751e+00
1.635999999999999922e-04,3.299517527477036971e+00
1.636999999999999946e-04,3.300298156016232998e+00
1.637999999999999970e-04,3.301122003394103555e+00
1.638999999999999995e-04,3.301052348207910381e+00
1.640000000000000019e-04,3.300829092751349503e+00
1.641000000000000043e-04,3.299638994582046347e+00
1.641999999999999797e-04,3.299149502496087738e+00
1.642999999999999821e-04,3.298434126538016375e+00
1.643999999999999845e-04,3.299110265238992756e+00
1.644999999999999869e-04,3.300029475142704616e+00
1.645999999999999894e-04,3.298820570817520892e+00
1.646999999999999918e-04,3.300144085708676123e+00
1.647999999999999942e-04,3.298551814983131880e+00
1.648999999999999967e-04,3.297508512166489325e+00
1.649999999999999991e-04,3.301229109181297083e+00
1.651000000000000015e-04,3.299288378106950859e+00
1.652000000000000040e-04,3.298744449520163879e+00
1.652999999999999793e-04,3.298359229288053474e+00
1.653999999999999817e-04,3.300634553962095374e+00
1.654999999999999841e-04,3.302062361567201787e+00
1.655999999999999866e-04,3.299395389208490403e+00
1.656999999999999890e-04,3.299676654938005882e+00
1.657999999999999914e-04,3.301607447759833391e+00
1.658999999999999939e-04,3.297284331443462335e+00
1.659999999999999963e-04,3.302950302964368756e+00
1.660999999999999987e-04,3.303666150453489436e+00
1.662000000000000012e-04,3.295940493705869834e+00
1.663000000000000036e-04,3.299853745156624552e+00
1.663999999999999789e-04,3.298921579452195552e+00
1.664999999999999813e-04,3.299602842343642539e+00
1.665999999999999838e-04,3.299372422395575821e+00
1.666999999999999862e-04,3.301217638647718999e+00
1.667999999999999886e-04,3.299831145139547672e+00
1.668999999999999911e-04,3.298633639178699895e+00
1.669999999999999935e-04,3.299741722258056953e+00
1.670999999999999959e-04,3.300772176355443399e+00
1.671999999999999984e-04,3.298224418008351755e+00
1.673000000000000008e-04,3.297530649466545061e+00
1.674000000000000032e-04,3.302989114201252629e+00
1.675000000000000057e-04,3.299036359980437094e+00
1.675999999999999810e-04,3.299793970519620423e+00
1.676999999999999834e-04,3.299403306891261600e+00
1.677999999999999858e-04,3.300822131556123029e+00
1.678999999999999883e-04,3.302659184884636279e+00
1.679999999999999907e-04,3.300869900762593900e+00
1.680999999999999931e-04,3.297722452278689875e+00
1.681999999999999956e-04,3.297923814859486935e+00
1.682999999999999980e-04,3.299401552837009532e+00
1.684000000000000004e-04,3.299597650200699839e+00
1.685000000000000029e-04,3.297417073095679996e+00
1.686000000000000053e-04,3.301229011380261369e+00
1.686999999999999806e-04,3.298370519163177583e+00
1.687999999999999830e-04,3.302239952343188456e+00
1.688999999999999855e-04,3.302730948895808538e+00
1.689999999999999879e-04,3.299627619701051451e+00
1.690999999999999903e-04,3.300658458960627151e+00
1.691999999999999928e-04,3.298152079166873474e+00
1.692999999999999952e-04,3.300935514489718337e+00
1.693999999999999976e-04,3.299252711364848434e+00
1.695000000000000001e-04,3.298369147017617298e+00
1.696000000000000025e-04,3.299565997517620364e+00
1.697000000000000049e-04,3.299301377987391870e+00
1.697999999999999802e-04,3.299512260895494098e+00
1.698999999999999827e-04,3.301424519854224471e+00
1.699999999999999851e-04,3.298822038611046281e+00
1.700999999999999875e-04,3.302602534499660791e+00
1.701999999999999900e-04,3.298012410550761775e+00
1.702999999999999924e-04,3.302423145409767891e+00
1.703999999999999948e-04,3.298475234067139716e+00
1.704999999999999973e-04,3.299998480151194791e+00
1.705999999999999997e-04,3.299264705829782596e+00
1.707000000000000021e-04,3.299484406992692964e+00
1.708000000000000046e-04,3.301202035854533090e+00
1.708999999999999799e-04,3.302249740195843053e+00
1.709999999999999823e-04,3.301785787057433197e+00
1.710999999999999847e-04,3.299392715501487050e+00
1.711999999999999872e-04,3.300276382833606803e+00
1.712999999999999896e-04,3.298826883189497128e+00
1.713999999999999920e-04,3.298512674531137723e+00
1.714999999999999945e-04,3.298280548641406629e+00
1.715999999999999969e-04,3.299343640039523518e+00
1.716999999999999993e-04,3.300374408446522079e+00
1.718000000000000018e-04,3.297132277260372391e+00
1.719000000000000042e-04,3.299930469446128889e+00
1.719999999999999795e-04,3.302274037686824038e+00
1.720999999999999819e-04,3.301682866603611100e+00
1.721999999999999844e-04,3.299122223885210037e+00
1.722999999999999868e-04,3.297904690636075831e+00
1.723999999999999892e-04,3.300689745459696844e+00
1.724999999999999917e-04,3.296523857624688691e+00
1.725999999999999941e-04,3.301665231173823933e+00
1.726999999999999965e-04,3.299679618813175175e+00
1.727999999999999990e-04,3.302746950480865973e+00
1.729000000000000014e-04,3.297409551771635083e+00
1.730000000000000038e-04,3.301377219337811475e+00
1.730999999999999791e-04,3.299849236744778480e+00
1.731999999999999816e-04,3.299503424202791635e+00
1.732999999999999840e-04,3.297945234802181602e+00
1.733999999999999864e-04,3.300893621860067295e+00
1.734999999999999889e-04,3.301014206077165003e+00
1.735999999999999913e-04,3.302677691702948781e+00
1.736999999999999937e-04,3.301512075394290591e+00
1.737999999999999962e-04,3.299109157006566040e+00
1.738999999999999986e-04,3.298494206124573669e+00
1.740000000000000010e-04,3.297947262849716399e+00
1.741000000000000035e-04,3.302209836518458896e+00
1.741999999999999788e-04,3.298832738573583168e+00
1.742999999999999812e-04,3.302220344803456609e+00
1.743999999999999836e-04,3.300787608061293010e+00
1.744999999999999861e-04,3.300494854322390648e+00
1.745999999999999885e-04,3.299539697531159277e+00
1.746999999999999909e-04,3.300991009369503182e+00
1.747999999999999934e-04,3.299976793855744717e+00
1.748999999999999958e-04,3.299446180062796774e+00
1.749999999999999982e-04,3.301044007179972262e+00
1.751000000000000007e-04,3.299784041836168136e+00
1.752000000000000031e-04,3.298802497831891500e+00
1.753000000000000055e-04,3.300899740163190987e+00
1.753999999999999808e-04,3.299904021516557151e+00
1.754999999999999833e-04,3.300733365017636700e+00
1.755999999999999857e-04,3.299319210212468434e+00
1.756999999999999881e-04,3.298186318042978460e+00
1.757999999999999906e-04,3.302602610943771388e+00
1.758999999999999930e-04,3.302319917116145032e+00
1.759999999999999954e-04,3.301325677441892648e+00
1.760999999999999979e-04,3.299418283971938592e+00
1.762000000000000003e-04,3.299549523040258059e+00
1.763000000000000027e-04,3.302073491168844299e+00
1.764000000000000051e-04,3.299469254943648622e+00
1.764999999999999805e-04,3.299051165945479092e+00
1.765999999999999829e-04,3.302808352013454574e+00
1.766999999999999853e-04,3.299928483477578833e+00
1.767999999999999878e-04,3.302652637992770757e+00
1.768999999999999902e-04,3.297902412133964845e+00
1.769999999999999926e-04,3.300777277324176584e+00
1.770999999999999951e-04,3.303106623898824701e+00
1.771999999999999975e-04,3.300044626116988233e+00
1.772999999999999999e-04,3.299603993261598145e+00
1.774000000000000023e-04,3.298248372123602223e+00
1.775000000000000048e-04,3.301623514581652596e+00
1.775999999999999801e-04,3.298844807876038843e+00
1.776999999999999825e-04,3.299857787160914935e+00
1.777999999999999850e-04,3.298148246580310694e+00
1.778999999999999874e-04,3.302335341900145771e+00
1.779999999999999898e-04,3.301732327966088398e+00
1.780999999999999923e-04,3.299952622876180186e+00
1.781999999999999947e-04,3.298268776596619212e+00
1.782999999999999971e-04,3.302303860573863936e+00
1.783999999999999996e-04,3.299451102409429293e+00
1.785000000000000020e-04,3.298342192738773715e+00
1.786000000000000044e-04,3.297356822981290847e+00
1.786999999999999797e-04,3.299031052302159317e+00
1.787999999999999822e-04,3.297818042816204720e+00
1.788999999999999846e-04,3.299065768745215621e+00
1.789999999999999870e-04,3.301116613100546271e+00
1.790999999999999895e-04,3.299436899754037089e+00
1.791999999999999919e-04,3.300533540073170347e+00
1.792999999999999943e-04,3.298914998010701538e+00
1.793999999999999968e-04,3.300097753599546380e+00
1.794999999999999992e-04,3.302881351233128981e+00
1.796000000000000016e-04,3.299477270882959612e+00
1.797000000000000040e-04,3.300576644156429484e+00
1.797999999999999794e-04,3.297651709158797129e+00
1.798999999999999818e-04,3.302280159183625052e+00
1.799999999999999842e-04,3.299284190056582577e+00
1.800999999999999867e-04,3.301575800474859435e+00
1.801999999999999891e-04,3.299815229556361640e+00
1.802999999999999915e-04,3.300917369047530858e+00
1.803999999999999940e-04,3.301006518640816179e+00
1.804999999999999964e-04,3.299321339490730587e+00
1.805999999999999988e-04,3.301637859653642426e+00
1.807000000000000012e-04,3.298861522704010341e+00
1.808000000000000037e-04,3.301166901330041092e+00
1.808999999999999790e-04,3.299414692058749932e+00
1.809999999999999814e-04,3.300524336922947999e+00
1.810999999999999839e-04,3.299307010496468351e+00
1.811999999999999863e-04,3.300074963962059904e+00
1.812999999999999887e-04,3.298387959447462325e+00
1.813999999999999912e-04,3.300371335477032986e+00
1.814999999999999936e-04,3.300066281752439323e+00
1.815999999999999960e-04,3.299189769668890992e+00
1.816999999999999984e-04,3.299917458050414254e+00
1.818000000000000009e-04,3.300201006714251761e+00
1.819000000000000033e-04,3.299075464420102133e+00
1.819999999999999786e-04,3.299806862136405172e+00
1.820999999999999811e-04,3.298491672088657456e+00
1.821999999999999835e-04,3.303518599558441515e+00
1.822999999999999859e-04,3.301588677990312082e+00
1.823999999999999884e-04,3.300409641158446927e+00
1.824999999999999908e-04,3.301758169391214803e+00
1.825999999999999932e-04,3.297031121284974109e+00
1.826999999999999957e-04,3.296163480393248690e+00
1.827999999999999981e-04,3.299401063407374934e+00
1.829000000000000005e-04,3.297932153784596476e+00
1.830000000000000029e-04,3.299645091713327538e+00
1.830999999999999783e-04,3.300308484960892130e+00
1.831999999999999807e-04,3.301380621747510791e+00
1.832999999999999831e-04,3.298292604023587149e+00
1.833999999999999856e-04,3.300599446029239825e+00
1.834999999999999880e-04,3.300021584539728270e+00
1.835999999999999904e-04,3.300521263964899532e+00
1.836999999999999929e-04,3.299220342073869272e+00
1.837999999999999953e-04,3.302074702709793197e+00
1.838999999999999977e-04,3.299844737027355368e+00
1.840000000000000001e-04,3.302661273335255387e+00
1.841000000000000026e-04,3.298814417019476419e+00
1.842000000000000050e-04,3.301114241009933004e+00
1.842999999999999803e-04,3.299910497279158861e+00
1.843999999999999828e-04,3.299508386374999880e+00
1.844999999999999852e-04,3.300948473010701267e+00
1.845999999999999876e-04,3.299551239781215450e+00
1.846999999999999901e-04,3.296007051994263914e+00
1.847999999999999925e-04,3.295405697815238177e+00
1.848999999999999949e-04,3.301908633240425939e+00
1.849999999999999973e-04,3.301845387686819233e+00
1.850999999999999998e-04,3.302831011419383955e+00
1.852000000000000022e-04,3.299973707627576580e+00
1.853000000000000046e-04,3.298061047797002932e+00
1.853999999999999800e-04,3.299370624236023453e+00
1.854999999999999824e-04,3.300017136773041759e+00
1.855999999999999848e-04,3.298489442663572024e+00
1.856999999999999873e-04,3.302472862084460559e+00
1.857999999999999897e-04,3.303359254319465421e+00
1.858999999999999921e-04,3.300717421051095002e+00
1.859999999999999945e-04,3.299983704379952698e+00
1.860999999999999970e-04,3.298057549532288135e+00
1.861999999999999994e-04,3.302319650844233845e+00
1.863000000000000018e-04,3.300114460216273304e+00
1.864000000000000043e-04,3.299566253402383964e+00
1.864999999999999796e-04,3.300721761133011523e+00
1.865999999999999820e-04,3.299121432706515922e+00
1.866999999999999845e-04,3.300220312759682528e+00
1.867999999999999869e-04,3.297836299723731379e+00
1.868999999999999893e-04,3.301630630783878306e+00
1.869999999999999917e-04,3.299843383438296307e+00
1.870999999999999942e-04,3.301738201290950858e+00
1.871999999999999966e-04,3.299698295733237252e+00
1.872999999999999990e-04,3.299795700436823687e+00
1.874000000000000015e-04,3.298181523857561803e+00
1.875000000000000039e-04,3.301139635459526822e+00
1.875999999999999792e-04,3.298686240068965159e+00
1.876999999999999817e-04,3.299270366440200775e+00
1.877999999999999841e-04,3.300001570779123483e+00
1.878999999999999865e-04,3.300181836275533964e+00
1.879999999999999890e-04,3.297440854589673176e+00
1.880999999999999914e-04,3.299653791201767827e+00
1.881999999999999938e-04,3.301192845327965308e+00
1.882999999999999962e-04,3.299432492948214168e+00
1.883999999999999987e-04,3.299662902368679873e+00
1.885000000000000011e-04,3.300243609076264129e+00
1.886000000000000035e-04,3.299811059351179132e+00
1.886999999999999789e-04,3.298454226746418527e+00
1.887999999999999813e-04,3.299945480814499454e+00
1.888999999999999837e-04,3.301491109755008591e+00
1.889999999999999862e-04,3.298423236079099041e+00
1.890999999999999886e-04,3.299438277165771094e+00
1.891999999999999910e-04,3.297927553014097235e+00
1.892999999999999934e-04,3.301412072925735242e+00
1.893999999999999959e-04,3.299861462689742897e+00
1.894999999999999983e-04,3.298724700549591216e+00
1.896000000000000007e-04,3.300138398400214612e+00
1.897000000000000032e-04,3.298194599677656491e+00
1.897999999999999785e-04,3.298449756702809044e+00
1.898999999999999809e-04,3.297809799705222034e+00
1.899999999999999834e-04,3.298399831143663530e+00
1.900999999999999858e-04,3.302036006375999477e+00
1.901999999999999882e-04,3.298900322503075966e+00
1.902999999999999906e-04,3.300699337683977053e+00
1.903999999999999931e-04,3.298745547870066019e+00
1.904999999999999955e-04,3.301139300618644690e+00
1.905999999999999979e-04,3.298460876998603020e+00
1.907000000000000004e-04,3.300058841891642558e+00
1.908000000000000028e-04,3.300079276964803299e+00
1.908999999999999781e-04,3.303491708004639538e+00
1.909999999999999806e-04,3.300945637931969934e+00
1.910999999999999830e-04,3.299110643978505841e+00
1.911999999999999854e-04,3.301027573445475483e+00
1.912999999999999878e-04,3.303207261705727760e+00
1.913999999999999903e-04,3.297555545864273352e+00
1.914999999999999927e-04,3.298736276936146794e+00
1.915999999999999951e-04,3.299644653661329752e+00
1.916999999999999976e-04,3.299374367659286822e+00
1.918000000000000000e-04,3.299500864952504831e+00
1.919000000000000024e-04,3.298043651601609838e+00
1.920000000000000049e-04,3.302105934080324712e+00
1.920999999999999802e-04,3.297866087102284904e+00
1.921999999999999826e-04,3.299699680785566080e+00
1.922999999999999851e-04,3.301568745887641043e+00
1.923999999999999875e-04,3.299954722714280919e+00
1.924999999999999899e-04,3.298530908749645718e+00
1.925999999999999923e-04,3.297976986515438913e+00
1.926999999999999948e-04,3.299655001205958005e+00
1.927999999999999972e-04,3.298864455651224326e+00
1.928999999999999996e-04,3.300307846637554388e+00
1.930000000000000021e-04,3.297897823278413743e+00
1.931000000000000045e-04,3.301219553605331036e+00
1.931999999999999798e-04,3.300173324284746634e+00
1.932999999999999823e-04,3.300284754591528369e+00
1.933999999999999847e-04,3.302161615167360065e+00
1.934999999999999871e-04,3.299343306752442029e+00
1.935999999999999895e-04,3.298911274957899931e+00
1.936999999999999920e-04,3.299178354557479320e+00
1.937999999999999944e-04,3.299711210145714890e+00
1.938999999999999968e-04,3.299863552657812615e+00
1.939999999999999993e-04,3.298753953395097138e+00
1.941000000000000017e-04,3.296965372120450155e+00
1.942000000000000041e-04,3.299158606498681312e+00
1.942999999999999795e-04,3.300539738499430165e+00
1.943999999999999819e-04,3.300204387459380051e+00
1.944999999999999843e-04,3.301799331704738716e+00
1.945999999999999867e-04,3.302933229815945726e+00
1.946999999999999892e-04,3.301139000657187683e+00
1.947999999999999916e-04,3.302073780963612037e+00
1.948999999999999940e-04,3.301150161438394459e+00
1.949999999999999965e-04,3.302564848883891013e+00
1.950999999999999989e-04,3.302776280451436897e+00
1.952000000000000013e-04,3.301426747756168290e+00
1.953000000000000038e-04,3.301059570219636807e+00
1.953999999999999791e-04,3.299692151742093849e+00
1.954999999999999815e-04,3.299937994078554038e+00
1.955999999999999839e-04,3.299493244002974279e+00
1.956999999999999864e-04,3.300931877416342530e+00
1.957999999999999888e-04,3.298919477943961009e+00
1.958999999999999912e-04,3.299713340685329843e+00
1.959999999999999937e-04,3.296467245172232552e+00
1.960999999999999961e-04,3.302584634842158806e+00
1.961999999999999985e-04,3.299669288126120481e+00
1.963000000000000010e-04,3.300683370656004811e+00
1.964000000000000034e-04,3.302186680042066946e+00
1.964999999999999787e-04,3.300450440156161402e+00
1.965999999999999812e-04,3.302166515553139892e+00
1.966999999999999836e-04,3.298137393281772578e+00
1.967999999999999860e-04,3.303596064884396277e+00
1.968999999999999884e-04,3.301630665297733191e+00
1.969999999999999909e-04,3.300313803738729845e+00
1.970999999999999933e-04,3.302137618998937985e+00
1.971999999999999957e-04,3.298247047671015952e+00
1.972999999999999982e-04,3.299567077681845539e+00
1.974000000000000006e-04,3.302166375594603576e+00
1.975000000000000030e-04,3.297199409728657216e+00
1.975999999999999784e-04,3.300840686662438017e+00
1.976999999999999808e-04,3.300798264239767743e+00
1.977999999999999832e-04,3.302953838725232849e+00
1.978999999999999856e-04,3.297625566870416414e+00
1.979999999999999881e-04,3.302414446585547392e+00
1.980999999999999905e-04,3.299160793885276277e+00
1.981999999999999929e-04,3.299329485810131857e+00
1.982999999999999954e-04,3.298166993419560100e+00
1.983999999999999978e-04,3.298368221943799306e+00
1.985000000000000002e-04,3.300605283521180766e+00
1.986000000000000027e-04,3.298331502127827886e+00
1.986999999999999780e-04,3.301110426500479367e+00
1.987999999999999804e-04,3.299005550929545283e+00
1.988999999999999828e-04,3.298180449291226779e+00
1.989999999999999853e-04,3.299208286280459923e+00
1.990999999999999877e-04,3.300505060787634282e+00
1.991999999999999901e-04,3.299583970107103248e+00
1.992999999999999926e-04,3.300051315177499056e+00
1.993999999999999950e-04,3.301044311192753877e+00
1.994999999999999974e-04,3.301623632177425272e+00
1.995999999999999999e-04,3.299534857037115465e+00
1.997000000000000023e-04,3.298433666976635426e+00
1.997999999999999776e-04,3.300114141718383465e+00
1.998999999999999800e-04,3.300705974379155805e+00
1.999999999999999825e-04,3.297808912041042095e+00
2.000999999999999849e-04,3.298664087554488589e+00
2.001999999999999873e-04,3.298921219656055559e+00
2.002999999999999898e-04,3.299688266716919394e+00
2.003999999999999922e-04,3.298858449144559835e+00
2.004999999999999946e-04,3.301060561087645340e+00
2.005999999999999971e-04,3.297592300197812243e+00
2.006999999999999995e-04,3.297630421954208302e+00
2.008000000000000019e-04,3.299499166782732473e+00
2.009000000000000044e-04,3.299736520793790095e+00
2.009999999999999797e-04,3.297818034190712844e+00
2.010999999999999821e-04,3.299089876736028604e+00
2.011999999999999845e-04,3.299398434273871139e+00
2.012999999999999870e-04,3.299410053079466554e+00
2.013999999999999894e-04,3.300227822224933938e+00
2.014999999999999918e-04,3.299007631673364305e+00
2.015999999999999943e-04,3.302216754450012282e+00
2.016999999999999967e-04,3.300732306959599960e+00
2.017999999999999991e-04,3.298789329719038044e+00
2.019000000000000016e-04,3.300141767240051038e+00
2.020000000000000040e-04,3.300186022977908085e+00
2.020999999999999793e-04,3.301822082211746334e+00
2.021999999999999817e-04,3.299099426356625120e+00
2.022999999999999842e-04,3.301151008046580682e+00
2.023999999999999866e-04,3.300062781713673399e+00
2.024999999999999890e-04,3.302237349774673092e+00
2.025999999999999915e-04,3.301936337178958958e+00
2.026999999999999939e-04,3.300295468956888634e+00
2.027999999999999963e-04,3.299606576068475849e+00
2.028999999999999988e-04,3.300759908864518977e+00
2.030000000000000012e-04,3.299729324959308929e+00
2.031000000000000036e-04,3.302520460658967316e+00
2.031999999999999789e-04,3.300117705117265210e+00
2.032999999999999814e-04,3.299391536051230478e+00
2.033999999999999838e-04,3.299310577370889064e+00
2.034999999999999862e-04,3.298180446622201778e+00
2.035999999999999887e-04,3.300834838692139783e+00
2.036999999999999911e-04,3.298769983196040645e+00
2.037999999999999935e-04,3.301647222378281565e+00
2.038999999999999960e-04,3.298060597418997375e+00
2.039999999999999984e-04,3.300190862173459916e+00
2.041000000000000008e-04,3.301725335637745840e+00
2.042000000000000033e-04,3.296771629403064452e+00
2.042999999999999786e-04,3.303027398315688146e+00
2.043999999999999810e-04,3.299362072204202523e+00
2.044999999999999834e-04,3.300211643073243106e+00
2.045999999999999859e-04,3.300857173838274150e+00
2.046999999999999883e-04,3.301089193584173298e+00
2.047999999999999907e-04,3.300410825907389434e+00
2.048999999999999932e-04,3.301496076875559460e+00
2.049999999999999956e-04,3.300778606069382448e+00
2.050999999999999980e-04,3.302641321710048317e+00
2.052000000000000005e-04,3.300783491314281726e+00
2.053000000000000029e-04,3.302946953279824349e+00
2.053999999999999782e-04,3.301351618260356169e+00
2.054999999999999806e-04,3.297291374811347264e+00
2.055999999999999831e-04,3.303916654017581500e+00
2.056999999999999855e-04,3.299138483837284141e+00
2.057999999999999879e-04,3.302243316022802411e+00
2.058999999999999904e-04,3.300040190164679199e+00
2.059999999999999928e-04,3.301591635386403656e+00
2.060999999999999952e-04,3.298967281633701010e+00
2.061999999999999977e-04,3.300938616814634408e+00
2.063000000000000001e-04,3.299620214181908207e+00
2.064000000000000025e-04,3.302368504667384741e+00
2.064999999999999778e-04,3.300658002251125378e+00
2.065999999999999803e-04,3.301403913961951986e+00
2.066999999999999827e-04,3.296753884692790404e+00
2.067999999999999851e-04,3.299871640980316823e+00
2.068999999999999876e-04,3.300615827452587414e+00
2.069999999999999900e-04,3.300335422359659265e+00
2.070999999999999924e-04,3.301441735820576540e+00
2.071999999999999949e-04,3.299451143632293526e+00
2.072999999999999973e-04,3.300073180657551841e+00
2.073999999999999997e-04,3.301771840146622505e+00
2.075000000000000022e-04,3.296581966494831928e+00
2.075999999999999775e-04,3.300884025752457429e+00
2.076999999999999799e-04,3.299499172761009458e+00
2.077999999999999823e-04,3.298631522813169514e+00
2.078999999999999848e-04,3.300504816336413683e+00
2.079999999999999872e-04,3.301841176945212730e+00
2.080999999999999896e-04,3.301558715747225925e+00
2.081999999999999921e-04,3.299797330453639876e+00
2.082999999999999945e-04,3.301313611445641172e+00
2.083999999999999969e-04,3.301302101847668702e+00
2.084999999999999994e-04,3.299868943094260043e+00
2.086000000000000018e-04,3.298960379172017454e+00
2.086999999999999771e-04,3.299047148953316189e+00
2.087999999999999795e-04,3.301256780023301918e+00
2.088999999999999820e-04,3.299936779779431006e+00
2.089999999999999844e-04,3.298430726670404045e+00
2.090999999999999868e-04,3.297472705746736121e+00
2.091999999999999893e-04,3.301247747178144287e+00
2.092999999999999917e-04,3.299179832366603282e+00
2.093999999999999941e-04,3.300495581633483777e+00
2.094999999999999966e-04,3.301859560360603574e+00
2.095999999999999990e-04,3.298036613284719643e+00
2.097000000000000014e-04,3.299932293929230376e+00
2.098000000000000038e-04,3.299743958780671615e+00
2.098999999999999792e-04,3.300569614313441758e+00
2.099999999999999816e-04,3.301858739997630465e+00
2.100999999999999840e-04,3.298005822278006427e+00
2.101999999999999865e-04,3.300854696923058551e+00
2.102999999999999889e-04,3.301547285662490339e+00
2.103999999999999913e-04,3.299720434404064484e+00
2.104999999999999938e-04,3.299793829510660359e+00
2.105999999999999962e-04,3.300627674053477012e+00
2.106999999999999986e-04,3.300517225616834693e+00
2.108000000000000010e-04,3.300873528911050681e+00
2.109000000000000035e-04,3.300841920789601591e+00
2.109999999999999788e-04,3.298527041541576388e+00
2.110999999999999812e-04,3.301485399746557192e+00
2.111999999999999837e-04,3.301750174743285360e+00
2.112999999999999861e-04,3.300279124340535386e+00
2.113999999999999885e-04,3.297758767040175343e+00
2.114999999999999910e-04,3.299827881440999811e+00
2.115999999999999934e-04,3.300291608815410616e+00
2.116999999999999958e-04,3.298283099643319449e+00
2.117999999999999983e-04,3.299459792904634092e+00
2.119000000000000007e-04,3.297885945918662021e+00
2.120000000000000031e-04,3.300910938337479283e+00
2.120999999999999784e-04,3.300248932972353000e+00
2.121999999999999809e-04,3.297531325252778256e+00
2.122999999999999833e-04,3.300527197292372872e+00
2.123999999999999857e-04,3.299915236578914168e+00
2.124999999999999882e-04,3.300774621424131361e+00
2.125999999999999906e-04,3.299412701349366817e+00
2.126999999999999930e-04,3.298797780898885090e+00
2.127999999999999955e-04,3.298843733060313088e+00
2.128999999999999979e-04,3.299192744675177202e+00
2.130000000000000003e-04,3.300028237644871520e+00
2.131000000000000027e-04,3.300221937698136987e+00
2.131999999999999781e-04,3.299713920183287463e+00
2.132999999999999805e-04,3.299365020676504834e+00
2.133999999999999829e-04,3.299472895097991465e+00
2.134999999999999854e-04,3.303761587178260406e+00
2.135999999999999878e-04,3.298843912272752643e+00
2.136999999999999902e-04,3.299163041987180467e+00
2.137999999999999927e-04,3.304940781162552188e+00
2.138999999999999951e-04,3.300631519953690862e+00
2.139999999999999975e-04,3.297930029001144181e+00
2.140999999999999999e-04,3.301264030805965533e+00
2.142000000000000024e-04,3.298634941666198195e+00
2.142999999999999777e-04,3.301363592261707502e+00
2.143999999999999801e-04,3.299683556580943922e+00
2.144999999999999826e-04,3.299340306225765573e+00
2.145999999999999850e-04,3.302413747453241122e+00
2.146999999999999874e-04,3.300849602028988805e+00
2.147999999999999899e-04,3.301459484156173740e+00
2.148999999999999923e-04,3.300652379519279922e+00
2.149999999999999947e-04,3.299333333214310215e+00
2.150999999999999971e-04,3.300917031630387299e+00
2.151999999999999996e-04,3.301813823089026378e+00
2.153000000000000020e-04,3.300202107065276280e+00
2.153999999999999773e-04,3.302702463906519448e+00
2.154999999999999798e-04,3.301275730804802855e+00
2.155999999999999822e-04,3.300317973824657081e+00
2.156999999999999846e-04,3.300377229796526368e+00
2.157999999999999871e-04,3.300205855693451262e+00
2.158999999999999895e-04,3.298123141821607263e+00
2.159999999999999919e-04,3.299864891706286940e+00
2.160999999999999944e-04,3.300331779728011394e+00
2.161999999999999968e-04,3.299375872318099923e+00
2.162999999999999992e-04,3.300506515528057072e+00
2.164000000000000016e-04,3.300031961235532663e+00
2.164999999999999770e-04,3.301160537836647979e+00
2.165999999999999794e-04,3.300994668571598289e+00
2.166999999999999818e-04,3.300250729931377247e+00
2.167999999999999843e-04,3.297949180663046764e+00
2.168999999999999867e-04,3.302686084108021447e+00
2.169999999999999891e-04,3.299787163502143184e+00
2.170999999999999916e-04,3.299878670319456919e+00
2.171999999999999940e-04,3.299486218726950693e+00
2.172999999999999964e-04,3.299267382515901570e+00
2.173999999999999988e-04,3.302316087072000528e+00
2.175000000000000013e-04,3.302079066480578806e+00
2.175999999999999766e-04,3.300666590105366449e+00
2.176999999999999790e-04,3.299838749768353896e+00
2.177999999999999815e-04,3.300928676977520571e+00
2.178999999999999839e-04,3.300110695472653788e+00
2.179999999999999863e-04,3.299714665622515142e+00
2.180999999999999888e-04,3.300507158882259429e+00
2.181999999999999912e-04,3.299338263379581804e+00
2.182999999999999936e-04,3.300378396396005165e+00
2.183999999999999960e-04,3.300306331388432213e+00
2.184999999999999985e-04,3.300904404031886674e+00
2.186000000000000009e-04,3.299071294563786338e+00
2.187000000000000033e-04,3.301065204529314734e+00
2.187999999999999787e-04,3.298640532760574118e+00
2.188999999999999811e-04,3.299141150022567803e+00
2.189999999999999835e-04,3.299206612411281103e+00
2.190999999999999860e-04,3.298391922341439297e+00
2.191999999999999884e-04,3.301523493425078115e+00
2.192999999999999908e-04,3.298546421285715180e+00
2.193999999999999932e-04,3.298951625493889761e+00
2.194999999999999957e-04,3.301883111565729667e+00
2.195999999999999981e-04,3.299144125947219397e+00
2.197000000000000005e-04,3.299717785972292816e+00
2.198000000000000030e-04,3.298481956498624967e+00
2.198999999999999783e-04,3.301249426811433629e+00
2.199999999999999807e-04,3.301270104366286429e+00
2.200999999999999832e-04,3.301108418856185001e+00
2.201999999999999856e-04,3.300806294742290703e+00
2.202999999999999880e-04,3.300110383666528868e+00
2.203999999999999905e-04,3.299213434999592742e+00
2.204999999999999929e-04,3.298777546040000619e+00
2.205999999999999953e-04,3.301934858290142216e+00
2.206999999999999977e-04,3.301147206407589518e+00
2.208000000000000002e-04,3.298960043659199037e+00
2.209000000000000026e-04,3.300059747652334341e+00
2.209999999999999779e-04,3.299549827360522158e+00
2.210999999999999804e-04,3.298307683941441137e+00
2.211999999999999828e-04,3.300266477064931703e+00
2.212999999999999852e-04,3.299376761003641079e+00
2.213999999999999877e-04,3.298571195000556511e+00
2.214999999999999901e-04,3.297781301168787316e+00
2.215999999999999925e-04,3.297654294749691406e+00
2.216999999999999949e-04,3.299442860808457834e+00
2.217999999999999974e-04,3.299872357544362256e+00
2.218999999999999998e-04,3.298687048784756382e+00
2.220000000000000022e-04,3.300976109141485537e+00
2.220999999999999776e-04,3.299901680187325326e+00
2.221999999999999800e-04,3.300865327965897933e+00
2.222999999999999824e-04,3.299725633814718062e+00
2.223999999999999849e-04,3.298819323547188986e+00
2.224999999999999873e-04,3.300171176356707647e+00
2.225999999999999897e-04,3.298105988231972319e+00
2.226999999999999921e-04,3.300809157780954628e+00
2.227999999999999946e-04,3.298594276190230268e+00
2.228999999999999970e-04,3.301377348789800159e+00
2.229999999999999994e-04,3.299492316380637114e+00
2.231000000000000019e-04,3.301593800274464918e+00
2.231999999999999772e-04,3.298316065217117288e+00
2.232999999999999796e-04,3.298983345448906590e+00
2.233999999999999821e-04,3.300571402420272804e+00
2.234999999999999845e-04,3.301755745640139850e+00
2.235999999999999869e-04,3.302499913362472395e+00
2.236999999999999893e-04,3.300062049245521045e+00
2.237999999999999918e-04,3.302756618446180070e+00
2.238999999999999942e-04,3.299565503175261760e+00
2.239999999999999966e-04,3.301648151433544065e+00
2.240999999999999991e-04,3.298586728504560917e+00
2.242000000000000015e-04,3.300630300760294844e+00
2.242999999999999768e-04,3.296487460438715100e+00
2.243999999999999793e-04,3.298317613482520283e+00
2.244999999999999817e-04,3.300700015197120862e+00
2.245999999999999841e-04,3.298031341721698873e+00
2.246999999999999865e-04,3.300640424416183549e+00
2.247999999999999890e-04,3.301359687181218305e+00
2.248999999999999914e-04,3.299248019710922186e+00
2.249999999999999938e-04,3.298546570566488700e+00
2.250999999999999963e-04,3.299288720076217540e+00
2.251999999999999987e-04,3.298551281521223455e+00
2.253000000000000011e-04,3.299848179662975944e+00
2.253999999999999765e-04,3.300153135937331950e+00
2.254999999999999789e-04,3.299540984815354516e+00
2.255999999999999813e-04,3.302511538860279927e+00
2.256999999999999838e-04,3.298920894270469528e+00
2.257999999999999862e-04,3.302087149768882846e+00
2.258999999999999886e-04,3.298438141145531688e+00
2.259999999999999910e-04,3.300109166354912027e+00
2.260999999999999935e-04,3.301774658112822003e+00
2.261999999999999959e-04,3.301697035728379692e+00
2.262999999999999983e-04,3.299369613153449343e+00
2.264000000000000008e-04,3.300832604580106633e+00
2.265000000000000032e-04,3.300631768625496232e+00
2.265999999999999785e-04,3.299190091232110600e+00
2.266999999999999810e-04,3.300923924905721840e+00
2.267999999999999834e-04,3.302793738258078537e+00
2.268999999999999858e-04,3.300707550997593831e+00
2.269999999999999882e-04,3.300849534568605748e+00
2.270999999999999907e-04,3.301008232467300907e+00
2.271999999999999931e-04,3.297808535088967208e+00
2.272999999999999955e-04,3.300690337009809294e+00
2.273999999999999980e-04,3.298474860637742090e+00
2.275000000000000004e-04,3.299115169588953123e+00
2.276000000000000028e-04,3.303242912671782605e+00
2.276999999999999782e-04,3.299620107585511608e+00
2.277999999999999806e-04,3.298889738843558295e+00
2.278999999999999830e-04,3.301728873868352121e+00
2.279999999999999854e-04,3.298578484495736429e+00
2.280999999999999879e-04,3.299328871283715436e+00
2.281999999999999903e-04,3.301873578251979247e+00
2.282999999999999927e-04,3.300064151347961605e+00
2.283999999999999952e-04,3.297657604432310041e+00
2.284999999999999976e-04,3.300815984421483940e+00
2.286000000000000000e-04,3.299405301176930205e+00
2.287000000000000025e-04,3.302309777229795351e+00
2.287999999999999778e-04,3.299090719578548825e+00
2.288999999999999802e-04,3.301576838960588844e+00
2.289999999999999826e-04,3.302663547048548587e+00
2.290999999999999851e-04,3.298723585164282657e+00
2.291999999999999875e-04,3.299710180468862664e+00
2.292999999999999899e-04,3.300582937911216597e+00
2.293999999999999924e-04,3.298713981371168558e+00
2.294999999999999948e-04,3.300405442420061508e+00
2.295999999999999972e-04,3.299662619568740851e+00
2.296999999999999997e-04,3.299632398642609932e+00
2.298000000000000021e-04,3.300073407589061869e+00
2.298999999999999774e-04,3.300106897073367573e+00
2.299999999999999799e-04,3.300245821153613868e+00
2.300999999999999823e-04,3.299101760481814694e+00
2.301999999999999847e-04,3.299167242413475254e+00
2.302999999999999871e-04,3.299822118616762445e+00
2.303999999999999896e-04,3.299932863538145966e+00
2.304999999999999920e-04,3.299341725990079688e+00
2.305999999999999944e-04,3.300485909463128920e+00
2.306999999999999969e-04,3.297277857376986976e+00
2.307999999999999993e-04,3.298904300611636309e+00
2.309000000000000017e-04,3.299580108260695699e+00
2.309999999999999771e-04,3.298715827219453889e+00
2.310999999999999795e-04,3.302443797022213356e+00
2.311999999999999819e-04,3.300028292770087468e+00
2.312999999999999843e-04,3.300265154517338484e+00
2.313999999999999868e-04,3.299275153938051819e+00
2.314999999999999892e-04,3.299976331619440373e+00
2.315999999999999916e-04,3.298177119803545665e+00
2.316999999999999941e-04,3.299745274445857302e+00
2.317999999999999965e-04,3.298594487357106253e+00
2.318999999999999989e-04,3.299583894622865721e+00
2.320000000000000014e-04,3.296160125150545905e+00
2.320999999999999767e-04,3.298307995187334640e+00
2.321999999999999791e-04,3.302195889606771129e+00
2.322999999999999815e-04,3.301245596623661349e+00
2.323999999999999840e-04,3.301978559003872604e+00
2.324999999999999864e-04,3.302081581904506180e+00
2.325999999999999888e-04,3.301009481136246482e+00
2.326999999999999913e-04,3.299320696971931088e+00
2.327999999999999937e-04,3.298444123580601239e+00
2.328999999999999961e-04,3.301720116908174241e+00
2.329999999999999986e-04,3.300096851961580757e+00
2.331000000000000010e-04,3.303741034224572548e+00
2.331999999999999763e-04,3.299452353035983609e+00
2.332999999999999787e-04,3.302959343782170709e+00
2.333999999999999812e-04,3.299764812313956241e+00
2.334999999999999836e-04,3.302004072895887710e+00
2.335999999999999860e-04,3.302545037605848499e+00
2.336999999999999885e-04,3.298465575107728753e+00
2.337999999999999909e-04,3.299272502882563352e+00
2.338999999999999933e-04,3.298450531161452037e+00
2.339999999999999958e-04,3.298155083267612309e+00
2.340999999999999982e-04,3.301000600275787455e+00
2.342000000000000006e-04,3.299705057444626277e+00
2.342999999999999760e-04,3.300078549484784851e+00
2.343999999999999784e-04,3.300834358702459781e+00
2.344999999999999808e-04,3.297213919749427458e+00
2.345999999999999832e-04,3.301930149005935622e+00
2.346999999999999857e-04,3.299476358754990013e+00
2.347999999999999881e-04,3.300798601959356482e+00
2.348999999999999905e-04,3.300931069258842498e+00
2.349999999999999930e-04,3.302056194841145764e+00
2.350999999999999954e-04,3.299842713918325288e+00
2.351999999999999978e-04,3.296814543811435350e+00
2.353000000000000003e-04,3.300085691420180378e+00
2.354000000000000027e-04,3.300301060287242016e+00
2.354999999999999780e-04,3.298448608711289864e+00
2.355999999999999804e-04,3.300221235981649404e+00
2.356999999999999829e-04,3.299458472347910565e+00
2.357999999999999853e-04,3.297985869076076160e+00
2.358999999999999877e-04,3.301007227342513950e+00
2.359999999999999902e-04,3.299154412273653136e+00
2.360999999999999926e-04,3.299390431177894101e+00
2.361999999999999950e-04,3.299306131729069058e+00
2.362999999999999975e-04,3.301853217896196124e+00
2.363999999999999999e-04,3.299938625757339761e+00
2.365000000000000023e-04,3.300118649730818365e+00
2.365999999999999776e-04,3.299339045768420409e+00
2.366999999999999801e-04,3.300694300233382172e+00
2.367999999999999825e-04,3.302023977072675809e+00
2.368999999999999849e-04,3.300971791226229524e+00
2.369999999999999874e-04,3.301030300442002297e+00
2.370999999999999898e-04,3.300909345308826293e+00
2.371999999999999922e-04,3.297929636035032974e+00
2.372999999999999947e-04,3.298685821752451286e+00
2.373999999999999971e-04,3.299692518909600913e+00
2.374999999999999995e-04,3.298911203936259806e+00
2.376000000000000020e-04,3.298403194462865784e+00
2.376999999999999773e-04,3.297191736388693784e+00
2.377999999999999797e-04,3.297980206180298524e+00
2.378999999999999821e-04,3.299615211663986081e+00
2.379999999999999846e-04,3.299895860449771678e+00
2.380999999999999870e-04,3.298810419335803878e+00
2.381999999999999894e-04,3.300118387819024779e+00
2.382999999999999919e-04,3.299349249538637174e+00
2.383999999999999943e-04,3.301635860381060716e+00
2.384999999999999967e-04,3.299757561353962476e+00
2.385999999999999992e-04,3.301044496322102617e+00
2.387000000000000016e-04,3.300304820643441772e+00
2.387999999999999769e-04,3.297896893441133681e+00
2.388999999999999793e-04,3.299864012736394070e+00
2.389999999999999818e-04,3.298146563851006796e+00
2.390999999999999842e-04,3.299837818742674234e+00
2.391999999999999866e-04,3.298882303774153701e+00
2.392999999999999891e-04,3.300572944550227206e+00
2.393999999999999915e-04,3.297986468493800505e+00
2.394999999999999939e-04,3.300022052737919154e+00
2.395999999999999964e-04,3.300858623373844392e+00
2.396999999999999988e-04,3.301361393353963170e+00
2.398000000000000012e-04,3.298853748363173466e+00
2.398999999999999765e-04,3.300026626458310464e+00
2.399999999999999790e-04,3.300276220459366971e+00
2.400999999999999814e-04,3.302320689419314004e+00
2.401999999999999838e-04,3.297778004908874738e+00
2.402999999999999863e-04,3.298633346182393122e+00
2.403999999999999887e-04,3.304206693739104139e+00
2.404999999999999911e-04,3.299590354074065868e+00
2.405999999999999936e-04,3.297163509285145011e+00
2.406999999999999960e-04,3.299126174784977383e+00
2.407999999999999984e-04,3.295846690167803406e+00
2.409000000000000009e-04,3.300361381068684263e+00
2.409999999999999762e-04,3.301214677140416942e+00
2.410999999999999786e-04,3.298632506435746681e+00
2.411999999999999810e-04,3.299293914116622428e+00
2.412999999999999835e-04,3.301385481233053198e+00
2.413999999999999859e-04,3.297374676802730775e+00
2.414999999999999883e-04,3.298017643181700542e+00
2.415999999999999908e-04,3.299657827227426399e+00
2.416999999999999932e-04,3.298871497743799619e+00
2.417999999999999956e-04,3.299559199653789410e+00
2.418999999999999981e-04,3.298104374520890225e+00
2.420000000000000005e-04,3.300321470228881893e+00
2.420999999999999758e-04,3.299776150372229822e+00
2.421999999999999782e-04,3.300823785741349159e+00
2.422999999999999807e-04,3.300300599250720168e+00
2.423999999999999831e-04,3.300310035108743989e+00
2.424999999999999855e-04,3.297830538968204550e+00
2.425999999999999880e-04,3.300738887327467008e+00
2.426999999999999904e-04,3.299503700397293127e+00
2.427999999999999928e-04,3.299750102538525187e+00
2.428999999999999953e-04,3.301572396564586231e+00
2.429999999999999977e-04,3.298920846665224449e+00
2.431000000000000001e-04,3.302026776492688498e+00
2.432000000000000025e-04,3.302166712949059502e+00
2.432999999999999779e-04,3.301129176656046216e+00
2.433999999999999803e-04,3.298529068783848661e+00
2.434999999999999827e-04,3.296720560131559452e+00
2.435999999999999852e-04,3.301618252371389950e+00
2.436999999999999876e-04,3.300167077591996456e+00
2.437999999999999900e-04,3.298882203793767509e+00
2.438999999999999925e-04,3.301760343515633078e+00
2.439999999999999949e-04,3.298707661678683234e+00
2.440999999999999973e-04,3.299363767112653445e+00
2.441999999999999726e-04,3.300787335546475187e+00
2.442999999999999751e-04,3.298329595752577337e+00
2.443999999999999775e-04,3.299835778635589190e+00
2.444999999999999799e-04,3.301633705775870009e+00
2.445999999999999824e-04,3.300316666115431730e+00
2.446999999999999848e-04,3.301871139505235142e+00
2.447999999999999872e-04,3.301700403537008999e+00
2.448999999999999897e-04,3.300011607501632138e+00
2.449999999999999921e-04,3.296494887935463858e+00
2.450999999999999945e-04,3.298341341557176953e+00
2.451999999999999970e-04,3.301145001168576343e+00
2.452999999999999994e-04,3.297674622869571692e+00
2.454000000000000018e-04,3.299509961117119250e+00
2.455000000000000042e-04,3.300507720920533572e+00
2.456000000000000067e-04,3.302204356043642264e+00
2.457000000000000091e-04,3.299137470455318244e+00
2.458000000000000115e-04,3.299034768436375220e+00
2.459000000000000140e-04,3.299921331350256448e+00
2.459999999999999622e-04,3.300526369454714892e+00
2.460999999999999646e-04,3.299768629758905725e+00
2.461999999999999670e-04,3.301573902523328385e+00
2.462999999999999695e-04,3.298801284250457044e+00
2.463999999999999719e-04,3.300180241400068493e+00
2.464999999999999743e-04,3.300667819065370434e+00
2.465999999999999768e-04,3.299399650785141080e+00
2.466999999999999792e-04,3.301259564904839738e+00
2.467999999999999816e-04,3.300223437811863558e+00
2.468999999999999841e-04,3.301183268569728213e+00
2.469999999999999865e-04,3.300291156162073136e+00
2.470999999999999889e-04,3.300564606857230743e+00
2.471999999999999914e-04,3.299051412364725877e+00
2.472999999999999938e-04,3.299053842442213114e+00
2.473999999999999962e-04,3.301836594719893103e+00
2.474999999999999986e-04,3.300953265666780378e+00
2.476000000000000011e-04,3.298465552250666288e+00
2.477000000000000035e-04,3.300271295136981919e+00
2.478000000000000059e-04,3.296439335919696845e+00
2.479000000000000084e-04,3.299139089754450804e+00
2.480000000000000108e-04,3.301441541514929856e+00
2.481000000000000132e-04,3.299812281616933074e+00
2.482000000000000157e-04,3.300176869004499025e+00
2.482999999999999639e-04,3.295475428130219431e+00
2.483999999999999663e-04,3.299411619572795384e+00
2.484999999999999687e-04,3.300507408335740855e+00
2.485999999999999712e-04,3.300697934813097145e+00
2.486999999999999736e-04,3.301443533567001154e+00
2.487999999999999760e-04,3.299684613372339648e+00
2.488999999999999785e-04,3.299751516281063779e+00
2.489999999999999809e-04,3.298001823855885029e+00
2.490999999999999833e-04,3.299693217691240132e+00
2.491999999999999858e-04,3.298107637406403114e+00
2.492999999999999882e-04,3.297228194820291503e+00
2.493999999999999906e-04,3.298372230944834005e+00
2.494999999999999931e-04,3.302263027361705738e+00
2.495999999999999955e-04,3.299594158197729943e+00
2.496999999999999979e-04,3.300329816044534681e+00
2.498000000000000003e-04,3.299229755623202642e+00
2.499000000000000028e-04,3.297314173470821785e+00
